[{"name":"Alaska Middle College School","city":"Eagle River","type":"public"},{"name":"Amazing Grace Academy","city":"Palmer","type":"private"},{"name":"Aniak Jr/Sr High School","city":"Aniak","type":"public"},{"name":"Barrow High School","city":"Utqiagvik","type":"public"},{"name":"Bartlett High School","city":"Anchorage","type":"public"},{"name":"Ben Eielson Jr/Sr High School","city":"Eielson AFB","type":"public"},{"name":"Bethel Regional High School","city":"Bethel","type":"public"},{"name":"Bettye Davis East Anchorage High School","city":"Anchorage","type":"public"},{"name":"Birchwood Christian School","city":"Chugiak","type":"private"},{"name":"Bristol Bay Middle/High School","city":"Naknek","type":"public"},{"name":"Chugiak High School","city":"Chugiak","type":"public"},{"name":"Colony High School","city":"Palmer","type":"public"},{"name":"Cook Inlet Academy","city":"Soldotna","type":"private"},{"name":"Cordova Jr/Sr High School","city":"Cordova","type":"public"},{"name":"Craig High School","city":"Craig","type":"public"},{"name":"Delta Junction Senior High School","city":"Delta Junction","type":"public"},{"name":"Dillingham Middle/High School","city":"Dillingham","type":"public"},{"name":"Dimond High School","city":"Anchorage","type":"public"},{"name":"Eagle River Christian School","city":"Eagle River","type":"private"},{"name":"Eagle River High School","city":"Eagle River","type":"public"},{"name":"Effie Kokrine Charter School","city":"Fairbanks","type":"public"},{"name":"Galena Interior Learning Academy (GILA)","city":"Galena","type":"public"},{"name":"George Morgan Sr. H.S.","city":"Kalskag","type":"public"},{"name":"Glennallen Jr/Sr High School","city":"Glennallen","type":"public"},{"name":"Grace Christian School Elementary","city":"Anchorage","type":"private"},{"name":"Grace Christian School Secondary","city":"Anchorage","type":"private"},{"name":"Haines High School","city":"Haines","type":"public"},{"name":"Highland Academy Charter","city":"Anchorage","type":"public"},{"name":"Holy Rosary Academy","city":"Anchorage","type":"private"},{"name":"Homer High School","city":"Homer","type":"public"},{"name":"Houston High School","city":"Big Lake","type":"public"},{"name":"Immaculate Conception School","city":"Fairbanks","type":"private"},{"name":"Joe Redington Senior Jr/Sr High School","city":"Wasilla","type":"public"},{"name":"Juneau-Douglas High School: Yadaa.at KalT","city":"Juneau","type":"public"},{"name":"Kenai Central High School","city":"Kenai","type":"public"},{"name":"Ketchikan High School","city":"Ketchikan","type":"public"},{"name":"Kodiak High School","city":"Kodiak","type":"public"},{"name":"Kotzebue Middle/High School","city":"Kotzebue","type":"public"},{"name":"Lathrop High School","city":"Fairbanks","type":"public"},{"name":"Lumen Christi High School","city":"Anchorage","type":"private"},{"name":"Mat-Su Middle College School","city":"Palmer","type":"public"},{"name":"Metlakatla High School","city":"Metlakatla","type":"public"},{"name":"Monroe Jr, Sr High Schools of Fairbanks","city":"Fairbanks","type":"private"},{"name":"Mt. Edgecumbe High School","city":"Sitka","type":"public"},{"name":"Nikiski Middle/Senior High School","city":"Nikiski","type":"public"},{"name":"Nome-Beltz Middle/High","city":"Nome","type":"public"},{"name":"North Pole High School","city":"North Pole","type":"public"},{"name":"Palmer High School","city":"Palmer","type":"public"},{"name":"Petersburg High School","city":"Petersburg","type":"public"},{"name":"River City Academy","city":"Soldotna","type":"public"},{"name":"Service High School","city":"Anchorage","type":"public"},{"name":"Seward High School","city":"Seward","type":"public"},{"name":"Sidney C. Huntington Jr/Sr High School","city":"Galena","type":"public"},{"name":"Sitka High School","city":"Sitka","type":"public"},{"name":"Soldotna High School","city":"Soldotna","type":"public"},{"name":"South Anchorage High School","city":"Anchorage","type":"public"},{"name":"Steller Secondary School","city":"Anchorage","type":"public"},{"name":"Susitna Valley High","city":"Talkeetna","type":"public"},{"name":"Thunder Mountain High School","city":"Juneau","type":"public"},{"name":"Unalaska Jr/Sr High School","city":"Unalaska","type":"public"},{"name":"Valdez High School","city":"Valdez","type":"public"},{"name":"Wasilla High School","city":"Wasilla","type":"public"},{"name":"West High School","city":"Anchorage","type":"public"},{"name":"West Valley High School","city":"Fairbanks","type":"public"},{"name":"Whitestone Farms Training Center / Whitestone Hs","city":"Delta Junction","type":"private"},{"name":"Wrangell High School","city":"Wrangell","type":"public"},{"name":"Ya Ne Dah Ah School","city":"Chickaloon","type":"private"}]