[{"name":"Abraham Lincoln High","city":"San Jose"},{"name":"Abraham Lincoln Senior High","city":"Los Angeles"},{"name":"Academia Avance Charter","city":"Highland Park"},{"name":"Academies of Education and Empowerment at Carson High","city":"Carson"},{"name":"Academies of the Antelope Valley","city":"Quartz Hill"},{"name":"Academy of Careers and Exploration","city":"Helendale"},{"name":"Academy of Media Arts","city":"Los Angeles"},{"name":"Academy of Medical Arts at Carson High","city":"Carson"},{"name":"Academy of the Canyons","city":"Santa Clarita"},{"name":"Acalanes High","city":"Lafayette"},{"name":"Accelerated Charter High","city":"Tulare"},{"name":"ACE Charter High","city":"San Jose"},{"name":"Achieve Charter High","city":"Chico"},{"name":"Adelanto High","city":"Adelanto"},{"name":"Adolfo Camarillo High","city":"Camarillo"},{"name":"Adrian Wilcox High","city":"Santa Clara"},{"name":"AeroSTEM Academy","city":"Yuba City"},{"name":"Agoura High","city":"Agoura"},{"name":"AIMS College Prep High","city":"Oakland"},{"name":"Alain Leroy Locke College Preparatory Academy","city":"Los Angeles"},{"name":"Alameda Community Learning Center","city":"Alameda"},{"name":"Alameda High","city":"Alameda"},{"name":"Albany High","city":"Albany"},{"name":"Alexander Hamilton Senior High","city":"Los Angeles"},{"name":"Alhambra High","city":"Alhambra"},{"name":"Alhambra Senior High","city":"Martinez"},{"name":"Alisal High","city":"Salinas"},{"name":"Aliso Niguel High","city":"Aliso Viejo"},{"name":"All Tribes Charter","city":"Valley Center"},{"name":"Alliance Cindy and Bill Simon Technology Academy High","city":"Los Angeles"},{"name":"Alliance Collins Family College-Ready High","city":"Huntington Park"},{"name":"Alliance Dr. Olga Mohan High","city":"Los Angeles"},{"name":"Alliance Gertz-Ressler Richard Merkin 6-12 Complex","city":"Los Angeles"},{"name":"Alliance Judy Ivie Burton Technology Academy High","city":"Los Angeles"},{"name":"Alliance Leichtman-Levine Family Foundation Env Sci High","city":"Los Angeles"},{"name":"Alliance Marc & Eva Stern Math and Science","city":"Los Angeles"},{"name":"Alliance Margaret M. Bloomfield Technology Academy High","city":"Huntington Park"},{"name":"Alliance Marine - Innovation and Technology 6-12 Complex","city":"Sun Valley"},{"name":"Alliance Morgan McKinzie High","city":"Los Angeles"},{"name":"Alliance Ouchi-O'Donovan 6-12 Complex","city":"Los Angeles"},{"name":"Alliance Patti And Peter Neuwirth Leadership Academy","city":"Los Angeles"},{"name":"Alliance Piera Barbaglia Shaheen Health Services Academy","city":"Los Angeles"},{"name":"Alliance Renee and Meyer Luskin Academy High","city":"Los Angeles"},{"name":"Alliance Susan and Eric Smidt Technology High","city":"Los Angeles"},{"name":"Alliance Ted K. Tajima High","city":"Los Angeles"},{"name":"Alliance Tennenbaum Family Technology High","city":"Los Angeles"},{"name":"Alpaugh -Senior High","city":"Alpaugh"},{"name":"Alpha Cindy Avitia High","city":"San Jose"},{"name":"Alta Loma High","city":"Alta Loma"},{"name":"Alta Vista Innovation High","city":"Hesperia"},{"name":"Alternatives in Action","city":"Oakland"},{"name":"Amador High","city":"Sutter Creek"},{"name":"Amador Valley High","city":"Pleasanton"},{"name":"Ambassador-Global Leadership","city":"Los Angeles"},{"name":"American Canyon High","city":"American Canyon"},{"name":"American High","city":"Fremont"},{"name":"Anaheim High","city":"Anaheim"},{"name":"Analy High","city":"Sebastopol"},{"name":"Anderson High","city":"Anderson"},{"name":"Anderson New Technology High","city":"Anderson"},{"name":"Anderson Valley Junior-Senior High","city":"Boonville"},{"name":"Anderson W. Clark Magnet High","city":"La Crescenta"},{"name":"Andrew P. Hill High","city":"San Jose"},{"name":"Angelo Rodriguez High","city":"Fairfield"},{"name":"Animo City of Champions Charter High","city":"Inglewood"},{"name":"Animo Compton Charter","city":"Los Angeles"},{"name":"Animo Inglewood Charter High","city":"Inglewood"},{"name":"Animo Jackie Robinson High","city":"Los Angeles"},{"name":"Animo Leadership High","city":"Inglewood"},{"name":"Animo Pat Brown","city":"Los Angeles"},{"name":"Animo Ralph Bunche Charter High","city":"Los Angeles"},{"name":"Animo South Los Angeles Charter","city":"Los Angeles"},{"name":"Animo Venice Charter High","city":"Venice"},{"name":"Animo Watts College Preparatory Academy","city":"Los Angeles"},{"name":"Ann Sobrato High","city":"Morgan Hill"},{"name":"Antelope High","city":"Antelope"},{"name":"Antelope Valley High","city":"Lancaster"},{"name":"Antioch High","city":"Antioch"},{"name":"Anzar High","city":"San Juan Buatista"},{"name":"APEX Academy","city":"Los Angeles"},{"name":"Apple Valley High","city":"Apple Valley"},{"name":"Applied Technology Center","city":"Montebello"},{"name":"Aptos High","city":"Aptos"},{"name":"Aragon High","city":"San Mateo"},{"name":"Arcadia High","city":"Arcadia"},{"name":"Arcata High","city":"Arcata"},{"name":"Archie Williams High","city":"San Anselmo"},{"name":"Architecture Construction & Engineering Charter High (ACE)","city":"Camarillo"},{"name":"Argonaut High","city":"Jackson"},{"name":"ARISE High","city":"Oakland"},{"name":"Arleta High","city":"Arleta"},{"name":"Arlington High","city":"Riverside"},{"name":"Armijo High","city":"Fairfield"},{"name":"Arnold O. Beckman High","city":"Irvine"},{"name":"Arroyo Grande High","city":"Arroyo Grande"},{"name":"Arroyo High","city":"El Monte"},{"name":"Arroyo High","city":"San Lorenzo"},{"name":"Arroyo Valley High","city":"San Bernardino"},{"name":"Artesia High","city":"Lakewood"},{"name":"Arthur A. Benjamin Health Professions High","city":"Sacramento"},{"name":"Arvin High","city":"Arvin"},{"name":"Aspen Ridge Public","city":"Fresno"},{"name":"Aspire Alexander Twilight Secondary Academy","city":"Sacramento"},{"name":"Aspire Benjamin Holt College Preparatory Academy","city":"Stockton"},{"name":"Aspire Golden State College Preparatory Academy","city":"Oakland"},{"name":"Aspire Langston Hughes Academy","city":"Stockton"},{"name":"Aspire Lionel Wilson College Preparatory Academy","city":"Oakland"},{"name":"Aspire Ollin University Preparatory Academy","city":"Huntington Park"},{"name":"Aspire Pacific Academy","city":"Huntington Park"},{"name":"Aspire Richmond Ca. College Preparatory Academy","city":"Richmond"},{"name":"Aspire Stockton 6-12 Secondary Academy","city":"Stockton"},{"name":"Aspire Vanguard College Preparatory Academy","city":"Modesto"},{"name":"Assurance Learning Academy","city":"Lancaster"},{"name":"Atascadero High","city":"Atascadero"},{"name":"Atwater High","city":"Atwater"},{"name":"Audeo Charter School III","city":"Escondido"},{"name":"Audeo Valley Charter","city":"Moreno Valley"},{"name":"Augustus Hawkins High","city":"Los Angeles"},{"name":"Avenal High","city":"Avenal"},{"name":"Aveson Global Leadership Academy","city":"Altadena"},{"name":"Azusa High","city":"Azusa"},{"name":"B. Roberto Cruz Leadership Academy","city":"San Jose"},{"name":"Baker High","city":"Baker"},{"name":"Bakersfield High","city":"Bakersfield"},{"name":"Balboa High","city":"San Francisco"},{"name":"Baldwin Park High","city":"Baldwin Park"},{"name":"Banning High","city":"Banning"},{"name":"Barstow High","city":"Barstow"},{"name":"Bassett Senior High","city":"La Puente"},{"name":"Bay Area Technology","city":"Oakland"},{"name":"Bear Creek High","city":"Stockton"},{"name":"Bear River High","city":"Grass Valley"},{"name":"Beaumont Senior High","city":"Beaumont"},{"name":"Bell Gardens High","city":"Bell Gardens"},{"name":"Bell Senior High","city":"Bell"},{"name":"Bella Vista High","city":"Fair Oaks"},{"name":"Bellflower High","city":"Bellflower"},{"name":"Belmont Senior High","city":"Los Angeles"},{"name":"Benicia High","city":"Benicia"},{"name":"Benjamin Franklin Senior High","city":"Los Angeles"},{"name":"Berkeley High","city":"Berkeley"},{"name":"Bert Corona Charter High","city":"Pacoima"},{"name":"Beverly Hills High","city":"Beverly Hills"},{"name":"Big Bear High","city":"Big Bear City"},{"name":"Big Pine High","city":"Big Pine"},{"name":"Big Valley Jr. Sr. High","city":"Bieber"},{"name":"Biggs High","city":"Biggs"},{"name":"Birmingham Community Charter High","city":"Lake Balboa"},{"name":"Bishop Union High","city":"Bishop"},{"name":"Bitney Prep High","city":"Grass Valley"},{"name":"Blair High","city":"Pasadena"},{"name":"Bloomington High","city":"Bloomington"},{"name":"Bolsa Grande High","city":"Garden Grove"},{"name":"Bonita High","city":"La Verne"},{"name":"Bonita Vista Senior High","city":"Chula Vista"},{"name":"Bonsall High","city":"Bonsall"},{"name":"Boron Junior-Senior High","city":"Boron"},{"name":"Borrego Springs High","city":"Borrego Springs"},{"name":"Boys Academic Leadership Academy","city":"Los Angeles"},{"name":"Branham High","city":"San Jose"},{"name":"Brawley Union High","city":"Brawley"},{"name":"Brea Olinda High","city":"Brea"},{"name":"Bret Harte Union High","city":"Angels Camp"},{"name":"Buchanan High","city":"Clovis"},{"name":"Buckingham Collegiate Charter Academy","city":"Vacaville"},{"name":"Buena High","city":"Ventura"},{"name":"Buena Park High","city":"Buena Park"},{"name":"Buhach Colony High","city":"Atwater"},{"name":"Bullard High","city":"Fresno"},{"name":"Burbank High","city":"Burbank"},{"name":"Burlingame High","city":"Burlingame"},{"name":"Burney Junior-Senior High","city":"Burney"},{"name":"Burroughs High","city":"Burbank"},{"name":"Burroughs High","city":"Ridgecrest"},{"name":"Burton (Phillip and Sala) Academic High","city":"San Francisco"},{"name":"Butte Valley High","city":"Dorris"},{"name":"C. K. McClatchy High","city":"Sacramento"},{"name":"Cabrillo High","city":"Lompoc"},{"name":"Cabrillo High","city":"Long Beach"},{"name":"Cajon High","city":"San Bernardino"},{"name":"Calabasas High","city":"Calabasas"},{"name":"Calaveras High","city":"San Andreas"},{"name":"Calexico High","city":"Calexico"},{"name":"California Academy of Mathematics and Science","city":"Carson"},{"name":"California City High","city":"California City"},{"name":"California High","city":"San Ramon"},{"name":"California High","city":"Whittier"},{"name":"California Military Institute","city":"Perris"},{"name":"California School of the Arts - San Gabriel Valley","city":"Duarte"},{"name":"Calipatria High","city":"Calipatria"},{"name":"Calistoga Junior/Senior High","city":"Calistoga"},{"name":"Camino Nuevo High #2","city":"Los Angeles"},{"name":"Campolindo High","city":"Moraga"},{"name":"Canoga Park Senior High","city":"Canoga Park"},{"name":"Canyon Crest Academy","city":"San Diego"},{"name":"Canyon High","city":"Anaheim"},{"name":"Canyon High","city":"Canyon Country"},{"name":"Canyon Hills High","city":"San Diego"},{"name":"Canyon Springs High","city":"Moreno Valley"},{"name":"Capistrano Valley High","city":"Mission Viejo"},{"name":"Capuchino High","city":"San Bruno"},{"name":"Career Technical Education Charter","city":"Fresno"},{"name":"Carlmont High","city":"Belmont"},{"name":"Carlsbad High","city":"Carlsbad"},{"name":"Carmel High","city":"Carmel"},{"name":"Carpinteria Senior High","city":"Carpinteria"},{"name":"Carson Senior High","city":"Carson"},{"name":"Carter G. Woodson Public Charter","city":"Fresno"},{"name":"Caruthers High","city":"Caruthers"},{"name":"Casa Grande High","city":"Petaluma"},{"name":"Casa Roble Fundamental High","city":"Orangevale"},{"name":"Castaic High","city":"Castaic"},{"name":"Casterlin High","city":"Blocksburg"},{"name":"Castle Park Senior High","city":"Chula Vista"},{"name":"Castlemont High","city":"Oakland"},{"name":"Castro Valley High","city":"Castro Valley"},{"name":"CATCH Prep Charter High Inc.","city":"Los Angeles"},{"name":"Cathedral City High","city":"Cathedral City"},{"name":"Ceiba College Preparatory Academy","city":"Watsonville"},{"name":"Centennial High","city":"Compton"},{"name":"Centennial High","city":"Corona"},{"name":"Centennial High","city":"Bakersfield"},{"name":"Center High","city":"Antelope"},{"name":"Central City Value","city":"Los Angeles"},{"name":"Central Coast New Tech High","city":"Nipomo"},{"name":"Central East High","city":"Fresno"},{"name":"Central High","city":"Fresno"},{"name":"Central Union High","city":"El Centro"},{"name":"Central Valley High","city":"Ceres"},{"name":"Central Valley High","city":"Shasta Lake"},{"name":"Century High","city":"Santa Ana"},{"name":"Ceres High","city":"Ceres"},{"name":"Cerritos High","city":"Cerritos"},{"name":"Cesar Chavez High","city":"Stockton"},{"name":"Cesar E. Chavez High","city":"Delano"},{"name":"Cesar E. Chavez Lrng Acads-Acad of Scientific Explr (ASE)","city":"San Fernando"},{"name":"Cesar E. Chavez Lrng Acads-Soc Just Humanitas Acad","city":"San Fernando"},{"name":"Cesar E. Chavez Lrng Acads-Tech Prep Acad","city":"San Fernando"},{"name":"Chaffey High","city":"Ontario"},{"name":"CHAMPS - Charter HS of Arts-Multimedia & Performing","city":"Van Nuys"},{"name":"Channel Islands High","city":"Oxnard"},{"name":"Chaparral High","city":"Temecula"},{"name":"Charter Oak High","city":"Covina"},{"name":"Charter School of San Diego","city":"San Diego"},{"name":"Chatsworth Charter High","city":"Chatsworth"},{"name":"Chester Junior/Senior High","city":"Chester"},{"name":"Chico High","city":"Chico"},{"name":"Chino High","city":"Chino"},{"name":"Chino Hills High","city":"Chino Hills"},{"name":"Chowchilla Union High","city":"Chowchilla"},{"name":"Christopher High","city":"Gilroy"},{"name":"Chula Vista Senior High","city":"Chula Vista"},{"name":"Citrus Hill High","city":"Perris"},{"name":"Citrus Valley High","city":"Redlands"},{"name":"City Arts & Leadership Academy","city":"San Francisco"},{"name":"City Heights Preparatory Charter","city":"San Diego"},{"name":"City Honors International Preparatory High","city":"Inglewood"},{"name":"Clairemont High","city":"San Diego"},{"name":"Claremont High","city":"Claremont"},{"name":"Classical Academy High","city":"Escondido"},{"name":"Clayton Valley Charter High","city":"Concord"},{"name":"Clear Lake High","city":"Lakeport"},{"name":"Clear Passage Educational Center","city":"Long Beach"},{"name":"Cloverdale High","city":"Cloverdale"},{"name":"Clovis East High","city":"Clovis"},{"name":"Clovis High","city":"Clovis"},{"name":"Clovis North High","city":"Fresno"},{"name":"Clovis West High","city":"Fresno"},{"name":"Coachella Valley High","city":"Thermal"},{"name":"Coalinga High","city":"Coalinga"},{"name":"Coast Union High","city":"Cambria"},{"name":"Cobalt Institute of Math and Science Academy","city":"Victorville"},{"name":"Cold Springs High","city":"Long Barn"},{"name":"Coleville High","city":"Coleville"},{"name":"Colfax High","city":"Colfax"},{"name":"Coliseum College Prep Academy","city":"Oakland"},{"name":"College and Career Preparatory Academy","city":"Santa Ana"},{"name":"College Bridge Academy","city":"Long Beach"},{"name":"College Park High","city":"Pleasant Hill"},{"name":"Collegiate Charter High School of Los Angeles","city":"Los Angeles"},{"name":"Colony High","city":"Ontario"},{"name":"Colton High","city":"Colton"},{"name":"Colusa High","city":"Colusa"},{"name":"Come Back Butte Charter","city":"Oroville"},{"name":"Come Back Charter","city":"Merced"},{"name":"Communication and Tech at Diego Rivera Lrng Complex","city":"Los Angeles"},{"name":"Compton Early College High","city":"Compton"},{"name":"Compton High","city":"Compton"},{"name":"Concord High","city":"Concord"},{"name":"Connections Visual and Performing Arts Academy","city":"Tuolumne"},{"name":"Contra Costa School of Performing Arts","city":"Walnut Creek"},{"name":"Contreras Learning Center-Academic Leadership Community","city":"Los Angeles"},{"name":"Contreras Learning Center-School of Social Justice","city":"Los Angeles"},{"name":"Contreras Lrng Center-Los Angeles Sch of Global Studies","city":"Los Angeles"},{"name":"Corcoran High","city":"Corcoran"},{"name":"Cordova High","city":"Rancho Cordova"},{"name":"Corning High","city":"Corning"},{"name":"Corning Independent Study","city":"Corning"},{"name":"Corona del Mar High","city":"Newport Beach"},{"name":"Corona High","city":"Corona"},{"name":"Coronado High","city":"Coronado"},{"name":"Costa Mesa High","city":"Costa Mesa"},{"name":"Cosumnes Oaks High","city":"Elk Grove"},{"name":"Coulterville High","city":"Coulterville"},{"name":"Covina High","city":"Covina"},{"name":"Crawford High","city":"San Diego"},{"name":"Credo High","city":"Rohnert Park"},{"name":"Crescenta Valley High","city":"La Crescenta"},{"name":"Culver City High","city":"Culver City"},{"name":"Cupertino High","city":"Cupertino"},{"name":"Cuyama Valley High","city":"New Cuyama"},{"name":"Cypress High","city":"Cypress"},{"name":"Da Vinci Charter Academy","city":"Davis"},{"name":"Da Vinci Communications","city":"El Segundo"},{"name":"Da Vinci Design","city":"El Segundo"},{"name":"Da Vinci RISE High","city":"El Segundo"},{"name":"Da Vinci Science","city":"El Segundo"},{"name":"Dana Hills High","city":"Dana Point"},{"name":"Davis Senior High","city":"Davis"},{"name":"De Anza High","city":"Richmond"},{"name":"Death Valley High Academy","city":"Shoshone"},{"name":"Deer Valley High","city":"Antioch"},{"name":"Del Campo High","city":"Fair Oaks"},{"name":"Del Lago Academy - Campus of Applied Science","city":"Escondido"},{"name":"Del Mar High","city":"San Jose"},{"name":"Del Norte High","city":"Crescent City"},{"name":"Del Norte High","city":"San Diego"},{"name":"Del Oro High","city":"Loomis"},{"name":"Delano High","city":"Delano"},{"name":"Delhi High","city":"Delhi"},{"name":"Delta Charter","city":"Aptos"},{"name":"Delta High","city":"Clarksburg"},{"name":"Denair High","city":"Denair"},{"name":"Desert Hot Springs High","city":"Desert Hot Springs"},{"name":"Desert Junior-Senior High","city":"Edwards"},{"name":"Desert Mirage High","city":"Thermal"},{"name":"Desert Sands Charter","city":"Lancaster"},{"name":"Design Tech High","city":"Redwood City"},{"name":"Diamond Bar High","city":"Diamond Bar"},{"name":"Diamond Ranch High","city":"Pomona"},{"name":"Diamond Technology Institute","city":"Watsonville"},{"name":"Diego Rivera Learning Complex Green Design STEAM Academy","city":"Los Angeles"},{"name":"Dinuba High","city":"Dinuba"},{"name":"Discovery Charter Preparatory #2","city":"Sylmar"},{"name":"Dixon High","city":"Dixon"},{"name":"Dominguez High","city":"Compton"},{"name":"Don Antonio Lugo High","city":"Chino"},{"name":"Don Pedro High","city":"La Grange"},{"name":"Dos Palos High","city":"Dos Palos"},{"name":"Dos Pueblos Senior High","city":"Goleta"},{"name":"Dougherty Valley High","city":"San Ramon"},{"name":"Downey High","city":"Downey"},{"name":"Downieville Junior-Senior High","city":"Downieville"},{"name":"Downtown College Prep - Alum Rock","city":"San Jose"},{"name":"Downtown College Preparatory","city":"San Jose"},{"name":"Dr. Maya Angelou Community High","city":"Los Angeles"},{"name":"Dr. Richard A. Vladovic Harbor Teacher Preparation Academy","city":"Wilmington"},{"name":"Dr. TJ Owens Gilroy Early College Academy","city":"Gilroy"},{"name":"Duarte High","city":"Duarte"},{"name":"Dublin High","city":"Dublin"},{"name":"Dunsmuir High","city":"Dunsmuir"},{"name":"Durham High","city":"Durham"},{"name":"E. Los Angeles Renaiss Acad at Esteban E. Torres High #2","city":"Los Angeles"},{"name":"e3 Civic High","city":"San Diego"},{"name":"Eagle Rock High","city":"Los Angeles"},{"name":"Early College Academy-LA Trade Tech College","city":"Los Angeles"},{"name":"East Bakersfield High","city":"Bakersfield"},{"name":"East Bay Innovation Academy","city":"Oakland"},{"name":"East Nicolaus High","city":"Nicolaus"},{"name":"East Palo Alto Academy","city":"East Palo Alto"},{"name":"East Union High","city":"Manteca"},{"name":"East Valley Senior High","city":"North Hollywood"},{"name":"Eastlake High","city":"Chula Vista"},{"name":"Eastside High","city":"Lancaster"},{"name":"Edgewood High","city":"West Covina"},{"name":"Edison High","city":"Fresno"},{"name":"Edison High","city":"Huntington Beach"},{"name":"Edison High","city":"Stockton"},{"name":"Ednovate - Brio College Prep","city":"Los Angeles"},{"name":"Ednovate - East College Prep","city":"Los Angeles"},{"name":"Ednovate - Esperanza College Prep","city":"East Los Angeles"},{"name":"Ednovate - Legacy College Prep.","city":"Santa Ana"},{"name":"Ednovate - South LA College Prep","city":"Los Angeles"},{"name":"Ednovate - USC Hybrid High College Prep","city":"Los Angeles"},{"name":"Edward R. Roybal Learning Center","city":"Los Angeles"},{"name":"Eisenhower High","city":"Rialto"},{"name":"El Cajon Valley High","city":"El Cajon"},{"name":"El Camino Fundamental High","city":"Sacramento"},{"name":"El Camino High","city":"Oceanside"},{"name":"El Camino High","city":"South San Francisco"},{"name":"El Camino Real Charter High","city":"Woodland Hills"},{"name":"El Capitan High","city":"Lakeside"},{"name":"El Capitan High","city":"Merced"},{"name":"El Cerrito High","city":"El Cerrito"},{"name":"El Diamante High","city":"Visalia"},{"name":"El Dorado High","city":"Placerville"},{"name":"El Dorado High","city":"Placentia"},{"name":"El Modena High","city":"Orange"},{"name":"El Monte High","city":"El Monte"},{"name":"El Rancho High","city":"Pico Rivera"},{"name":"El Segundo High","city":"El Segundo"},{"name":"El Toro High","city":"Lake Forest"},{"name":"Eleanor Roosevelt High","city":"Eastvale"},{"name":"Elk Creek High","city":"Elk Creek"},{"name":"Elk Grove Charter","city":"Elk Grove"},{"name":"Elk Grove High","city":"Elk Grove"},{"name":"Elsie Allen High","city":"Santa Rosa"},{"name":"Elsinore High","city":"Wildomar"},{"name":"Emery Secondary","city":"Emeryville"},{"name":"Empower Generations","city":"Lancaster"},{"name":"Encina Preparatory High","city":"Sacramento"},{"name":"Encinal Junior/Senior High","city":"Alameda"},{"name":"Encore Jr./Sr. High Sch for the Perf and Visual Arts","city":"Hesperia"},{"name":"Engr and Tech Acad at Esteban E. Torres High #3","city":"Los Angeles"},{"name":"Enterprise High","city":"Redding"},{"name":"Entrepreneur High","city":"Highland"},{"name":"Entrepreneur High Fontana","city":"Fontana"},{"name":"Environmental Charter High - Gardena","city":"Gardena"},{"name":"Environmental Charter High - Lawndale","city":"Lawndale"},{"name":"EPIC de Cesar Chavez","city":"Tehachapi"},{"name":"Erma Duncan Polytechnical High","city":"Fresno"},{"name":"Ernest Kimme Charter Academy","city":"Vacaville"},{"name":"Ernest Righetti High","city":"Santa Maria"},{"name":"Ernest S. McBride Sr. High","city":"Long Beach"},{"name":"Escalon High","city":"Escalon"},{"name":"Escondido Charter High","city":"Escondido"},{"name":"Escondido High","city":"Escondido"},{"name":"Escuela Popular/Center for Training and Careers Family Lrng","city":"San Jose"},{"name":"Esparto High","city":"Esparto"},{"name":"Esperanza High","city":"Anaheim"},{"name":"Estancia High","city":"Costa Mesa"},{"name":"Etiwanda High","city":"Etiwanda"},{"name":"Etna Union High","city":"Etna"},{"name":"Eunice Sato Academy of Math & Science","city":"Long Beach"},{"name":"Eureka Senior High","city":"Eureka"},{"name":"Everest Public High","city":"Redwood City"},{"name":"Everett Alvarez High","city":"Salinas"},{"name":"Evergreen Valley High","city":"San Jose"},{"name":"Excelsior Charter","city":"Victorville"},{"name":"Excelsior Charter School Corona-Norco","city":"Corona"},{"name":"Exeter Union High","city":"Exeter"},{"name":"Fairfax Senior High","city":"Los Angeles"},{"name":"Fairfield High","city":"Fairfield"},{"name":"Fall River Junior-Senior High","city":"McArthur"},{"name":"Fallbrook High","city":"Fallbrook"},{"name":"Family First Charter","city":"Hawthorne"},{"name":"Farmersville High","city":"Farmersville"},{"name":"Felicitas and Gonzalo Mendez High","city":"Los Angeles"},{"name":"Ferndale High","city":"Ferndale"},{"name":"Fillmore Senior High","city":"Fillmore"},{"name":"Firebaugh High","city":"Firebaugh"},{"name":"Five Keys Charter (SF Sheriff's)","city":"San Bruno"},{"name":"Five Keys Independence HS (SF Sheriff's)","city":"San Francisco"},{"name":"Florin High","city":"Sacramento"},{"name":"Folsom High","city":"Folsom"},{"name":"Fontana A. B. Miller High","city":"Fontana"},{"name":"Fontana High","city":"Fontana"},{"name":"Foothill High","city":"Pleasanton"},{"name":"Foothill High","city":"Sacramento"},{"name":"Foothill High","city":"Bakersfield"},{"name":"Foothill High","city":"Palo Cedro"},{"name":"Foothill High","city":"Santa Ana"},{"name":"Foothill Technology High","city":"Ventura"},{"name":"Foresthill High","city":"Foresthill"},{"name":"Fort Bragg High","city":"Fort Bragg"},{"name":"Fortuna Union High","city":"Fortuna"},{"name":"Fountain Valley High","city":"Fountain Valley"},{"name":"Fowler High","city":"Fowler"},{"name":"Franklin High","city":"Elk Grove"},{"name":"Franklin High","city":"Stockton"},{"name":"Frazier Mountain High","city":"Lebec"},{"name":"Fred C. Beyer High","city":"Modesto"},{"name":"Freedom High","city":"Oakley"},{"name":"Fremont Academy of Engineering and Design","city":"Pomona"},{"name":"Fremont High","city":"Sunnyvale"},{"name":"Fremont High","city":"Oakland"},{"name":"Fresno High","city":"Fresno"},{"name":"Frontier High","city":"Bakersfield"},{"name":"Fullerton Union High","city":"Fullerton"},{"name":"Fusion Charter","city":"Turlock"},{"name":"Futures High","city":"Sacramento"},{"name":"Gabrielino High","city":"San Gabriel"},{"name":"Gahr (Richard) High","city":"Cerritos"},{"name":"Galileo High","city":"San Francisco"},{"name":"Galt High","city":"Galt"},{"name":"Ganesha High","city":"Pomona"},{"name":"Garden Grove High","city":"Garden Grove"},{"name":"Gardena Senior High","city":"Gardena"},{"name":"Garey High","city":"Pomona"},{"name":"Gateway College and Career Academy","city":"Riverside"},{"name":"Gateway High","city":"San Francisco"},{"name":"George Washington Carver School of Arts and Science","city":"Sacramento"},{"name":"George Washington Preparatory High","city":"Los Angeles"},{"name":"Geyserville New Tech Academy","city":"Geyserville"},{"name":"Gilroy High","city":"Gilroy"},{"name":"Girls Academic Leadership Acad Dr. Michelle King Sch STEM","city":"Los Angeles"},{"name":"Glacier High School Charter","city":"Oakhurst"},{"name":"Gladstone High","city":"Covina"},{"name":"Glen A. Wilson High","city":"Hacienda Heights"},{"name":"Glendale High","city":"Glendale"},{"name":"Glendora High","city":"Glendora"},{"name":"Golden Sierra Junior Senior High","city":"Garden Valley"},{"name":"Golden Valley High","city":"Bakersfield"},{"name":"Golden Valley High","city":"Merced"},{"name":"Golden Valley High","city":"Santa Clarita"},{"name":"Golden West High","city":"Visalia"},{"name":"Gompers Preparatory Academy","city":"San Diego"},{"name":"Gonzales High","city":"Gonzales"},{"name":"Grace M. Davis High","city":"Modesto"},{"name":"Granada High","city":"Livermore"},{"name":"Grand Terrace High Sch at the Ray Abril Jr. Edal Complex","city":"Grand Terrace"},{"name":"Granite Bay High","city":"Granite Bay"},{"name":"Granite Hills High","city":"Apple Valley"},{"name":"Granite Hills High","city":"Porterville"},{"name":"Granite Hills High","city":"El Cajon"},{"name":"Grant Union High","city":"Sacramento"},{"name":"Great Oak High","city":"Temecula"},{"name":"Greenfield High","city":"Greenfield"},{"name":"Greenville Junior/Senior High","city":"Greenville"},{"name":"Gridley High","city":"Gridley"},{"name":"Griffin Academy High","city":"Vallejo"},{"name":"Grizzly ChalleNGe Charter","city":"San Luis Obispo"},{"name":"Grossmont High","city":"La Mesa"},{"name":"Grossmont Secondary","city":"El Cajon"},{"name":"Grove","city":"Redlands"},{"name":"Grover Cleveland Charter High","city":"Reseda"},{"name":"Gunderson High","city":"San Jose"},{"name":"Gustine High","city":"Gustine"},{"name":"Half Moon Bay High","city":"Half Moon Bay"},{"name":"Hamilton","city":"Anza"},{"name":"Hamilton High","city":"Hamilton City"},{"name":"Hanford High","city":"Hanford"},{"name":"Hanford Online Charter","city":"Hanford"},{"name":"Hanford West High","city":"Hanford"},{"name":"Happy Camp High","city":"Happy Camp"},{"name":"Harbor High","city":"Santa Cruz"},{"name":"Harmony Magnet Academy","city":"Strathmore"},{"name":"Hawthorne High","city":"Hawthorne"},{"name":"Hawthorne Math and Science Academy","city":"Hawthorne"},{"name":"Hayfork High","city":"Hayfork"},{"name":"Hayward High","city":"Hayward"},{"name":"Healdsburg High","city":"Healdsburg"},{"name":"Health Careers Academy","city":"Stockton"},{"name":"Health Sciences High and Middle College","city":"San Diego"},{"name":"Hector G. Godinez","city":"Santa Ana"},{"name":"Helen Bernstein High","city":"Hollywood"},{"name":"Helix High","city":"La Mesa"},{"name":"Hemet High","city":"Hemet"},{"name":"Henry High","city":"San Diego"},{"name":"Henry J. Kaiser High","city":"Fontana"},{"name":"Henry M. Gunn High","city":"Palo Alto"},{"name":"Herbert Hoover High","city":"Fresno"},{"name":"Herbert Hoover High","city":"Glendale"},{"name":"Hercules High","city":"Hercules"},{"name":"Heritage High","city":"Brentwood"},{"name":"Heritage High","city":"Romoland"},{"name":"Herlong High","city":"Herlong"},{"name":"Hesperia High","city":"Hesperia"},{"name":"High Tech High","city":"San Diego"},{"name":"High Tech High Chula Vista","city":"Chula Vista"},{"name":"High Tech High International","city":"San Diego"},{"name":"High Tech High Media Arts","city":"San Diego"},{"name":"High Tech High Mesa","city":"San Diego"},{"name":"High Tech High North County","city":"San Marcos"},{"name":"High Tech LA","city":"Lake Balboa"},{"name":"Highland High","city":"Palmdale"},{"name":"Highland High","city":"Bakersfield"},{"name":"Highlands High","city":"North Highlands"},{"name":"Hilda L. Solis Lrng Acad Sch of Tech Business and Ed","city":"Los Angeles"},{"name":"Hillcrest High","city":"Riverside"},{"name":"Hillsdale High","city":"San Mateo"},{"name":"Hilltop Senior High","city":"Chula Vista"},{"name":"Hilmar High","city":"Hilmar"},{"name":"Hiram W. Johnson High","city":"Sacramento"},{"name":"Hollister High","city":"Hollister"},{"name":"Hollywood Senior High","city":"Los Angeles"},{"name":"Holtville High","city":"Holtville"},{"name":"Homestead High","city":"Cupertino"},{"name":"Hoopa Valley High","city":"Hoopa"},{"name":"Hoover High","city":"San Diego"},{"name":"Horace Mann UCLA Community","city":"Los Angeles"},{"name":"Hueneme High","city":"Oxnard"},{"name":"Hughson High","city":"Hughson"},{"name":"Humanitas Acad of Art and Tech at Esteban E. Torres High #4","city":"Los Angeles"},{"name":"Humanities and Arts (HARTS) Academy of Los Angeles","city":"Harbor City"},{"name":"Huntington Beach High","city":"Huntington Beach"},{"name":"Huntington Park Senior High","city":"Huntington Park"},{"name":"ICEF View Park Preparatory High","city":"Los Angeles"},{"name":"Impact Academy of Arts & Technology","city":"Hayward"},{"name":"Imperial High","city":"Imperial"},{"name":"Imperial Pathways Charter","city":"El Centro"},{"name":"Independence High","city":"San Jose"},{"name":"Independence High","city":"Bakersfield"},{"name":"Inderkum High","city":"Sacramento"},{"name":"Indian Springs High","city":"San Bernardino"},{"name":"Indio High","city":"Indio"},{"name":"Ingenuity Charter","city":"San Diego"},{"name":"Inglewood High","city":"Inglewood"},{"name":"Insight School of California","city":"Simi Valley"},{"name":"Inspire School of Arts and Sciences","city":"Chico"},{"name":"Intellectual Virtues Academy","city":"Long Beach"},{"name":"International Studies Lrng Center at Legacy High Sch Complex","city":"South Gate"},{"name":"Invictus Academy of Richmond","city":"El Cerrito"},{"name":"Irvine High","city":"Irvine"},{"name":"Irvington High","city":"Fremont"},{"name":"IvyTech Charter","city":"Moorpark"},{"name":"James A. Garfield Senior High","city":"Los Angeles"},{"name":"James C. Enochs High","city":"Modesto"},{"name":"James Lick High","city":"San Jose"},{"name":"James Logan High","city":"Union City"},{"name":"James Monroe High","city":"North Hills"},{"name":"Jefferson High","city":"Daly City"},{"name":"Jesse M. Bethel High","city":"Vallejo"},{"name":"John A. Rowland High","city":"Rowland Heights"},{"name":"John C. Fremont Senior High","city":"Los Angeles"},{"name":"John C. Kimball High","city":"Tracy"},{"name":"John F. Kennedy High","city":"La Palma"},{"name":"John F. Kennedy High","city":"Fremont"},{"name":"John F. Kennedy High","city":"Granada Hills"},{"name":"John F. Kennedy High","city":"Richmond"},{"name":"John F. Kennedy High","city":"Sacramento"},{"name":"John H. Francis Polytechnic","city":"Sun Valley"},{"name":"John H. Glenn High","city":"Norwalk"},{"name":"John H. Pitman High","city":"Turlock"},{"name":"John Henry High","city":"Richmond"},{"name":"John Marshall Senior High","city":"Los Angeles"},{"name":"John Muir Charter","city":"Nevada City"},{"name":"John Muir High","city":"Pasadena"},{"name":"John Swett High","city":"Crockett"},{"name":"John W. North High","city":"Riverside"},{"name":"Jordan High","city":"Long Beach"},{"name":"Jordan High","city":"Los Angeles"},{"name":"Joseph A. Gregori High","city":"Modesto"},{"name":"Julian High","city":"Julian"},{"name":"Jurupa Hills High","city":"Fontana"},{"name":"Jurupa Valley High","city":"Jurupa Valley"},{"name":"Justin Garza High","city":"Fresno"},{"name":"Katella High","city":"Anaheim"},{"name":"Kearny College Connections","city":"San Diego"},{"name":"Kearny Digital Media & Design","city":"San Diego"},{"name":"Kearny Eng Innov & Design","city":"San Diego"},{"name":"Kearny School of Biomedical Science and Technology","city":"San Diego"},{"name":"Kelseyville High","city":"Kelseyville"},{"name":"Kerman High","city":"Kerman"},{"name":"Kern Valley High","city":"Lake Isabella"},{"name":"Kern Workforce 2000 Academy","city":"Bakersfield"},{"name":"King City High","city":"King City"},{"name":"King-Chavez Community High","city":"San Diego"},{"name":"Kingsburg High","city":"Kingsburg"},{"name":"KIPP Esperanza High","city":"East Palo Alto"},{"name":"KIPP King Collegiate High","city":"San Lorenzo"},{"name":"KIPP Navigate College Prep","city":"San Jose"},{"name":"KIPP San Francisco College Preparatory","city":"San Francisco"},{"name":"KIPP San Jose Collegiate","city":"San Jose"},{"name":"Kit Carson International Academy","city":"Sacramento"},{"name":"La Canada High","city":"La Canada"},{"name":"La Costa Canyon High","city":"Encinitas"},{"name":"La Habra High","city":"La Habra"},{"name":"La Jolla High","city":"La Jolla"},{"name":"La Mirada High","city":"La Mirada"},{"name":"La Puente High","city":"La Puente"},{"name":"La Quinta High","city":"La Quinta"},{"name":"La Quinta High","city":"Westminster"},{"name":"La Serna High","city":"Whittier"},{"name":"La Sierra High","city":"Riverside"},{"name":"La Sierra High","city":"Visalia"},{"name":"Laguna Beach High","city":"Laguna Beach"},{"name":"Laguna Creek High","city":"Elk Grove"},{"name":"Laguna Hills High","city":"Laguna Hills"},{"name":"Lakeside High","city":"Lake Elsinore"},{"name":"Lakeview Leadership Academy","city":"Victorville"},{"name":"Lakewood High","city":"Lakewood"},{"name":"Lancaster High","city":"Lancaster"},{"name":"Las Lomas High","city":"Walnut Creek"},{"name":"Las Plumas High","city":"Oroville"},{"name":"Lassen High","city":"Susanville"},{"name":"Lathrop High","city":"Lathrop"},{"name":"Latino College Preparatory Academy","city":"San Jose"},{"name":"Latitude 37.8 High","city":"Oakland"},{"name":"Laton High","city":"Laton"},{"name":"Lawndale High","city":"Lawndale"},{"name":"Laytonville High","city":"Laytonville"},{"name":"Le Grand High","city":"Le Grand"},{"name":"Leadership Public Schools - Hayward","city":"Hayward"},{"name":"Leadership Public Schools: Richmond","city":"Richmond"},{"name":"Learning for Life Charter","city":"Marina"},{"name":"Learning Works","city":"Pasadena"},{"name":"Lee Vining High","city":"Lee Vining"},{"name":"Legacy Magnet Academy","city":"Tustin"},{"name":"Leggett Valley High","city":"Leggett"},{"name":"Leigh High","city":"San Jose"},{"name":"Leland High","city":"San Jose"},{"name":"Lemoore High","city":"Lemoore"},{"name":"Lemoore Middle College High","city":"Lemoore"},{"name":"Lemoore Online College Preparatory High","city":"Lemoore"},{"name":"Lennox Mathematics Science and Technology Academy","city":"Lennox"},{"name":"Leroy Greene Academy","city":"Sacramento"},{"name":"Leuzinger High","city":"Lawndale"},{"name":"Liberty High","city":"Madera"},{"name":"Liberty High","city":"Bakersfield"},{"name":"Liberty High","city":"Brentwood"},{"name":"Liberty High","city":"Winchester"},{"name":"Liberty Ranch High","city":"Galt"},{"name":"LIFE Academy","city":"Oakland"},{"name":"Life Learning Academy Charter","city":"San Francisco"},{"name":"Lighthouse Community Charter High","city":"Oakland"},{"name":"Lincoln (Abraham) High","city":"San Francisco"},{"name":"Lincoln High","city":"Stockton"},{"name":"Lincoln High","city":"San Diego"},{"name":"Lincoln High","city":"Lincoln"},{"name":"Linda Esperanza Marquez High A Hntngtn Park Inst of Appl Med","city":"Huntington Park"},{"name":"Linda Esperanza Marquez High B LIBRA Academy","city":"Huntington Park"},{"name":"Linda Esperanza Marquez High C School of Social Justice","city":"Huntington Park"},{"name":"Linden High","city":"Linden"},{"name":"Lindhurst High","city":"Olivehurst"},{"name":"Lindsay Senior High","city":"Lindsay"},{"name":"Littlerock High","city":"Littlerock"},{"name":"Live Oak High","city":"Live Oak"},{"name":"Live Oak High","city":"Morgan Hill"},{"name":"Livermore High","city":"Livermore"},{"name":"Livingston High","city":"Livingston"},{"name":"Loara High","city":"Anaheim"},{"name":"Lodi High","city":"Lodi"},{"name":"Lompoc High","city":"Lompoc"},{"name":"Lone Pine High","city":"Lone Pine"},{"name":"Los Alamitos High","city":"Los Alamitos"},{"name":"Los Altos High","city":"Hacienda Heights"},{"name":"Los Altos High","city":"Los Altos"},{"name":"Los Amigos High","city":"Fountain Valley"},{"name":"Los Angeles Academy of Arts and Enterprise","city":"Los Angeles"},{"name":"Los Angeles College Prep Academy","city":"Los Angeles"},{"name":"Los Angeles High School of the Arts","city":"Los Angeles"},{"name":"Los Angeles Leadership Academy","city":"Los Angeles"},{"name":"Los Angeles Senior High","city":"Los Angeles"},{"name":"Los Banos High","city":"Los Banos"},{"name":"Los Gatos High","city":"Los Gatos"},{"name":"Los Molinos High","city":"Los Molinos"},{"name":"Los Osos High","city":"Rancho Cucamonga"},{"name":"Lowell High","city":"San Francisco"},{"name":"Lower Lake High","city":"Lower Lake"},{"name":"Loyalton High","city":"Loyalton"},{"name":"LPS Oakland R & D Campus","city":"Oakland"},{"name":"Lucerne Valley High","city":"Lucerne Valley"},{"name":"Luis Valdez Leadership Academy","city":"San Jose"},{"name":"Luther Burbank High","city":"Sacramento"},{"name":"Lynbrook High","city":"San Jose"},{"name":"Lynwood High","city":"Lynwood"},{"name":"MAAC Community Charter","city":"Chula Vista"},{"name":"Madera High","city":"Madera"},{"name":"Madera South High","city":"Madera"},{"name":"Madison High","city":"San Diego"},{"name":"Madison Park Academy 6-12","city":"Oakland"},{"name":"Magnolia High","city":"Anaheim"},{"name":"Magnolia Science Academy","city":"Reseda"},{"name":"Magnolia Science Academy 2","city":"Van Nuys"},{"name":"Magnolia Science Academy 3","city":"Carson"},{"name":"Magnolia Science Academy 4","city":"Los Angeles"},{"name":"Magnolia Science Academy 5","city":"Reseda"},{"name":"Maidu Virtual Charter Academy","city":"Foresthill"},{"name":"Making Waves Academy","city":"Richmond"},{"name":"Malibu High","city":"Malibu"},{"name":"Mammoth High","city":"Mammoth Lakes"},{"name":"Manteca High","city":"Manteca"},{"name":"Manual Arts Senior High","city":"Los Angeles"},{"name":"Mar Vista Senior High","city":"Imperial Beach"},{"name":"Marco Antonio Firebaugh High","city":"Lynwood"},{"name":"Maria Carrillo High","city":"Santa Rosa"},{"name":"Maricopa High","city":"Maricopa"},{"name":"Marina High","city":"Huntington Beach"},{"name":"Marina High","city":"Marina"},{"name":"Mariposa County High","city":"Mariposa"},{"name":"Mark Keppel High","city":"Alhambra"},{"name":"Marshall (Thurgood) High","city":"San Francisco"},{"name":"Marshall Fundamental","city":"Pasadena"},{"name":"Martin Luther King Jr. High","city":"Riverside"},{"name":"Marysville Charter Academy for the Arts","city":"Marysville"},{"name":"Marysville High","city":"Marysville"},{"name":"Math and Science College Preparatory","city":"Los Angeles"},{"name":"Matilda Torres High","city":"Madera"},{"name":"Matrix for Success Academy","city":"Los Angeles"},{"name":"Mattole Triple Junction High","city":"Petrolia"},{"name":"Maxwell Sr High","city":"Maxwell"},{"name":"Mayfair High","city":"Lakewood"},{"name":"Maywood Academy High","city":"Maywood"},{"name":"McCloud High","city":"McCloud"},{"name":"McClymonds High","city":"Oakland"},{"name":"McFarland High School Early College","city":"McFarland"},{"name":"McKinleyville High","city":"McKinleyville"},{"name":"McLane High","city":"Fresno"},{"name":"Mendocino High","city":"Mendocino"},{"name":"Mendota High","city":"Mendota"},{"name":"Menlo-Atherton High","city":"Atherton"},{"name":"Merced High","city":"Merced"},{"name":"Merrill F. West High","city":"Tracy"},{"name":"Mervyn M. Dymally High","city":"Los Angeles"},{"name":"Mesa Verde High","city":"Citrus Heights"},{"name":"MetWest High","city":"Oakland"},{"name":"Middle College High","city":"Stockton"},{"name":"Middle College High","city":"Los Angeles"},{"name":"Middle College High","city":"San Pablo"},{"name":"Middle College High","city":"San Jose"},{"name":"Middletown High","city":"Middletown"},{"name":"Millennium Charter","city":"Tracy"},{"name":"Millikan High","city":"Long Beach"},{"name":"Mills High","city":"Millbrae"},{"name":"Milpitas High","city":"Milpitas"},{"name":"Milpitas Middle College High","city":"Milpitas"},{"name":"Minarets Charter High","city":"O'Neals"},{"name":"Minarets High","city":"O'Neals"},{"name":"Mira Costa High","city":"Manhattan Beach"},{"name":"Mira Loma High","city":"Sacramento"},{"name":"Mira Mesa High","city":"San Diego"},{"name":"Mira Monte High","city":"Bakersfield"},{"name":"Miramonte High","city":"Orinda"},{"name":"Mirus Secondary","city":"Hesperia"},{"name":"Mission Academy","city":"Lancaster"},{"name":"Mission Bay High","city":"San Diego"},{"name":"Mission High","city":"San Francisco"},{"name":"Mission Hills High","city":"San Marcos"},{"name":"Mission Oak High","city":"Tulare"},{"name":"Mission San Jose High","city":"Fremont"},{"name":"Mission Viejo High","city":"Mission Viejo"},{"name":"MIT Academy","city":"Vallejo"},{"name":"Modesto High","city":"Modesto"},{"name":"Modoc High","city":"Alturas"},{"name":"Mojave Jr./Sr. High","city":"Mojave"},{"name":"Monache High","city":"Porterville"},{"name":"Monrovia High","city":"Monrovia"},{"name":"Monta Vista High","city":"Cupertino"},{"name":"Montclair High","city":"Montclair"},{"name":"Monte Vista High","city":"Spring Valley"},{"name":"Monte Vista High","city":"Danville"},{"name":"Montebello High","city":"Montebello"},{"name":"Monterey High","city":"Monterey"},{"name":"Monterey Trail High","city":"Elk Grove"},{"name":"Montgomery High","city":"Santa Rosa"},{"name":"Montgomery Senior High","city":"San Diego"},{"name":"Moorpark High","city":"Moorpark"},{"name":"Moreno Valley High","city":"Moreno Valley"},{"name":"Morningside High","city":"Inglewood"},{"name":"Morro Bay High","city":"Morro Bay"},{"name":"Morse High","city":"San Diego"},{"name":"Mount Miguel High","city":"Spring Valley"},{"name":"Mount Shasta High","city":"Mount Shasta"},{"name":"Mountain Empire High","city":"Pine Valley"},{"name":"Mountain Heights Academy","city":"San Jacinto"},{"name":"Mountain High","city":"Pinecrest"},{"name":"Mountain House High","city":"Mountain House"},{"name":"Mountain Oaks High","city":"North Fork"},{"name":"Mountain View High","city":"El Monte"},{"name":"Mountain View High","city":"Mountain View"},{"name":"Mt. Carmel High","city":"San Diego"},{"name":"Mt. Diablo High","city":"Concord"},{"name":"Mt. Eden High","city":"Hayward"},{"name":"Mt. Pleasant High","city":"San Jose"},{"name":"Mt. Whitney High","city":"Visalia"},{"name":"Murrieta Mesa High","city":"Murrieta"},{"name":"Murrieta Valley High","city":"Murrieta"},{"name":"Napa High","city":"Napa"},{"name":"Nathaniel Narbonne Senior High","city":"Harbor City"},{"name":"Natomas High","city":"Sacramento"},{"name":"Natomas Pacific Pathways Prep","city":"Sacramento"},{"name":"Nava College Preparatory Academy","city":"Los Angeles"},{"name":"Needles High","city":"Needles"},{"name":"Nevada Union High","city":"Grass Valley"},{"name":"New Designs Charter","city":"Los Angeles"},{"name":"New Designs Charter School-Watts","city":"Los Angeles"},{"name":"New Millennium Secondary","city":"Gardena"},{"name":"New Opportunities Charter","city":"Inglewood"},{"name":"New Technology High","city":"Sacramento"},{"name":"New Village Girls Academy","city":"Los Angeles"},{"name":"New West Charter","city":"Los Angeles"},{"name":"Newark Memorial High","city":"Newark"},{"name":"Newbury Park High","city":"Newbury Park"},{"name":"Newport Harbor High","city":"Newport Beach"},{"name":"Nipomo High","city":"Nipomo"},{"name":"Nogales High","city":"La Puente"},{"name":"Norco High","city":"Norco"},{"name":"Nordhoff High","city":"Ojai"},{"name":"Norte Vista High","city":"Riverside"},{"name":"North County Trade Tech High","city":"Vista"},{"name":"North High","city":"Bakersfield"},{"name":"North High","city":"Torrance"},{"name":"North Hollywood Senior High","city":"North Hollywood"},{"name":"North Monterey County High","city":"Castroville"},{"name":"North Salinas High","city":"Salinas"},{"name":"North Tahoe High","city":"Tahoe City"},{"name":"North Valley Military Institute College Preparatory Academy","city":"Sun Valley"},{"name":"Northcoast Preparatory and Performing Arts Academy","city":"Arcata"},{"name":"Northgate High","city":"Walnut Creek"},{"name":"Northridge Academy High","city":"Northridge"},{"name":"Northview High","city":"Covina"},{"name":"Northwood High","city":"Irvine"},{"name":"Norwalk High","city":"Norwalk"},{"name":"NOVA Academy - Coachella","city":"Coachella"},{"name":"Nova Academy Early College High","city":"Santa Ana"},{"name":"Novato High","city":"Novato"},{"name":"Nuview Bridge Early College High","city":"Nuevo"},{"name":"O'Connell (John) High","city":"San Francisco"},{"name":"Oak Grove High","city":"San Jose"},{"name":"Oak Hills High","city":"Oak Hills"},{"name":"Oak Park High","city":"Oak Park"},{"name":"Oak Ridge High","city":"El Dorado Hills"},{"name":"Oakdale Charter","city":"Oakdale"},{"name":"Oakdale High","city":"Oakdale"},{"name":"Oakland Charter High","city":"Oakland"},{"name":"Oakland High","city":"Oakland"},{"name":"Oakland Military Institute College Preparatory Academy","city":"Oakland"},{"name":"Oakland School for the Arts","city":"Oakland"},{"name":"Oakland Technical High","city":"Oakland"},{"name":"Oakland Unity High","city":"Oakland"},{"name":"Oakmont High","city":"Roseville"},{"name":"OCASA College Prep","city":"San Juan Capistrano"},{"name":"Ocean View High","city":"Huntington Beach"},{"name":"Oceanside High","city":"Oceanside"},{"name":"Ocsa","city":"Santa Ana"},{"name":"Odyssey STEM Academy","city":"Lakewood"},{"name":"Olympian High","city":"Chula Vista"},{"name":"Online Academy - Sonoma County","city":"Cloverdale"},{"name":"Ontario High","city":"Ontario"},{"name":"Opportunities for Learning - Baldwin Park","city":"Irwindale"},{"name":"Opportunities for Learning - William S. Hart","city":"Valencia"},{"name":"Opportunity Youth Academy","city":"San Jose"},{"name":"Options For Youth - Duarte Inc","city":"City Of Industry"},{"name":"Options for Youth San Gabriel","city":"San Gabriel"},{"name":"Options for Youth-Acton","city":"Fontana"},{"name":"Options for Youth-San Bernardino","city":"San Bernardino"},{"name":"Options for Youth-San Juan","city":"Carmichael"},{"name":"Options for Youth-Victor Valley Charter","city":"Victorville"},{"name":"Orange County Workforce Innovation High","city":"Anaheim"},{"name":"Orange Cove High","city":"Orange Cove"},{"name":"Orange Glen High","city":"Escondido"},{"name":"Orange High","city":"Orange"},{"name":"Orange Vista High","city":"Perris"},{"name":"Orestimba High","city":"Newman"},{"name":"Orland High","city":"Orland"},{"name":"Orosi High","city":"Orosi"},{"name":"Oroville High","city":"Oroville"},{"name":"Oscar De La Hoya Animo Charter High","city":"Los Angeles"},{"name":"Otay Ranch Senior High","city":"Chula Vista"},{"name":"Owens Valley High","city":"Independence"},{"name":"Oxford Academy","city":"Cypress"},{"name":"Oxford Day Academy","city":"East Palo Alto"},{"name":"Oxnard High","city":"Oxnard"},{"name":"Pacheco High","city":"Los Banos"},{"name":"Pacific Collegiate Charter","city":"Santa Cruz"},{"name":"Pacific Crest Academy","city":"El Dorado"},{"name":"Pacific Grove High","city":"Pacific Grove"},{"name":"Pacific High","city":"San Bernardino"},{"name":"Pacific Law Academy","city":"Stockton"},{"name":"Pacifica High","city":"Garden Grove"},{"name":"Pacifica High","city":"Oxnard"},{"name":"Pajaro Valley High","city":"Watsonville"},{"name":"Palisades Charter High","city":"Pacific Palisades"},{"name":"Palm Desert High","city":"Palm Desert"},{"name":"Palm Springs High","city":"Palm Springs"},{"name":"Palmdale High","city":"Palmdale"},{"name":"Palo Alto High","city":"Palo Alto"},{"name":"Palo Verde High","city":"Blythe"},{"name":"Paloma Valley High","city":"Menifee"},{"name":"Palos Verdes High","city":"Palos Verdes Estates"},{"name":"Palos Verdes Peninsula High","city":"Rolling Hills Estates"},{"name":"Panorama High","city":"Panorama City"},{"name":"Paradise Senior High","city":"Paradise"},{"name":"Paradise Unified Special Education","city":"Paradise"},{"name":"Paramount High","city":"Paramount"},{"name":"Parlier High","city":"Parlier"},{"name":"Pasadena High","city":"Pasadena"},{"name":"Paso Robles High","city":"Paso Robles"},{"name":"Pathways Academy Charter School - Adult Education","city":"Menifee"},{"name":"Patriot High","city":"Jurupa Valley"},{"name":"Patterson High","city":"Patterson"},{"name":"Performing Arts Community at Diego Rivera Learning Complex","city":"Los Angeles"},{"name":"Perris High","city":"Perris"},{"name":"Pescadero High","city":"Pescadero"},{"name":"Petaluma High","city":"Petaluma"},{"name":"Peter Johansen High","city":"Modesto"},{"name":"Phillip J Patino School of Entrepreneurship","city":"Fresno"},{"name":"Phineas Banning Senior High","city":"Wilmington"},{"name":"Piedmont High","city":"Piedmont"},{"name":"Piedmont Hills High","city":"San Jose"},{"name":"Pierce High","city":"Arbuckle"},{"name":"Piner High","city":"Santa Rosa"},{"name":"Pinole Valley High","city":"Pinole"},{"name":"Pioneer High","city":"San Jose"},{"name":"Pioneer High","city":"Whittier"},{"name":"Pioneer High","city":"Woodland"},{"name":"Pioneer Valley High","city":"Santa Maria"},{"name":"Pittsburg Senior High","city":"Pittsburg"},{"name":"Pivot Charter School North Valley II","city":"Chico"},{"name":"Placer High","city":"Auburn"},{"name":"Pleasant Grove High","city":"Elk Grove"},{"name":"Pleasant Valley High","city":"Chico"},{"name":"Point Arena High","city":"Point Arena"},{"name":"Point Loma High","city":"San Diego"},{"name":"Polytechnic High","city":"Long Beach"},{"name":"Polytechnic High","city":"Riverside"},{"name":"Pomona High","city":"Pomona"},{"name":"Ponderosa High","city":"Shingle Springs"},{"name":"Port of Los Angeles High","city":"San Pedro"},{"name":"Porterville High","city":"Porterville"},{"name":"Porterville Military Academy","city":"Porterville"},{"name":"Portola High","city":"Irvine"},{"name":"Portola Junior/Senior High","city":"Portola"},{"name":"Potter Valley High","city":"Potter Valley"},{"name":"Poway High","city":"Poway"},{"name":"Preuss School UCSD","city":"La Jolla"},{"name":"Princeton Junior-Senior High","city":"Princeton"},{"name":"Prospect High","city":"Saratoga"},{"name":"Provisional Accelerated Learning Academy","city":"San Bernardino"},{"name":"Public Safety Academy","city":"San Bernardino"},{"name":"Public Service Community at Diego Rivera Learning Complex","city":"Los Angeles"},{"name":"PUC CALS Middle School and Early College High","city":"Los Angeles"},{"name":"PUC Comm Charter Mid and PUC Comm Charter Early College High","city":"Lake View Terrace"},{"name":"PUC Early College Academy for Leaders and Scholars (ECALS)","city":"Los Angeles"},{"name":"PUC Lakeview Charter High","city":"Sylmar"},{"name":"PUC Triumph Charter Academy and PUC Triumph Charter High","city":"Sylmar"},{"name":"Quartz Hill High","city":"Quartz Hill"},{"name":"Quincy Junior/Senior High","city":"Quincy"},{"name":"Ramon C. Cortines School of Visual and Performing Arts","city":"Los Angeles"},{"name":"Ramona High","city":"Ramona"},{"name":"Ramona High","city":"Riverside"},{"name":"Rancho Alamitos High","city":"Garden Grove"},{"name":"Rancho Bernardo High","city":"San Diego"},{"name":"Rancho Buena Vista High","city":"Vista"},{"name":"Rancho Campana High","city":"Camarillo"},{"name":"Rancho Cotate High","city":"Rohnert Park"},{"name":"Rancho Cucamonga High","city":"Rancho Cucamonga"},{"name":"Rancho Dominguez Preparatory","city":"Long Beach"},{"name":"Rancho Mirage High","city":"Rancho Mirage"},{"name":"Rancho San Juan High","city":"Salinas"},{"name":"Rancho Verde High","city":"Moreno Valley"},{"name":"Red Bluff High","city":"Red Bluff"},{"name":"Redlands East Valley High","city":"Redlands"},{"name":"Redlands Senior High","city":"Redlands"},{"name":"Redondo Union High","city":"Redondo Beach"},{"name":"Redwood Collegiate Academy","city":"Ukiah"},{"name":"Redwood High","city":"Larkspur"},{"name":"Redwood High","city":"Visalia"},{"name":"Reedley High","city":"Reedley"},{"name":"Reedley Middle College High","city":"Reedley"},{"name":"Renaissance High School for the Arts","city":"Long Beach"},{"name":"Reseda Charter High","city":"Reseda"},{"name":"Rialto High","city":"Rialto"},{"name":"Richard D. Browning High","city":"Long Beach"},{"name":"Richmond High","city":"Richmond"},{"name":"Ridgeview High","city":"Bakersfield"},{"name":"Rim of the World Senior High","city":"Lake Arrowhead"},{"name":"Rio Americano High","city":"Sacramento"},{"name":"Rio Linda High","city":"Rio Linda"},{"name":"Rio Mesa High","city":"Oxnard"},{"name":"Rio Vista High","city":"Rio Vista"},{"name":"Ripon High","city":"Ripon"},{"name":"Rise Kohyang High","city":"Los Angeles"},{"name":"River City High","city":"West Sacramento"},{"name":"River Valley Charter","city":"Lakeside"},{"name":"River Valley High","city":"Yuba City"},{"name":"Riverbank High","city":"Riverbank"},{"name":"Riverdale High","city":"Riverdale"},{"name":"Riverside STEM Academy","city":"Riverside"},{"name":"Robert F. Kennedy High","city":"Delano"},{"name":"Robert Fulton College Preparatory","city":"Van Nuys"},{"name":"Rocklin High","city":"Rocklin"},{"name":"Ronald E. McNair High","city":"Stockton"},{"name":"Roosevelt High","city":"Fresno"},{"name":"Rosamond High Early College Campus","city":"Rosamond"},{"name":"Rosemead High","city":"Rosemead"},{"name":"Rosemont High","city":"Sacramento"},{"name":"Roseville High","city":"Roseville"},{"name":"Round Valley High","city":"Covelo"},{"name":"Royal High","city":"Simi Valley"},{"name":"Ruben S. Ayala High","city":"Chino Hills"},{"name":"Rubidoux High","city":"Jurupa Valley"},{"name":"Russell Westbrook Why Not? High","city":"Los Angeles"},{"name":"Sacramento Charter High","city":"Sacramento"},{"name":"Saddleback High","city":"Santa Ana"},{"name":"Sage Creek High","city":"Carlsbad"},{"name":"Saint Helena High","city":"St. Helena"},{"name":"Salinas High","city":"Salinas"},{"name":"Samueli Academy","city":"Santa Ana"},{"name":"San Bernardino High","city":"San Bernardino"},{"name":"San Clemente High","city":"San Clemente"},{"name":"San Diego High","city":"San Diego"},{"name":"San Diego Mission Academy","city":"San Diego"},{"name":"San Diego SCPA","city":"San Diego"},{"name":"San Diego Workforce Innovation High","city":"National City"},{"name":"San Dieguito HS Academy","city":"Encinitas"},{"name":"San Dimas High","city":"San Dimas"},{"name":"San Fernando Senior High","city":"San Fernando"},{"name":"San Gabriel High","city":"San Gabriel"},{"name":"San Gorgonio High","city":"San Bernardino"},{"name":"San Jacinto High","city":"San Jacinto"},{"name":"San Jose Conservation Corps Charter","city":"San Jose"},{"name":"San Jose High","city":"San Jose"},{"name":"San Juan Choices Charter","city":"Sacramento"},{"name":"San Juan High","city":"Citrus Heights"},{"name":"San Juan Hills High","city":"San Juan Capistrano"},{"name":"San Leandro High","city":"San Leandro"},{"name":"San Lorenzo High","city":"San Lorenzo"},{"name":"San Lorenzo Valley High","city":"Felton"},{"name":"San Luis Obispo High","city":"San Luis Obispo"},{"name":"San Marcos High","city":"San Marcos"},{"name":"San Marcos Senior High","city":"Santa Barbara"},{"name":"San Marin High","city":"Novato"},{"name":"San Marino High","city":"San Marino"},{"name":"San Mateo High","city":"San Mateo"},{"name":"San Pasqual High","city":"Escondido"},{"name":"San Pasqual Valley High","city":"Winterhaven"},{"name":"San Pedro Senior High","city":"San Pedro"},{"name":"San Rafael High","city":"San Rafael"},{"name":"San Ramon Valley High","city":"Danville"},{"name":"San Ysidro High","city":"San Diego"},{"name":"Sanger High","city":"Sanger"},{"name":"Santa Ana High","city":"Santa Ana"},{"name":"Santa Barbara Senior High","city":"Santa Barbara"},{"name":"Santa Clara High","city":"Santa Clara"},{"name":"Santa Cruz County Career Advancement Charter","city":"Freedom"},{"name":"Santa Cruz High","city":"Santa Cruz"},{"name":"Santa Fe High","city":"Santa Fe Springs"},{"name":"Santa Maria High","city":"Santa Maria"},{"name":"Santa Monica High","city":"Santa Monica"},{"name":"Santa Paula High","city":"Santa Paula"},{"name":"Santa Rosa High","city":"Santa Rosa"},{"name":"Santa Susana High","city":"Simi Valley"},{"name":"Santa Teresa High","city":"San Jose"},{"name":"Santa Ynez Valley Union High","city":"Santa Ynez"},{"name":"Santana High","city":"Santee"},{"name":"Santee Education Complex","city":"Los Angeles"},{"name":"Santiago High","city":"Corona"},{"name":"Santiago High","city":"Garden Grove"},{"name":"Saratoga High","city":"Saratoga"},{"name":"Saugus High","city":"Saugus"},{"name":"SAVA - Sacramento Academic and Vocational Academy","city":"Sacramento"},{"name":"SAVA - Sacramento Academic and Vocational Academy - EGUSD","city":"Elk Grove"},{"name":"SAVA - Sacramento Academic and Vocational Academy - SCUSD","city":"Sacramento"},{"name":"Savanna High","city":"Anaheim"},{"name":"School for Entrepreneurship and Technology","city":"San Diego"},{"name":"School for the Visual Arts and Humanities","city":"Los Angeles"},{"name":"School of Arts and Enterprise","city":"Pomona"},{"name":"School of Business and Tourism at Contreras Learning Complex","city":"Los Angeles"},{"name":"School of Unlimited Learning","city":"Fresno"},{"name":"Schurr High","city":"Montebello"},{"name":"Sci Tech Engr Arts and Math at Legacy High Sch Complex","city":"South Gate"},{"name":"Scotts Valley High","city":"Scotts Valley"},{"name":"Scripps Ranch High","city":"San Diego"},{"name":"Seaside High","city":"Seaside"},{"name":"Segerstrom High","city":"Santa Ana"},{"name":"Selma High","city":"Selma"},{"name":"Sequoia High","city":"Redwood City"},{"name":"Serrano High","city":"Phelan"},{"name":"Shadow Hills High","city":"Indio"},{"name":"Shafter High","city":"Shafter"},{"name":"Shandon High","city":"Shandon"},{"name":"Shasta Charter Academy","city":"Redding"},{"name":"Shasta County Independent Study","city":"Redding"},{"name":"Shasta High","city":"Redding"},{"name":"Sheldon High","city":"Sacramento"},{"name":"Sherman Thomas Charter High","city":"Madera"},{"name":"SIATech","city":"Oceanside"},{"name":"SIATech Academy South","city":"Los Angeles"},{"name":"Sierra Academy of Expeditionary Learning","city":"Nevada City"},{"name":"Sierra High","city":"Manteca"},{"name":"Sierra High","city":"Tollhouse"},{"name":"Sierra Pacific High","city":"Hanford"},{"name":"Sierra Vista Charter High","city":"Tulare"},{"name":"Sierra Vista High","city":"Baldwin Park"},{"name":"Silver Creek High","city":"San Jose"},{"name":"Silver Valley High","city":"Yermo"},{"name":"Silverado High","city":"Victorville"},{"name":"Simi Valley High","city":"Simi Valley"},{"name":"Six Rivers Charter High","city":"Arcata"},{"name":"Skyline High","city":"Oakland"},{"name":"Soledad High","city":"Soledad"},{"name":"Sonoma Valley High","city":"Sonoma"},{"name":"Sonora High","city":"La Habra"},{"name":"Sonora High","city":"Sonora"},{"name":"Soquel High","city":"Soquel"},{"name":"South East High","city":"South Gate"},{"name":"South El Monte High","city":"South El Monte"},{"name":"South Fork High","city":"Miranda"},{"name":"South Fork High","city":"Twain Harte"},{"name":"South Gate Senior High","city":"South Gate"},{"name":"South High","city":"Bakersfield"},{"name":"South High","city":"Torrance"},{"name":"South Hills High","city":"West Covina"},{"name":"South Pasadena Senior High","city":"South Pasadena"},{"name":"South San Francisco High","city":"South San Francisco"},{"name":"South Tahoe High","city":"South Lake Tahoe"},{"name":"Southern Trinity High","city":"Mad River"},{"name":"Southwest High","city":"El Centro"},{"name":"Southwest Senior High","city":"San Diego"},{"name":"Stagg Senior High","city":"Stockton"},{"name":"Steele Canyon High","city":"Spring Valley"},{"name":"Stella High Charter Academy","city":"Los Angeles"},{"name":"STEM Academy at Bernstein High","city":"Hollywood"},{"name":"Stockdale High","city":"Bakersfield"},{"name":"Stockton Collegiate International Secondary","city":"Stockton"},{"name":"Stockton Early College Academy","city":"Stockton"},{"name":"Stockton High","city":"Stockton"},{"name":"Strathmore High","city":"Strathmore"},{"name":"Success One!","city":"Orland"},{"name":"Sultana High","city":"Hesperia"},{"name":"Summerville High","city":"Tuolumne"},{"name":"Summit High","city":"Fontana"},{"name":"Summit Leadership Academy-High Desert","city":"Hesperia"},{"name":"Summit Preparatory Charter High","city":"Redwood City"},{"name":"Summit Public School K2","city":"El Cerrito"},{"name":"Summit Public School: Denali","city":"Sunnyvale"},{"name":"Summit Public School: Shasta","city":"Daly City"},{"name":"Summit Public School: Tahoma","city":"San Jose"},{"name":"Summit Public School: Tamalpais","city":"Richmond"},{"name":"Sunny Hills High","city":"Fullerton"},{"name":"Sunnyside High","city":"Fresno"},{"name":"Surprise Valley High","city":"Cedarville"},{"name":"Susan Miller Dorsey Senior High","city":"Los Angeles"},{"name":"Sutter High","city":"Sutter"},{"name":"Sweetwater High","city":"National City"},{"name":"Sweetwater Secondary","city":"Chula Vista"},{"name":"Sylmar Charter High","city":"Sylmar"},{"name":"Synergy Quantum Academy","city":"Los Angeles"},{"name":"T.I.M.E. Community","city":"Montebello"},{"name":"Taft Charter High","city":"Woodland Hills"},{"name":"Taft Union High","city":"Taft"},{"name":"Tahoe Truckee High","city":"Truckee"},{"name":"Tahquitz High","city":"Hemet"},{"name":"Tamalpais High","city":"Mill Valley"},{"name":"TEACH Tech Charter High","city":"Los Angeles"},{"name":"Tehachapi High","city":"Tehachapi"},{"name":"Tehama eLearning Academy","city":"Red Bluff"},{"name":"Temecula Valley High","city":"Temecula"},{"name":"Temescal Canyon High","city":"Lake Elsinore"},{"name":"Temple City High","city":"Temple City"},{"name":"Templeton High","city":"Templeton"},{"name":"Tennyson High","city":"Hayward"},{"name":"Terra Linda High","city":"San Rafael"},{"name":"Terra Nova High","city":"Pacifica"},{"name":"Tesoro High","city":"Las Flores"},{"name":"The Education Corps","city":"Long Beach"},{"name":"The High School at Moorpark College","city":"Moorpark"},{"name":"The MET","city":"Sacramento"},{"name":"Theodore Roosevelt Senior High","city":"Los Angeles"},{"name":"Thomas Downey High","city":"Modesto"},{"name":"Thomas Jefferson Senior High","city":"Los Angeles"},{"name":"Thousand Oaks High","city":"Thousand Oaks"},{"name":"Tide Academy","city":"Menlo Park"},{"name":"Tioga High","city":"Groveland"},{"name":"Tokay High","city":"Lodi"},{"name":"Tomales High","city":"Tomales"},{"name":"Torrance High","city":"Torrance"},{"name":"Torrey Pines High","city":"San Diego"},{"name":"Trabuco Hills High","city":"Mission Viejo"},{"name":"Tracy High","city":"Tracy"},{"name":"Tranquillity High","city":"Tranquillity"},{"name":"Trinity High","city":"Weaverville"},{"name":"Trona High","city":"Trona"},{"name":"Troy High","city":"Fullerton"},{"name":"Tulare Union High","city":"Tulare"},{"name":"Tulare Western High","city":"Tulare"},{"name":"Tulelake High","city":"Tulelake"},{"name":"Turlock High","city":"Turlock"},{"name":"Tustin High","city":"Tustin"},{"name":"Twelve Bridges High","city":"Lincoln"},{"name":"Twentynine Palms High","city":"Twentynine Palms"},{"name":"Ukiah High","city":"Ukiah"},{"name":"Ulysses S. Grant Senior High","city":"Van Nuys"},{"name":"Union Mine High","city":"El Dorado"},{"name":"Unity Middle College High","city":"Orange"},{"name":"University City High","city":"San Diego"},{"name":"University High","city":"Fresno"},{"name":"University High","city":"Irvine"},{"name":"University High School Charter","city":"Los Angeles"},{"name":"University Pathways Public Service Academy","city":"Los Angeles"},{"name":"University Preparatory","city":"Redding"},{"name":"University Preparatory","city":"Victorville"},{"name":"University Preparatory Academy Charter","city":"San Jose"},{"name":"University Preparatory High","city":"Visalia"},{"name":"University Preparatory Value High","city":"Los Angeles"},{"name":"Upland High","city":"Upland"},{"name":"Upper Lake High","city":"Upper Lake"},{"name":"Urban Corps of San Diego County Charter","city":"San Diego"},{"name":"Vacaville High","city":"Vacaville"},{"name":"Valencia High","city":"Placentia"},{"name":"Valencia High","city":"Valencia"},{"name":"Valhalla High","city":"El Cajon"},{"name":"Vallejo High","city":"Vallejo"},{"name":"Valley Academy of Arts and Sciences","city":"Granada Hills"},{"name":"Valley Center High","city":"Valley Center"},{"name":"Valley College High","city":"Modesto"},{"name":"Valley High","city":"Sacramento"},{"name":"Valley High","city":"Santa Ana"},{"name":"Valley International Preparatory High","city":"Northridge"},{"name":"Valley View High","city":"Moreno Valley"},{"name":"Valor Academy High","city":"North Hills"},{"name":"Van Nuys Senior High","city":"Van Nuys"},{"name":"Vanden High","city":"Fairfield"},{"name":"Vasquez High","city":"Acton"},{"name":"Venice Senior High","city":"Los Angeles"},{"name":"Ventura High","city":"Ventura"},{"name":"Verdugo Hills Senior High","city":"Tujunga"},{"name":"Victor Valley High","city":"Victorville"},{"name":"Villa Park High","city":"Villa Park"},{"name":"Vintage High","city":"Napa"},{"name":"Visalia Charter Independent Study","city":"Visalia"},{"name":"Visalia Technical Early College","city":"Visalia"},{"name":"Vista del Lago High","city":"Folsom"},{"name":"Vista del Lago High","city":"Moreno Valley"},{"name":"Vista High","city":"Vista"},{"name":"Vista Murrieta High","city":"Murrieta"},{"name":"Vista Real Charter High","city":"Oxnard"},{"name":"Visual and Performing Arts at Legacy High School Complex","city":"South Gate"},{"name":"Wallenberg (Raoul) Traditional High","city":"San Francisco"},{"name":"Wallis Annenberg High","city":"Los Angeles"},{"name":"Walnut High","city":"Walnut"},{"name":"Warner Junior/Senior High","city":"Warner Springs"},{"name":"Warren (Earl) High","city":"Downey"},{"name":"Wasco High","city":"Wasco"},{"name":"Washington (George) High","city":"San Francisco"},{"name":"Washington High","city":"Fresno"},{"name":"Washington High","city":"Fremont"},{"name":"Washington Middle College High","city":"West Sacramento"},{"name":"Waterford High","city":"Waterford"},{"name":"Watsonville High","city":"Watsonville"},{"name":"We the People High","city":"Long Beach"},{"name":"Weed High","city":"Weed"},{"name":"West Adams Preparatory High","city":"Los Angeles"},{"name":"West Campus","city":"Sacramento"},{"name":"West Covina High","city":"West Covina"},{"name":"West High","city":"Bakersfield"},{"name":"West High","city":"Torrance"},{"name":"West Hills High","city":"Santee"},{"name":"West Park High","city":"Roseville"},{"name":"West Ranch High","city":"Valencia"},{"name":"West Shores High","city":"Salton City"},{"name":"West Valley Early College High","city":"Cottonwood"},{"name":"West Valley High","city":"Hemet"},{"name":"Western Center Academy","city":"Hemet"},{"name":"Western High","city":"Anaheim"},{"name":"Western Sierra Collegiate Academy","city":"Rocklin"},{"name":"Westlake High","city":"Westlake Village"},{"name":"Westminster High","city":"Westminster"},{"name":"Westmont High","city":"Campbell"},{"name":"Westmoor High","city":"Daly City"},{"name":"Weston Ranch High","city":"Stockton"},{"name":"Westview High","city":"San Diego"},{"name":"Westwood High","city":"Westwood"},{"name":"Whale Gulch High","city":"Whitethorn"},{"name":"Wheatland Union High","city":"Wheatland"},{"name":"Whitmore Charter High","city":"Ceres"},{"name":"Whitney (Gretchen) High","city":"Cerritos"},{"name":"Whitney High","city":"Rocklin"},{"name":"Whittier High","city":"Whittier"},{"name":"Will C. Wood High","city":"Vacaville"},{"name":"William C. Overfelt High","city":"San Jose"},{"name":"William J. (Pete) Knight High","city":"Palmdale"},{"name":"William S. Hart High","city":"Newhall"},{"name":"William Workman High","city":"City Of Industry"},{"name":"Williams Junior/Senior High","city":"Williams"},{"name":"Willits Charter","city":"Willits"},{"name":"Willits High","city":"Willits"},{"name":"Willow Glen High","city":"San Jose"},{"name":"Willows High","city":"Willows"},{"name":"Wilmer Amina Carter High","city":"Rialto"},{"name":"Wilson High","city":"Long Beach"},{"name":"Windsor High","city":"Windsor"},{"name":"Winters High","city":"Winters"},{"name":"WISH Academy High","city":"Los Angeles"},{"name":"Woodbridge High","city":"Irvine"},{"name":"Woodcreek High","city":"Roseville"},{"name":"Woodlake High","city":"Woodlake"},{"name":"Woodland Senior High","city":"Woodland"},{"name":"Woodrow Wilson Senior High","city":"Los Angeles"},{"name":"Woodside High","city":"Woodside"},{"name":"Yerba Buena High","city":"San Jose"},{"name":"Ygnacio Valley High","city":"Concord"},{"name":"Yorba Linda High","city":"Yorba Linda"},{"name":"Yosemite High","city":"Oakhurst"},{"name":"Yosemite Park High","city":"Yosemite"},{"name":"YouthBuild Charter School of California","city":"Los Angeles"},{"name":"Yreka High","city":"Yreka"},{"name":"Yuba City High","city":"Yuba City"},{"name":"Yucaipa High","city":"Yucaipa"},{"name":"Yucca Valley High","city":"Yucca Valley"}]