[{"name":"5280 High School","city":"Denver"},{"name":"Abraham Lincoln High School","city":"Denver"},{"name":"Academy High School","city":"Thornton"},{"name":"Adams City High School","city":"Commerce City"},{"name":"Addenbrooke Classical Academy","city":"Lakewood"},{"name":"Agate Junior Senior High School","city":"Agate"},{"name":"Aguilar Junior-Senior High School","city":"Aguilar"},{"name":"Air Academy High School","city":"Usaf Academy"},{"name":"Akron High School","city":"Akron"},{"name":"Alameda International Junior/Senior High School","city":"Lakewood"},{"name":"Alamosa High School","city":"Alamosa"},{"name":"Animas High School","city":"Durango"},{"name":"Antonito High School","city":"Antonito"},{"name":"Arapahoe High School","city":"Centennial"},{"name":"Arickaree Undivided High School","city":"Anton"},{"name":"Arvada High School","city":"Arvada"},{"name":"Arvada West High School","city":"Arvada"},{"name":"Ascend College Prep","city":"Colorado Springs"},{"name":"Aspen High School","city":"Aspen"},{"name":"Astravo Online Academy High School","city":"Lakewood"},{"name":"Atlas Preparatory High School","city":"Colorado Springs"},{"name":"Aurora West College Preparatory Academy","city":"Aurora"},{"name":"Basalt High School","city":"Basalt"},{"name":"Battle Mountain Early College High School","city":"Edwards"},{"name":"Battle Mountain High School","city":"Edwards"},{"name":"Bayfield High School","city":"Bayfield"},{"name":"Bear Creek High School","city":"Lakewood"},{"name":"Bennett High School","city":"Bennett"},{"name":"Berthoud High School","city":"Berthoud"},{"name":"Boulder High School","city":"Boulder"},{"name":"Briggsdale Undivided High School","city":"Briggsdale"},{"name":"Brighton High School","city":"Brighton"},{"name":"Broomfield High School","city":"Broomfield"},{"name":"Bruce Randolph School","city":"Denver"},{"name":"Brush High School","city":"Brush"},{"name":"Buena Vista High School","city":"Buena Vista"},{"name":"Burlington High School","city":"Burlington"},{"name":"Byers Junior-Senior High School","city":"Byers"},{"name":"Calhan Secondary School","city":"Calhan"},{"name":"Caliche Junior-Senior High School","city":"Iliff"},{"name":"Campo Undivided High School","city":"Campo"},{"name":"Canon City High School","city":"Canon City"},{"name":"Castle View High School","city":"Castle Rock"},{"name":"Cedaredge High School","city":"Cedaredge"},{"name":"Centauri High School","city":"La Jara"},{"name":"Centaurus High School","city":"Lafayette"},{"name":"Centennial High School","city":"Pueblo"},{"name":"Center High School","city":"Center"},{"name":"Center Virtual Academy","city":"Center"},{"name":"Central High School","city":"Grand Junction"},{"name":"Central High School","city":"Pueblo"},{"name":"Chaparral High School","city":"Parker"},{"name":"Chatfield High School","city":"Littleton"},{"name":"Cherokee Trail High School","city":"Aurora"},{"name":"Cherry Creek Elevation","city":"Centennial"},{"name":"Cherry Creek High School","city":"Greenwood Village"},{"name":"Cheyenne Mountain High School","city":"Colorado Springs"},{"name":"Cheyenne Wells Junior/High School","city":"Cheyenne Wells"},{"name":"CIVA Charter Academy","city":"Colorado Springs"},{"name":"Clear Creek High School","city":"Evergreen"},{"name":"Coal Ridge High School","city":"New Castle"},{"name":"Colorado Early Colleges Aurora","city":"Aurora"},{"name":"Colorado Early Colleges Colorado Springs","city":"Colorado Springs"},{"name":"Colorado Early Colleges Douglas County","city":"Parker"},{"name":"Colorado Early Colleges Fort Collins","city":"Fort Collins"},{"name":"Colorado Early Colleges Windsor","city":"Windsor"},{"name":"Colorado Online High School","city":"Lakewood"},{"name":"Colorado Preparatory Academy High School","city":"Westminster"},{"name":"Colorado Virtual Academy High School","city":"Lakewood"},{"name":"Columbine High School","city":"Littleton"},{"name":"Compass Community Collaborative School","city":"Fort Collins"},{"name":"Conifer Senior High School","city":"Conifer"},{"name":"Coronado High School","city":"Colorado Springs"},{"name":"Cotopaxi Junior-Senior High School","city":"Cotopaxi"},{"name":"Crested Butte Secondary School","city":"Crested Butte"},{"name":"Cripple Creek-Victor Junior-Senior High School","city":"Cripple Creek"},{"name":"Crowley County Junior and Senior High School","city":"Ordway"},{"name":"Custer County High School","city":"Westcliffe"},{"name":"D'Evelyn Junior/Senior High School","city":"Denver"},{"name":"Dakota Ridge Senior High School","city":"Littleton"},{"name":"Deer Trail Junior-Senior High School","city":"Deer Trail"},{"name":"Del Norte High Jr./Sr. High School","city":"Del Norte"},{"name":"Delta High School","city":"Delta"},{"name":"Delta Online Learning Academy","city":"Delta"},{"name":"Denver Center for International Studies","city":"Denver"},{"name":"Denver Montessori Junior/Senior High School","city":"Denver"},{"name":"Denver School of Innovation and Sustainable Design","city":"Denver"},{"name":"Denver School of the Arts","city":"Denver"},{"name":"Discovery Canyon Campus High School","city":"Colorado Springs"},{"name":"Doherty High School","city":"Colorado Springs"},{"name":"Dolores Secondary School","city":"Dolores"},{"name":"Douglas County High School","city":"Castle Rock"},{"name":"Dove Creek High School","city":"Dove Creek"},{"name":"Dr. Martin Luther King Jr. Early College","city":"Denver"},{"name":"DSST: Byers High School","city":"Denver"},{"name":"DSST: Cole High School","city":"Denver"},{"name":"DSST: College View High School","city":"Denver"},{"name":"DSST: Conservatory Green High School","city":"Denver"},{"name":"DSST: Green Valley Ranch High School","city":"Denver"},{"name":"DSST: Montview High School","city":"Denver"},{"name":"Durango High School","city":"Durango"},{"name":"Eads High School","city":"Eads"},{"name":"Eagle Ridge Academy","city":"Brighton"},{"name":"Eagle Valley High School","city":"Gypsum"},{"name":"Eaglecrest High School","city":"Centennial"},{"name":"Early College Academy","city":"Greeley"},{"name":"Early College of Arvada","city":"Arvada"},{"name":"East High School","city":"Denver"},{"name":"East High School","city":"Pueblo"},{"name":"Eaton High School","city":"Eaton"},{"name":"eDCSD","city":"Englewood"},{"name":"Edison Junior-Senior High School","city":"Yoder"},{"name":"Edison Prep","city":"Yoder"},{"name":"Elbert Junior-Senior High School","city":"Elbert"},{"name":"Elizabeth High School","city":"Elizabeth"},{"name":"Ellicott Senior High School","city":"Ellicott"},{"name":"Empower Community High School","city":"Aurora"},{"name":"Englewood High School","city":"Englewood"},{"name":"Erie High School","city":"Erie"},{"name":"Estes Park High School","city":"Estes Park"},{"name":"Evergreen High School","city":"Evergreen"},{"name":"Fairview High School","city":"Boulder"},{"name":"Falcon High School","city":"Peyton"},{"name":"Fleming High School","city":"Fleming"},{"name":"Florence Jr./Sr. High School","city":"Florence"},{"name":"Fort Collins High School","city":"Fort Collins"},{"name":"Fort Lupton High School","city":"Fort Lupton"},{"name":"Fort Morgan High School","city":"Fort Morgan"},{"name":"Fossil Ridge High School","city":"Fort Collins"},{"name":"Fountain-Fort Carson High School","city":"Fountain"},{"name":"Fowler High School","city":"Fowler"},{"name":"Frederick Senior High School","city":"Frederick"},{"name":"Fruita Monument High School","city":"Fruita"},{"name":"Gateway High School","city":"Aurora"},{"name":"George Washington High School","city":"Denver"},{"name":"Gilpin County Undivided High School","city":"Black Hawk"},{"name":"Girls Athletic Leadership School High School","city":"Denver"},{"name":"Glenwood Springs High School","city":"Glenwood Springs"},{"name":"Global Leadership Academy","city":"Denver"},{"name":"Golden High School","city":"Golden"},{"name":"Granada Undivided High School","city":"Granada"},{"name":"Grand Junction High School","city":"Grand Junction"},{"name":"Grand Valley High School","city":"Parachute"},{"name":"Grandview High School","city":"Aurora"},{"name":"Greeley Central High School","city":"Greeley"},{"name":"Greeley West High School","city":"Greeley"},{"name":"Green Mountain High School","city":"Lakewood"},{"name":"Gunnison High School","city":"Gunnison"},{"name":"Hanover Junior-Senior High School","city":"Colorado Springs"},{"name":"Hanover Online Academy","city":"Colorado Springs"},{"name":"Harrison High School","city":"Colorado Springs"},{"name":"Haxtun Jr/Sr High School","city":"Haxtun"},{"name":"Hayden High School","city":"Hayden"},{"name":"Heritage High School","city":"Littleton"},{"name":"Highland High School","city":"Ault"},{"name":"Highlands Ranch High School","city":"Highlands Ranch"},{"name":"Hinkley High School","city":"Aurora"},{"name":"Holyoke Senior High School","city":"Holyoke"},{"name":"HOPE Online Learning Academy High School","city":"Englewood"},{"name":"Horizon High School","city":"Brighton"},{"name":"Idalia Junior-Senior High School","city":"Idalia"},{"name":"Ignacio High School","city":"Ignacio"},{"name":"James Irwin Charter High School","city":"Colorado Springs"},{"name":"Jefferson Academy High School","city":"Broomfield"},{"name":"Jefferson County Open Secondary","city":"Lakewood"},{"name":"Jefferson Junior/Senior High School","city":"Edgewater"},{"name":"John F Kennedy High School","city":"Denver"},{"name":"John Mall Jr/Sr High School","city":"Walsenburg"},{"name":"Julesburg High School","city":"Julesburg"},{"name":"Karval Junior-Senior High School","city":"Karval"},{"name":"Kim Undivided High School","city":"Kim"},{"name":"Kiowa High School","city":"Kiowa"},{"name":"KIPP Denver Collegiate High School","city":"Denver"},{"name":"KIPP Northeast Denver Leadership Academy","city":"Denver"},{"name":"Kit Carson Junior-Senior High School","city":"Kit Carson"},{"name":"La Junta Jr/Sr High School","city":"La Junta"},{"name":"La Veta Junior-Senior High School","city":"La Veta"},{"name":"Lake County High School","city":"Leadville"},{"name":"Lakewood High School","city":"Lakewood"},{"name":"Lamar High School","city":"Lamar"},{"name":"Las Animas High School","city":"Las Animas"},{"name":"Legacy High School","city":"Broomfield"},{"name":"Legend High School","city":"Parker"},{"name":"Lewis-Palmer High School","city":"Monument"},{"name":"Liberty High School","city":"Colorado Springs"},{"name":"Limon Junior-Senior High School","city":"Limon"},{"name":"Littleton High School","city":"Littleton"},{"name":"Lone Star Undivided High School","city":"Otis"},{"name":"Longmont High School","city":"Longmont"},{"name":"Loveland High School","city":"Loveland"},{"name":"Lyons Middle/Senior High School","city":"Lyons"},{"name":"Mancos High School","city":"Mancos"},{"name":"Manitou Springs High School","city":"Manitou Springs"},{"name":"Manual High School","city":"Denver"},{"name":"Manzanola Junior-Senior High School","city":"Manzanola"},{"name":"Mapleton Early Career Preparation","city":"Thornton"},{"name":"Mapleton Expeditionary School of the Arts","city":"Thornton"},{"name":"McClave Undivided High School","city":"Mc Clave"},{"name":"Mead High School","city":"Longmont"},{"name":"Meeker High School","city":"Meeker"},{"name":"Merino Junior Senior High School","city":"Merino"},{"name":"Mesa Ridge High School","city":"Colorado Springs"},{"name":"Miami-Yoder Middle/High School","city":"Rush"},{"name":"Middle Park High School","city":"Granby"},{"name":"Mitchell High School","city":"Colorado Springs"},{"name":"Moffat County High School","city":"Craig"},{"name":"Monarch High School","city":"Louisville"},{"name":"Montbello High School","city":"Denver"},{"name":"Monte Vista Senior High School","city":"Monte Vista"},{"name":"Montezuma-Cortez High School","city":"Cortez"},{"name":"Montrose High School","city":"Montrose"},{"name":"Mountain Range High School","city":"Westminster"},{"name":"Mountain View High School","city":"Loveland"},{"name":"Mountain Vista High School","city":"Highlands Ranch"},{"name":"Nederland Middle-Senior High School","city":"Nederland"},{"name":"New Vista High School","city":"Boulder"},{"name":"Niwot High School","city":"Niwot"},{"name":"North Fork High School","city":"Hotchkiss"},{"name":"North High School","city":"Denver"},{"name":"Northeast Early College","city":"Denver"},{"name":"Northfield High School","city":"Denver"},{"name":"Northglenn High School","city":"Northglenn"},{"name":"Northridge High School","city":"Greeley"},{"name":"Nucla High School","city":"Nucla"},{"name":"Olathe Middle/High School","city":"Olathe"},{"name":"Otis Junior-Senior High School","city":"Otis"},{"name":"Ouray Senior High School","city":"Ouray"},{"name":"Overland High School","city":"Aurora"},{"name":"Pagosa Springs High School","city":"Pagosa Springs"},{"name":"Palisade High School","city":"Palisade"},{"name":"Palmer High School","city":"Colorado Springs"},{"name":"Palmer Ridge High School","city":"Monument"},{"name":"Peetz Junior-Senior High School","city":"Peetz"},{"name":"Peyton College Academy","city":"Peyton"},{"name":"Peyton Senior High School","city":"Peyton"},{"name":"Pikes Peak Early College","city":"Colorado Springs"},{"name":"Pine Creek High School","city":"Colorado Springs"},{"name":"Plainview Junior-Senior High School","city":"Sheridan Lake"},{"name":"Plateau Valley High School","city":"Collbran"},{"name":"Platte Canyon High School","city":"Bailey"},{"name":"Platte Valley High School","city":"Kersey"},{"name":"Pomona High School","city":"Arvada"},{"name":"Ponderosa High School","city":"Parker"},{"name":"Poudre High School","city":"Fort Collins"},{"name":"Prairie Junior-Senior High School","city":"New Raymer"},{"name":"Prairie View High School","city":"Henderson"},{"name":"Primero Junior-Senior High School","city":"Weston"},{"name":"Pritchett High School","city":"Pritchett"},{"name":"Pueblo County High School","city":"Pueblo"},{"name":"Pueblo West High School","city":"Pueblo West"},{"name":"Ralston Valley Senior High School","city":"Arvada"},{"name":"Rampart High School","city":"Colorado Springs"},{"name":"Rangely Junior/Senior High School","city":"Rangely"},{"name":"Rangeview High School","city":"Aurora"},{"name":"Renaissance Secondary School","city":"Castle Rock"},{"name":"Revere Junior-Senior High School","city":"Ovid"},{"name":"Ridgway High School","city":"Ridgway"},{"name":"Rifle High School","city":"Rifle"},{"name":"Riverdale Ridge High School","city":"Thornton"},{"name":"Roaring Fork High School","city":"Carbondale"},{"name":"Rock Canyon High School","city":"Highlands Ranch"},{"name":"Rocky Ford Junior/Senior High School","city":"Rocky Ford"},{"name":"Rocky Mountain High School","city":"Fort Collins"},{"name":"Roosevelt High School","city":"Johnstown"},{"name":"Rye High School","city":"Rye"},{"name":"Salida High School","city":"Salida"},{"name":"Sand Creek High School","city":"Colorado Springs"},{"name":"Sanford Junior/Senior High School","city":"Sanford"},{"name":"Sangre de Cristo Undivided High School","city":"Mosca"},{"name":"Sargent Senior High School","city":"Monte Vista"},{"name":"Severance High School","city":"Severance"},{"name":"Sheridan High School","city":"Englewood"},{"name":"Sierra High School","city":"Colorado Springs"},{"name":"Silver Creek High School","city":"Longmont"},{"name":"Silverton High School","city":"Silverton"},{"name":"Simla High School","city":"Simla"},{"name":"Skyline High School","city":"Longmont"},{"name":"Smoky Hill High School","city":"Aurora"},{"name":"Soroco High School","city":"Oak Creek"},{"name":"South High School","city":"Denver"},{"name":"South High School","city":"Pueblo"},{"name":"South Park High School","city":"Fairplay"},{"name":"Southwest Colorado eSchool","city":"Durango"},{"name":"Springfield Junior/Senior High School","city":"Springfield"},{"name":"Standley Lake High School","city":"Westminster"},{"name":"Steamboat Springs High School","city":"Steamboat Springs"},{"name":"Sterling High School","city":"Sterling"},{"name":"Strasburg High School","city":"Strasburg"},{"name":"Stratton Senior High School","city":"Stratton"},{"name":"STRIVE Prep - Rise","city":"Denver"},{"name":"STRIVE Prep - Smart Academy","city":"Denver"},{"name":"Summit High School","city":"Breckenridge"},{"name":"Swallows Charter Academy High School","city":"Pueblo West"},{"name":"Swink Junior-Senior High School","city":"Swink"},{"name":"TCA College Pathways","city":"Colorado Springs"},{"name":"Telluride High School","city":"Telluride"},{"name":"The Classical Academy High School","city":"Colorado Springs"},{"name":"The Vanguard School (High)","city":"Colorado Springs"},{"name":"Thomas Jefferson High School","city":"Denver"},{"name":"Thompson Valley High School","city":"Loveland"},{"name":"Thornton High School","city":"Thornton"},{"name":"Thunderridge High School","city":"Highlands Ranch"},{"name":"Trinidad High School","city":"Trinidad"},{"name":"Union Colony Preparatory School","city":"Greeley"},{"name":"Valley High School","city":"Gilcrest"},{"name":"Victory Preparatory Academy High State Charter Sch","city":"Commerce City"},{"name":"Vilas Undivided High School","city":"Vilas"},{"name":"Village High School","city":"Colorado Springs"},{"name":"Vista Peak 9-12 Preparatory","city":"Aurora"},{"name":"Vista Ridge High School","city":"Colorado Springs"},{"name":"Walsh High School","city":"Walsh"},{"name":"Weld Central Senior High School","city":"Keenesburg"},{"name":"Weldon Valley Jr/Sr High School","city":"Weldona"},{"name":"West Grand High School","city":"Kremmling"},{"name":"West High School","city":"Denver"},{"name":"Westminster High School","city":"Westminster"},{"name":"Wheat Ridge High School","city":"Wheat Ridge"},{"name":"Widefield High School","city":"Colorado Springs"},{"name":"Wiggins High School","city":"Wiggins"},{"name":"Wiley Junior-Senior High School","city":"Wiley"},{"name":"William Smith High School","city":"Aurora"},{"name":"Windsor Charter Academy Early College High School","city":"Windsor"},{"name":"Windsor High School","city":"Windsor"},{"name":"Woodland Park High School","city":"Woodland Park"},{"name":"Woodlin Undivided High School","city":"Woodrow"},{"name":"World Academy High School","city":"Eagle"},{"name":"Wray Junior Senior High School","city":"Wray"},{"name":"Yuma High School","city":"Yuma"}]