[{"name":"Academy of Aerospace and Engineering","city":"Windsor"},{"name":"Academy of Computer Science and Engineering","city":"Enfield"},{"name":"Academy of International Studies 6-12","city":"Bloomfield"},{"name":"Academy of Science and Innovation","city":"New Britain"},{"name":"Aerospace/Hydrospace Engineering and Physical Sciences Magne","city":"Bridgeport"},{"name":"Amity Regional High School","city":"Woodbridge"},{"name":"Ansonia High School","city":"Ansonia"},{"name":"Arts at the Capitol Theater Magnet School (ACT)","city":"Willimantic"},{"name":"Avon High School","city":"Avon"},{"name":"Bacon Academy","city":"Colchester"},{"name":"Bassick High School","city":"Bridgeport"},{"name":"Berlin High School","city":"Berlin"},{"name":"Bethel High School","city":"Bethel"},{"name":"Biotechnology Research & Zoological Studies Magnet High Scho","city":"Bridgeport"},{"name":"Bloomfield High School","city":"Bloomfield"},{"name":"Bolton High School","city":"Bolton"},{"name":"Branford High School","city":"Branford"},{"name":"Bridgeport Military Academy","city":"Bridgeport"},{"name":"Brien McMahon High School","city":"Norwalk"},{"name":"Bristol Central High School","city":"Bristol"},{"name":"Bristol Eastern High School","city":"Bristol"},{"name":"Brookfield High School","city":"Brookfield"},{"name":"Bulkeley High School","city":"Hartford"},{"name":"Bunnell High School","city":"Stratford"},{"name":"Canton High School","city":"Canton"},{"name":"Center for Global Studies","city":"Norwalk"},{"name":"Central High School","city":"Bridgeport"},{"name":"Cheshire High School","city":"Cheshire"},{"name":"Classical Magnet School","city":"Hartford"},{"name":"Coginchaug Regional High School","city":"Durham"},{"name":"Common Ground High School","city":"New Haven"},{"name":"Conard High School","city":"West Hartford"},{"name":"Connecticut IB Academy","city":"East Hartford"},{"name":"Connecticut River Academy at Goodwin University","city":"East Hartford"},{"name":"Cooperative High School - Inter-District Magnet","city":"New Haven"},{"name":"Coventry High School","city":"Coventry"},{"name":"Cromwell High School","city":"Cromwell"},{"name":"Crosby High School","city":"Waterbury"},{"name":"Danbury High School","city":"Danbury"},{"name":"Daniel Hand High School","city":"Madison"},{"name":"Darien High School","city":"Darien"},{"name":"Derby High School","city":"Derby"},{"name":"E. O. Smith High School","city":"Storrs"},{"name":"East Granby High School","city":"East Granby"},{"name":"East Hampton High School","city":"East Hampton"},{"name":"East Hartford High School","city":"East Hartford"},{"name":"East Haven High School","city":"East Haven"},{"name":"East Lyme High School","city":"East Lyme"},{"name":"East Windsor High School","city":"East Windsor"},{"name":"Ellington High School","city":"Ellington"},{"name":"Enfield High School","city":"Enfield"},{"name":"Engineering - Science University Magnet School","city":"West Haven"},{"name":"Explorations","city":"Winsted"},{"name":"Fairfield Ludlowe High School","city":"Fairfield"},{"name":"Fairfield Warde High School","city":"Fairfield"},{"name":"Farmington High School","city":"Farmington"},{"name":"Francis T. Maloney High School","city":"Meriden"},{"name":"Glastonbury High School","city":"Glastonbury"},{"name":"Global Experience Magnet School","city":"Bloomfield"},{"name":"Granby Memorial High School","city":"Granby"},{"name":"Great Oaks Charter School","city":"Bridgeport"},{"name":"Great Path Academy at MCC","city":"Manchester"},{"name":"Greater Hartford Academy of the Arts High School - Full Day","city":"Hartford"},{"name":"Greenwich High School","city":"Greenwich"},{"name":"Griswold High School","city":"Griswold"},{"name":"Guilford High School","city":"Guilford"},{"name":"Haddam-Killingworth High School","city":"Higganum"},{"name":"Hall High School","city":"West Hartford"},{"name":"Hamden High School","city":"Hamden"},{"name":"Hartford Magnet Trinity College Academy","city":"Hartford"},{"name":"Hartford Public High School","city":"Hartford"},{"name":"High School In The Community","city":"New Haven"},{"name":"Hill Regional Career High School","city":"New Haven"},{"name":"Housatonic Valley Regional High School","city":"Falls Village"},{"name":"Information Technology & Software Engineering Magnet High Sc","city":"Bridgeport"},{"name":"James Hillhouse High School","city":"New Haven"},{"name":"Joel Barlow High School","city":"Redding"},{"name":"John F. Kennedy High School","city":"Waterbury"},{"name":"Jonathan Law High School","city":"Milford"},{"name":"Joseph A. Foran High School","city":"Milford"},{"name":"Killingly High School","city":"Dayville"},{"name":"Ledyard High School","city":"Ledyard"},{"name":"Lewis S. Mills High School","city":"Burlington"},{"name":"Litchfield High School","city":"Litchfield"},{"name":"Lyman Hall High School","city":"Wallingford"},{"name":"Lyman Memorial High School","city":"Lebanon"},{"name":"Lyme-Old Lyme High School","city":"Old Lyme"},{"name":"Manchester High School","city":"Manchester"},{"name":"Marine Science Magnet High School","city":"Groton"},{"name":"Mark T. Sheehan High School","city":"Wallingford"},{"name":"Masuk High School","city":"Monroe"},{"name":"Metropolitan Business Academy","city":"New Haven"},{"name":"Middletown High School","city":"Middletown"},{"name":"Montville High School","city":"Oakdale"},{"name":"Nathan Hale-Ray High School","city":"Moodus"},{"name":"Naugatuck High School","city":"Naugatuck"},{"name":"New Britain High School","city":"New Britain"},{"name":"New Canaan High School","city":"New Canaan"},{"name":"New Fairfield High School","city":"New Fairfield"},{"name":"New Haven Academy","city":"New Haven"},{"name":"New London High School","city":"New London"},{"name":"New London Visual and Performing Arts Magnet School","city":"New London"},{"name":"New Milford High School","city":"New Milford"},{"name":"Newington High School","city":"Newington"},{"name":"Newtown High School","city":"Sandy Hook"},{"name":"Nonnewaug High School","city":"Woodbury"},{"name":"North Branford High School","city":"North Branford"},{"name":"North Haven High School","city":"North Haven"},{"name":"Northwestern Regional High School","city":"Winsted"},{"name":"Norwalk High School","city":"Norwalk"},{"name":"Norwich Free Academy","city":"Norwich"},{"name":"Old Saybrook Senior High School","city":"Old Saybrook"},{"name":"Orville H. Platt High School","city":"Meriden"},{"name":"Oxford High School","city":"Oxford"},{"name":"P-TECH Norwalk","city":"Norwalk"},{"name":"Parish Hill High School","city":"Chaplin"},{"name":"Pathways Academy of Technology and Design","city":"East Hartford"},{"name":"Plainfield High School","city":"Central Village"},{"name":"Plainville High School","city":"Plainville"},{"name":"Pomperaug Regional High School","city":"Southbury"},{"name":"Portland High School","city":"Portland"},{"name":"Putnam High School","city":"Putnam"},{"name":"Quinebaug Middle College","city":"Danielson"},{"name":"RHAM High School","city":"Hebron"},{"name":"Ridgefield High School","city":"Ridgefield"},{"name":"Robert E. Fitch High School","city":"Groton"},{"name":"Rockville High School","city":"Vernon"},{"name":"Rocky Hill High School","city":"Rocky Hill"},{"name":"Science and Technology Magnet Pathway for High School Grades","city":"New London"},{"name":"Seymour High School","city":"Seymour"},{"name":"Shelton High School","city":"Shelton"},{"name":"Shepaug Valley School","city":"Washington"},{"name":"Simsbury High School","city":"Simsbury"},{"name":"Somers High School","city":"Somers"},{"name":"Sound School","city":"New Haven"},{"name":"South Windsor High School","city":"South Windsor"},{"name":"Southington High School","city":"Southington"},{"name":"Sport and Medical Sciences Academy","city":"Hartford"},{"name":"Stafford High School","city":"Stafford Springs"},{"name":"Stamford High School","city":"Stamford"},{"name":"Staples High School","city":"Westport"},{"name":"Stonington High School","city":"Pawcatuck"},{"name":"Stratford High School","city":"Stratford"},{"name":"Suffield High School","city":"West Suffield"},{"name":"Terryville High School","city":"Terryville"},{"name":"The Academy of Information Technology & Engineering","city":"Stamford"},{"name":"The Bridge Academy","city":"Bridgeport"},{"name":"The Gilbert School","city":"Winsted"},{"name":"The Morgan School","city":"Clinton"},{"name":"The Woodstock Academy","city":"Woodstock"},{"name":"Thomaston High School","city":"Thomaston"},{"name":"Three Rivers Middle College Magnet School","city":"Norwich"},{"name":"Tolland High School","city":"Tolland"},{"name":"Torrington High School","city":"Torrington"},{"name":"Tourtellotte Memorial High School","city":"North Grosvenordale"},{"name":"Trumbull High School","city":"Trumbull"},{"name":"University High School of Science and Engineering","city":"Hartford"},{"name":"Valley Regional High School","city":"Deep River"},{"name":"Wamogo Regional High School","city":"Litchfield"},{"name":"Warren Harding High School","city":"Bridgeport"},{"name":"Waterbury Arts Magnet School","city":"Waterbury"},{"name":"Waterbury Career Academy","city":"Waterbury"},{"name":"Waterford High School","city":"Waterford"},{"name":"Watertown High School","city":"Watertown"},{"name":"Weaver High School","city":"Hartford"},{"name":"West Haven High School","city":"West Haven"},{"name":"Westbrook High School","city":"Westbrook"},{"name":"Westhill High School","city":"Stamford"},{"name":"Weston High School","city":"Weston"},{"name":"Wethersfield High School","city":"Wethersfield"},{"name":"Wheeler High School","city":"North Stonington"},{"name":"Wilbur Cross High School","city":"New Haven"},{"name":"Wilby High School","city":"Waterbury"},{"name":"Wilton High School","city":"Wilton"},{"name":"Windham High School","city":"Willimantic"},{"name":"Windsor High School","city":"Windsor"},{"name":"Windsor Locks High School","city":"Windsor Locks"},{"name":"Wolcott High School","city":"Wolcott"},{"name":"Woodland Regional High School","city":"Beacon Falls"}]