[{"name":"Able Christian School","city":"Mcdonough","type":"private"},{"name":"Academe of the Oaks","city":"Decatur","type":"private"},{"name":"Academy of Richmond County High School","city":"Augusta","type":"public"},{"name":"Adairsville High School","city":"Adairsville","type":"public"},{"name":"Advance Learning Center","city":"Kingsland","type":"private"},{"name":"Al Falah Academy","city":"Norcross","type":"private"},{"name":"Al Furquan Academy","city":"Norcross","type":"private"},{"name":"Alcovy High School","city":"Covington","type":"public"},{"name":"Alexander High School","city":"Douglasville","type":"public"},{"name":"Alexsander Academy","city":"Alpharetta","type":"private"},{"name":"Allatoona High School","city":"Acworth","type":"public"},{"name":"Alleluia Community School","city":"Augusta","type":"private"},{"name":"Alliance Academy for Innovation","city":"Cumming","type":"public"},{"name":"Alpharetta High School","city":"Alpharetta","type":"public"},{"name":"Apalachee High School","city":"Winder","type":"public"},{"name":"Appling Christian Academy","city":"Baxley","type":"private"},{"name":"Appling County High School","city":"Baxley","type":"public"},{"name":"Aquinas High School","city":"Augusta","type":"private"},{"name":"Arabia Mountain High School - Academy of Engineering- Medic","city":"Lithonia","type":"public"},{"name":"Archer High School","city":"Lawrenceville","type":"public"},{"name":"Armuchee High School","city":"Rome","type":"public"},{"name":"Arrow Academy Alternative School","city":"Franklin","type":"public"},{"name":"Athens Academy","city":"Athens","type":"private"},{"name":"Athens Christian School","city":"Athens","type":"private"},{"name":"Atkinson County High School","city":"Pearson","type":"public"},{"name":"Atlanta Adventist Academy","city":"Duluth","type":"private"},{"name":"Atlanta Girls School","city":"Atlanta","type":"private"},{"name":"Augusta Christian","city":"Martinez","type":"private"},{"name":"Augusta Preparatory Day School","city":"Martinez","type":"private"},{"name":"AZ Kelsey Academy","city":"Griffin","type":"public"},{"name":"B.E.S.T Academy","city":"Atlanta","type":"public"},{"name":"Bacon County High School","city":"Alma","type":"public"},{"name":"Bainbridge High School","city":"Bainbridge","type":"public"},{"name":"Baldwin High School","city":"Milledgeville","type":"public"},{"name":"Banks County High School","city":"Homer","type":"public"},{"name":"Banneker High School","city":"College Park","type":"public"},{"name":"Barnes Academy","city":"Hartwell","type":"private"},{"name":"Barrow Arts and Sciences Academy","city":"Winder","type":"public"},{"name":"Beach High School","city":"Savannah","type":"public"},{"name":"Ben Franklin Academy","city":"Atlanta","type":"private"},{"name":"Benedictine Military School","city":"Savannah","type":"private"},{"name":"Benjamin E. Mays High School","city":"Atlanta","type":"public"},{"name":"Berkmar High School","city":"Lilburn","type":"public"},{"name":"Berrien Academy Performance Learning Center","city":"Nashville","type":"public"},{"name":"Berrien High School","city":"Nashville","type":"public"},{"name":"Bethesda Academy","city":"Savannah","type":"private"},{"name":"Bethlehem Christian Academy","city":"Bethlehem","type":"private"},{"name":"Bible Baptist Christian School","city":"Hampton","type":"private"},{"name":"Bleckley County High School","city":"Cochran","type":"public"},{"name":"Bleckley County Success Academy","city":"Cochran","type":"public"},{"name":"Blessed Trinity Catholic High School","city":"Roswell","type":"private"},{"name":"Booker T. Washington High School","city":"Atlanta","type":"public"},{"name":"Bowdon High School","city":"Bowdon","type":"public"},{"name":"Bradfield Center - Ault Academy","city":"LaGrange","type":"public"},{"name":"Bradwell Institute","city":"Hinesville","type":"public"},{"name":"Brandon Hall School","city":"Atlanta","type":"private"},{"name":"Brantley County High School","city":"Nahunta","type":"public"},{"name":"Bremen High School","city":"Bremen","type":"public"},{"name":"Brentwood School","city":"Sandersville","type":"private"},{"name":"Briarwood Academy","city":"Warrenton","type":"private"},{"name":"Bridge Academy","city":"College Park","type":"private"},{"name":"Bridgeway Christian Academy","city":"Alpharetta","type":"private"},{"name":"Bright Futures Academy","city":"Atlanta","type":"private"},{"name":"Brooks County High School","city":"Quitman","type":"public"},{"name":"Brookwood Christian Language School","city":"Acworth","type":"private"},{"name":"Brookwood High School","city":"Snellville","type":"public"},{"name":"Brunswick Christian Academy","city":"Brunswick","type":"private"},{"name":"Brunswick High School","city":"Brunswick","type":"public"},{"name":"Bryan County High School","city":"Pembroke","type":"public"},{"name":"Buford High School","city":"Buford","type":"public"},{"name":"Bulloch Academy","city":"Statesboro","type":"private"},{"name":"Burke County High School","city":"Waynesboro","type":"public"},{"name":"Butler Christian Academy","city":"Savannah","type":"private"},{"name":"Butler High School","city":"Augusta","type":"public"},{"name":"Byne Christian School","city":"Albany","type":"private"},{"name":"Byron Christian Academy","city":"Byron","type":"private"},{"name":"Cairo High School","city":"Cairo","type":"public"},{"name":"Calhoun County High School","city":"Edison","type":"public"},{"name":"Calhoun High School","city":"Calhoun","type":"public"},{"name":"Callaway High School","city":"Hogansville","type":"public"},{"name":"Calvary Christian School","city":"Columbus","type":"private"},{"name":"Calvary Day School","city":"Savannah","type":"private"},{"name":"Cambridge High School","city":"Milton","type":"public"},{"name":"Camden Christian Academy","city":"Kingsland","type":"private"},{"name":"Camden County High School","city":"Kingsland","type":"public"},{"name":"Campbell High School","city":"Smyrna","type":"public"},{"name":"Canton Homeschool Resources and the Haven Academy","city":"Canton","type":"private"},{"name":"Capstone Academy Atlanta","city":"Atlanta","type":"private"},{"name":"Carrollton High School","city":"Carrollton","type":"public"},{"name":"Cartersville High School","city":"Cartersville","type":"public"},{"name":"Carver High School","city":"Atlanta","type":"public"},{"name":"Carver High School","city":"Columbus","type":"public"},{"name":"Carver High School Early College","city":"Atlanta","type":"public"},{"name":"Cass High School","city":"White","type":"public"},{"name":"Cedar Grove High School","city":"Ellenwood","type":"public"},{"name":"Cedar Shoals High School","city":"Athens","type":"public"},{"name":"Cedartown High School","city":"Cedartown","type":"public"},{"name":"Centennial High School","city":"Roswell","type":"public"},{"name":"Central Fellowship Christian Academy","city":"Macon","type":"private"},{"name":"Central Gwinnett High School","city":"Lawrenceville","type":"public"},{"name":"Central High School","city":"Macon","type":"public"},{"name":"Central High School","city":"Carrollton","type":"public"},{"name":"Chamblee High School","city":"Chamblee","type":"public"},{"name":"Chapel Hill High School","city":"Douglasville","type":"public"},{"name":"Charles Drew Charter JA/SR Academy","city":"Atlanta","type":"public"},{"name":"Charles R. Drew High School","city":"Riverdale","type":"public"},{"name":"Charlton County High School","city":"Folkston","type":"public"},{"name":"Chatham Academy","city":"Savannah","type":"private"},{"name":"Chattahoochee County High School","city":"Cusseta","type":"public"},{"name":"Chattahoochee High School","city":"Alpharetta","type":"public"},{"name":"Chattooga High School","city":"Summerville","type":"public"},{"name":"Cherokee Bluff High School","city":"Flowery Branch","type":"public"},{"name":"Cherokee Christian Schools","city":"Woodstock","type":"private"},{"name":"Cherokee High School","city":"Canton","type":"public"},{"name":"Chestatee High School","city":"Gainesville","type":"public"},{"name":"Choice Educational Academy","city":"Lawrenceville","type":"private"},{"name":"Christian Heritage School","city":"Dalton","type":"private"},{"name":"Chrysalis Experiential Academy Inc. Dba Promise Pr","city":"Cumming","type":"private"},{"name":"Citizens Christian Academy","city":"Douglas","type":"private"},{"name":"Clarke Central High School","city":"Athens","type":"public"},{"name":"Clarkston High School","city":"Clarkston","type":"public"},{"name":"Classic City High School","city":"Athens","type":"public"},{"name":"Claxton High School","city":"Claxton","type":"public"},{"name":"Clearwater Academy","city":"Peachtree City","type":"private"},{"name":"Clearwater Academy","city":"Tyrone","type":"private"},{"name":"Clinch County High School","city":"Homerville","type":"public"},{"name":"Coahulla Creek High School","city":"Dalton","type":"public"},{"name":"Coastal Plains Charter High School","city":"Brunswick","type":"public"},{"name":"Cobb Horizon High School","city":"Atlanta","type":"public"},{"name":"Coffee County High School","city":"Douglas","type":"public"},{"name":"Collins Hill High School","city":"Suwanee","type":"public"},{"name":"Colquitt Christian Academy","city":"Moultrie","type":"private"},{"name":"Colquitt County High School","city":"Norman Park","type":"public"},{"name":"Columbia High School","city":"Decatur","type":"public"},{"name":"Columbus High School","city":"Columbus","type":"public"},{"name":"Commerce High School","city":"Commerce","type":"public"},{"name":"Community Christian Academy","city":"Adel","type":"private"},{"name":"Community Christian Academy","city":"Martinez","type":"private"},{"name":"Community Christian School","city":"Stockbridge","type":"private"},{"name":"Compass Prep Academy","city":"Holly Springs","type":"private"},{"name":"Cook High School","city":"Adel","type":"public"},{"name":"Coosa High School","city":"Rome","type":"public"},{"name":"Cornerstone Preparatory Academy","city":"Acworth","type":"private"},{"name":"Cornerstone Schools","city":"Cumming","type":"private"},{"name":"Corretta Scott King Young Womens' Leadership Academy","city":"Atlanta","type":"public"},{"name":"Counterpane School","city":"Fayetteville","type":"private"},{"name":"Covenant Academy","city":"Macon","type":"private"},{"name":"Covenant Christian Academy","city":"Cumming","type":"private"},{"name":"Covington Academy","city":"Covington","type":"private"},{"name":"Crawford County High School","city":"Roberta","type":"public"},{"name":"Creekside Christian Academy","city":"Mcdonough","type":"private"},{"name":"Creekside High School","city":"Fairburn","type":"public"},{"name":"Creekview High School","city":"Canton","type":"public"},{"name":"Crestwood Christian Academy","city":"Tyrone","type":"private"},{"name":"Crisp Academy","city":"Cordele","type":"private"},{"name":"Crisp County High School","city":"Cordele","type":"public"},{"name":"Cristo Rey Atlanta Jesuit High School","city":"Atlanta","type":"private"},{"name":"Cross Creek High School","city":"Augusta","type":"public"},{"name":"Cross Keys High School","city":"Brookhaven","type":"public"},{"name":"Cumberland Academy of Georgia","city":"Atlanta","type":"private"},{"name":"Cumberland Christian Academy","city":"Austell","type":"private"},{"name":"Curtis Baptist School (pk-12)","city":"Augusta","type":"private"},{"name":"D. M. Therrell High School","city":"Atlanta","type":"public"},{"name":"DAC (Dodge County Achievement Center)","city":"Eastman","type":"public"},{"name":"Dacula High School","city":"Dacula","type":"public"},{"name":"Dade County High School","city":"Trenton","type":"public"},{"name":"Dalton High School","city":"Dalton","type":"public"},{"name":"Dar-un-noor Atlanta Science Academy","city":"Atlanta","type":"private"},{"name":"Darlington School","city":"Rome","type":"private"},{"name":"David Emanuel Academy","city":"Stillmore","type":"private"},{"name":"Davidson Magnet School","city":"Augusta","type":"public"},{"name":"Dawson County High School","city":"Dawsonville","type":"public"},{"name":"Decatur High School","city":"Decatur","type":"public"},{"name":"Deerfield-windsor School","city":"Albany","type":"private"},{"name":"Dekalb Early College Academy","city":"Stone Mountain","type":"public"},{"name":"DeKalb School of the Arts","city":"Avondale Estates","type":"public"},{"name":"Delta Innovative School","city":"Quitman","type":"public"},{"name":"Denmark High School","city":"Alpharetta","type":"public"},{"name":"Devereux Georgia - Ackerman Academy","city":"Kennesaw","type":"private"},{"name":"Discovery High School","city":"Lawrenceville","type":"public"},{"name":"Dodge County High School","city":"Eastman","type":"public"},{"name":"Dooly County High School","city":"Vienna","type":"public"},{"name":"Dooly County Prep Academy","city":"Vienna","type":"public"},{"name":"Dougherty Comprehensive High School","city":"Albany","type":"public"},{"name":"Douglas County High School","city":"Douglasville","type":"public"},{"name":"Druid Hills High School","city":"Atlanta","type":"public"},{"name":"Dublin High School","city":"Dublin","type":"public"},{"name":"Duluth High School","city":"Duluth","type":"public"},{"name":"Dunwoody High School","city":"Dunwoody","type":"public"},{"name":"Dutchtown High","city":"Hampton","type":"public"},{"name":"E.b.l.a. H.s. Academy","city":"Milledgeville","type":"private"},{"name":"Eagle Ranch School","city":"Flowery Branch","type":"private"},{"name":"Eagle's Landing High School","city":"McDonough","type":"public"},{"name":"Early County High School","city":"Blakely","type":"public"},{"name":"East Coweta High School","city":"Sharpsburg","type":"public"},{"name":"East Forsyth High School","city":"Gainesville","type":"public"},{"name":"East Hall High School","city":"Gainesville","type":"public"},{"name":"East Jackson Comprehensive High School","city":"Commerce","type":"public"},{"name":"East Laurens High School","city":"East Dublin","type":"public"},{"name":"East Paulding High School","city":"Dallas","type":"public"},{"name":"Eastgate Christian Academy","city":"Savannah","type":"private"},{"name":"Eastgate Life Academy","city":"Hiawassee","type":"private"},{"name":"Eastside High School","city":"Covington","type":"public"},{"name":"Eaton Academy Inc","city":"Roswell","type":"private"},{"name":"Echols County High School","city":"Statenville","type":"public"},{"name":"Edmund Burke Academy","city":"Waynesboro","type":"private"},{"name":"Effingham County High School","city":"Springfield","type":"public"},{"name":"Elbert County High School","city":"Elberton","type":"public"},{"name":"Elite Scholars Academy School","city":"Jonesboro","type":"public"},{"name":"Elizabeth Andrews High School","city":"Stone Mountain","type":"public"},{"name":"Emanuel County Institute","city":"Twin City","type":"public"},{"name":"Etowah High School","city":"Woodstock","type":"public"},{"name":"Evangel Temple Christian Academy","city":"Morrow","type":"private"},{"name":"Evans Christian Academy","city":"Evans","type":"private"},{"name":"Evans High School","city":"Evans","type":"public"},{"name":"EXCEL Academy","city":"McDonough","type":"public"},{"name":"Faith Academy","city":"Loganville","type":"private"},{"name":"Faith Academy","city":"Stockbridge","type":"private"},{"name":"Faith Academy","city":"Conyers","type":"private"},{"name":"Faith Academy - Stockbridge","city":"Stockbridge","type":"private"},{"name":"Faith Academy -buford","city":"Buford","type":"private"},{"name":"Faith Baptist Christian Academy","city":"Ludowici","type":"private"},{"name":"Faith Christian Academy","city":"Waynesboro","type":"private"},{"name":"Fannin County High School","city":"Blue Ridge","type":"public"},{"name":"Fayette County High School","city":"Fayetteville","type":"public"},{"name":"Fellowship Christian School","city":"Roswell","type":"private"},{"name":"Fideles Christian School","city":"Cumming","type":"private"},{"name":"First Presbyterian Christian Academy","city":"Hinesville","type":"private"},{"name":"First Presbyterian Day School","city":"Macon","type":"private"},{"name":"Fitzgerald High School School College and Career Academy","city":"Fitzgerald","type":"public"},{"name":"Fleming Day School","city":"Lithonia","type":"private"},{"name":"Flowery Branch High","city":"Flowery Branch","type":"public"},{"name":"Foothills Charter High School (Central Office - Athens)","city":"Athens","type":"public"},{"name":"Forest Park High School","city":"Forest Park","type":"public"},{"name":"Forsyth Central High School","city":"Cumming","type":"public"},{"name":"Franklin County High School","city":"Carnesville","type":"public"},{"name":"Frederica Academy","city":"Saint Simons Island","type":"private"},{"name":"Frederick Douglass High School","city":"Atlanta","type":"public"},{"name":"Friendship Christian School","city":"Suwanee","type":"private"},{"name":"Friendship Christian School Upper School","city":"Suwanee","type":"private"},{"name":"Fullington Academy","city":"Pinehurst","type":"private"},{"name":"Fulton Leadership Academy","city":"East Point","type":"public"},{"name":"Fulton Science Academy Private School","city":"Alpharetta","type":"private"},{"name":"Furtah Preparatory School","city":"Acworth","type":"private"},{"name":"Gainesville High School","city":"Gainesville","type":"public"},{"name":"George W. Hartmann Center","city":"Marietta","type":"public"},{"name":"George Walton Academy","city":"Monroe","type":"private"},{"name":"Georgia Christian School","city":"Valdosta","type":"private"},{"name":"Georgia Fugees Academy Charter School","city":"Atlanta","type":"public"},{"name":"Georgia-cumberland Academy","city":"Calhoun","type":"private"},{"name":"Gerard Prepatory School","city":"Lawrenceville","type":"private"},{"name":"Gilmer High School","city":"Ellijay","type":"public"},{"name":"Glascock County Middle/High School","city":"Gibson","type":"public"},{"name":"Glenn Hills High School","city":"Augusta","type":"public"},{"name":"Glynn Academy","city":"Brunswick","type":"public"},{"name":"God's Foundation Christian Academy","city":"Albany","type":"private"},{"name":"Gods Heritage Christian Academy","city":"Hinesville","type":"private"},{"name":"Gordon Central High School","city":"Calhoun","type":"public"},{"name":"Gordon Lee High School","city":"Chickamauga","type":"public"},{"name":"Grace Academy of Cartersville","city":"Cartersville","type":"private"},{"name":"Grace Ashtin Christian School for Girls","city":"Savannah","type":"private"},{"name":"Grace Christian Academy","city":"Powder Springs","type":"private"},{"name":"Grace Christian Academy","city":"Covington","type":"private"},{"name":"Grace Christian Academy","city":"Fayetteville","type":"private"},{"name":"Grace Christian Academy","city":"Bainbridge","type":"private"},{"name":"Grace Christian School","city":"Columbus","type":"private"},{"name":"Grayson High School","city":"Loganville","type":"public"},{"name":"Greater Atlanta Adventist Academy","city":"Atlanta","type":"private"},{"name":"Greenbrier High School","city":"Evans","type":"public"},{"name":"Greene County High School","city":"Greensboro","type":"public"},{"name":"Greenforest Mccalep Christian Academy","city":"Decatur","type":"private"},{"name":"Greenville High School","city":"Greenville","type":"public"},{"name":"Griffin Christian School","city":"Griffin","type":"private"},{"name":"Griffin High School","city":"Griffin","type":"public"},{"name":"Groves High School","city":"Garden City","type":"public"},{"name":"Grovetown High School","city":"Grovetown","type":"public"},{"name":"Gwinnett Intervention Education Center (GIVE) West","city":"Norcross","type":"public"},{"name":"Gwinnett School of Mathematics- Science and Technology","city":"Lawrenceville","type":"public"},{"name":"Habersham Central High School","city":"Mt Airy","type":"public"},{"name":"Habersham Success Academy","city":"Mount Airy","type":"public"},{"name":"Hallie Turner Private School","city":"Columbus","type":"private"},{"name":"Hampton High School","city":"Hampton","type":"public"},{"name":"Hancock Central High School","city":"Sparta","type":"public"},{"name":"Hapeville Charter Career Academy","city":"Atlanta","type":"public"},{"name":"Haralson County High School","city":"Tallapoosa","type":"public"},{"name":"Haralson County Rebel Academy","city":"Tallapoosa","type":"public"},{"name":"Hardaway High School","city":"Columbus","type":"public"},{"name":"Harlem High School","city":"Harlem","type":"public"},{"name":"Harpst Academy","city":"Cedartown","type":"public"},{"name":"Harris County High School","city":"Hamilton","type":"public"},{"name":"Harrison High School","city":"Kennesaw","type":"public"},{"name":"Hart County High School","city":"Hartwell","type":"public"},{"name":"Harvester Christian Academy","city":"Douglasville","type":"private"},{"name":"Hawkinsville High School","city":"Hawkinsville","type":"public"},{"name":"Heard County High School","city":"Franklin","type":"public"},{"name":"Heart To Home Learning, Inc (thrive Academy)","city":"Augusta","type":"private"},{"name":"Hebron Christian Academy","city":"Dacula","type":"private"},{"name":"Heirway Christian Academy","city":"Douglasville","type":"private"},{"name":"Hephzibah High School","city":"Hephzibah","type":"public"},{"name":"Heritage Academy","city":"Sale City","type":"private"},{"name":"Heritage Baptist Christian School","city":"Locust Grove","type":"private"},{"name":"Heritage Christian Academy","city":"Brunswick","type":"private"},{"name":"Heritage High School","city":"Ringgold","type":"public"},{"name":"Heritage High School","city":"Conyers","type":"public"},{"name":"Highland Christian Academy","city":"Valdosta","type":"private"},{"name":"Hillgrove High School","city":"Powder Springs","type":"public"},{"name":"Hills Academy","city":"Conyers","type":"private"},{"name":"Hillside Conant School","city":"Atlanta","type":"public"},{"name":"Hiram High School","city":"Hiram","type":"public"},{"name":"Holy Ground Baptist Academy","city":"Roopville","type":"private"},{"name":"Holy Innocents Episcopal School, Nw","city":"Atlanta","type":"private"},{"name":"Holy Spirit Preparatory School","city":"Atlanta","type":"private"},{"name":"Horizon Christian Academy","city":"Cumming","type":"private"},{"name":"Houston County High School","city":"Warner Robins","type":"public"},{"name":"Howard High School","city":"Macon","type":"public"},{"name":"Howard Scholars Academy","city":"Douglasville","type":"private"},{"name":"Hurricane Transition Academy","city":"Fitzgerald","type":"public"},{"name":"Immaculate Conception Catholic School","city":"Augusta","type":"private"},{"name":"In His Image Christian Academy","city":"Marietta","type":"private"},{"name":"Irwin County High School","city":"Ocilla","type":"public"},{"name":"Islands High School","city":"Savannah","type":"public"},{"name":"Jackson County High School","city":"Hoschton","type":"public"},{"name":"Jackson High School","city":"Jackson","type":"public"},{"name":"Jasper County High School","city":"Monticello","type":"public"},{"name":"Jeff Davis High School","city":"Hazlehurst","type":"public"},{"name":"Jefferson County High School","city":"Louisville","type":"public"},{"name":"Jefferson High School","city":"Jefferson","type":"public"},{"name":"Jenkins County High School","city":"Millen","type":"public"},{"name":"Jenkins High School","city":"Savannah","type":"public"},{"name":"Jersey Christian School","city":"Jersey","type":"private"},{"name":"John Hancock Academy","city":"Sparta","type":"private"},{"name":"John Milledge Academy","city":"Milledgeville","type":"private"},{"name":"John Milledge Academy High School","city":"Milledgeville","type":"private"},{"name":"John Milledge Academy Middle","city":"Milledgeville","type":"private"},{"name":"Johns Creek High School","city":"Johns Creek","type":"public"},{"name":"Johnson County High School","city":"Wrightsville","type":"public"},{"name":"Johnson Ferry Christian Academy","city":"Marietta","type":"private"},{"name":"Johnson High School","city":"Savannah","type":"public"},{"name":"Johnson High School","city":"Gainesville","type":"public"},{"name":"Johnson Magnet","city":"Augusta","type":"public"},{"name":"Jones County High School","city":"Gray","type":"public"},{"name":"Jonesboro High School","city":"Jonesboro","type":"public"},{"name":"Jordan Vocational High School","city":"Columbus","type":"public"},{"name":"Josey High School","city":"Augusta","type":"public"},{"name":"Kell High School","city":"Marietta","type":"public"},{"name":"Kendrick High School","city":"Columbus","type":"public"},{"name":"Kennesaw Mountain High School","city":"Kennesaw","type":"public"},{"name":"Killian Hill Christian School","city":"Lilburn","type":"private"},{"name":"King's Ridge Christian School","city":"Alpharetta","type":"private"},{"name":"King's Way Christian School","city":"Douglasville","type":"private"},{"name":"Kipp Atlanta Collegiate Charter School","city":"Atlanta","type":"public"},{"name":"Lafayette Christian School","city":"Lagrange","type":"private"},{"name":"LaFayette High School","city":"La Fayette","type":"public"},{"name":"Lagrange Academy","city":"Lagrange","type":"private"},{"name":"LaGrange High School","city":"Lagrange","type":"public"},{"name":"Lake Grace Christian School","city":"Jesup","type":"private"},{"name":"Lake Oconee Charter High School","city":"Greensboro","type":"public"},{"name":"Lakeside High School","city":"Evans","type":"public"},{"name":"Lakeside High School","city":"Atlanta","type":"public"},{"name":"Lakeview-Fort Oglethorpe High School","city":"Fort Oglethorpe","type":"public"},{"name":"Lamar County High School","city":"Barnesville","type":"public"},{"name":"Lambert High School","city":"Suwanee","type":"public"},{"name":"Landmark Christian School","city":"Fairburn","type":"private"},{"name":"Landmark Christian School, Inc.","city":"Fairburn","type":"private"},{"name":"Laney High School","city":"Augusta","type":"public"},{"name":"Langston Hughes High School","city":"Fairburn","type":"public"},{"name":"Lanier Christian Academy","city":"Flowery Branch","type":"private"},{"name":"Lanier College and Career Academy","city":"Gainesville","type":"public"},{"name":"Lanier County High School","city":"Lakeland","type":"public"},{"name":"Lanier High School","city":"Sugar Hill","type":"public"},{"name":"Lassiter High School","city":"Marietta","type":"public"},{"name":"Laurel Heights Academy (hospital)","city":"Atlanta","type":"private"},{"name":"Lee County High School","city":"Leesburg","type":"public"},{"name":"Lee High School 9th Grade Campus","city":"Leesburg","type":"public"},{"name":"Liberty County High School","city":"Hinesville","type":"public"},{"name":"Liberty Faith Christian Academy","city":"Moultrie","type":"private"},{"name":"Lighthouse Christian Academy","city":"Dawsonville","type":"private"},{"name":"Lighthouse Christian School","city":"Valdosta","type":"private"},{"name":"Lincoln County High School","city":"Lincolnton","type":"public"},{"name":"Lithia Springs Comprehensive High School","city":"Lithia Springs","type":"public"},{"name":"Lithonia High School","city":"Lithonia","type":"public"},{"name":"Living Way Christian Academy","city":"Adairsville","type":"private"},{"name":"Locust Grove High","city":"Locust Grove","type":"public"},{"name":"Loganville High School","city":"Loganville","type":"public"},{"name":"Long County High School","city":"Ludowici","type":"public"},{"name":"Lovejoy High School","city":"Hampton","type":"public"},{"name":"Lowndes High School","city":"Valdosta","type":"public"},{"name":"Luella High School","city":"Locust Grove","type":"public"},{"name":"Lumpkin County High School","city":"Dahlonega","type":"public"},{"name":"Lyndon Academy","city":"Woodstock","type":"private"},{"name":"Mableton Christian Academy","city":"Mableton","type":"private"},{"name":"Macon County High School","city":"Montezuma","type":"public"},{"name":"Madison County High School","city":"Danielsville","type":"public"},{"name":"Manchester High School","city":"Manchester","type":"public"},{"name":"Maranatha Christian Academy","city":"Oakwood","type":"private"},{"name":"Marietta High School","city":"Marietta","type":"public"},{"name":"Marion County Middle/High School","city":"Buena Vista","type":"public"},{"name":"Marist School","city":"Atlanta","type":"private"},{"name":"Martha Ellen Stilwell School for the Performing Arts","city":"Jonesboro","type":"public"},{"name":"Martin Luther King- Jr. High School","city":"Lithonia","type":"public"},{"name":"Mary Persons High School","city":"Forsyth","type":"public"},{"name":"Maynard Jackson High School","city":"Atlanta","type":"public"},{"name":"McClure Health Science High School","city":"Duluth","type":"public"},{"name":"McDonough High School","city":"McDonough","type":"public"},{"name":"McEachern High School","city":"Powder Springs","type":"public"},{"name":"McIntosh Academy","city":"Darien","type":"public"},{"name":"McIntosh High School","city":"Peachtree City","type":"public"},{"name":"McNair High School","city":"Atlanta","type":"public"},{"name":"Meadowcreek High School","city":"Norcross","type":"public"},{"name":"Metropolitan Christian School","city":"Atlanta","type":"private"},{"name":"Metter College and Career Academy","city":"Metter","type":"public"},{"name":"Metter High School","city":"Metter","type":"public"},{"name":"Midtown High School","city":"Atlanta","type":"public"},{"name":"Midtown International School","city":"Atlanta","type":"private"},{"name":"Mill Creek High School","city":"Hoschton","type":"public"},{"name":"Mill Springs Academy","city":"Alpharetta","type":"private"},{"name":"Miller County High School","city":"Colquitt","type":"public"},{"name":"Miller Grove High School","city":"Lithonia","type":"public"},{"name":"Miller's Military Academy","city":"Lithonia","type":"private"},{"name":"Milton High School","city":"Alpharetta","type":"public"},{"name":"Mitchell County High School","city":"Camilla","type":"public"},{"name":"Model High","city":"Rome","type":"public"},{"name":"Mohammed Schools of Atlanta","city":"Atlanta","type":"private"},{"name":"Monroe Area High School","city":"Monroe","type":"public"},{"name":"Monroe High School","city":"Albany","type":"public"},{"name":"Monsignor Donovan Catholic High School","city":"Athens","type":"private"},{"name":"Montessori School of Rome","city":"Rome","type":"private"},{"name":"Montgomery County High School","city":"Mount Vernon","type":"public"},{"name":"Moore Street Facility","city":"Dublin","type":"public"},{"name":"Morgan County High School","city":"Madison","type":"public"},{"name":"Morningstar Treatment Services- Inc. Youth Estate","city":"Brunswick","type":"public"},{"name":"Morrow High School","city":"Morrow","type":"public"},{"name":"Mount De Sales Academy","city":"Macon","type":"private"},{"name":"Mount Zion High School","city":"Jonesboro","type":"public"},{"name":"Mountain Education Charter High School","city":"Cleveland","type":"public"},{"name":"Mountain View High School","city":"Lawrenceville","type":"public"},{"name":"Mt Bethel Christian Academy","city":"Marietta","type":"private"},{"name":"Mt Vernon Christian Academy","city":"Mount Vernon","type":"private"},{"name":"Mt Vernon Presbyterian School","city":"Atlanta","type":"private"},{"name":"Mt. Bethel Christian Academy","city":"Marietta","type":"private"},{"name":"Mt. Paran Christian School Inc.","city":"Kennesaw","type":"private"},{"name":"Mt. Zion High School","city":"Carrollton","type":"public"},{"name":"Mundy's Mill High School","city":"Jonesboro","type":"public"},{"name":"Murray County High School","city":"Chatsworth","type":"public"},{"name":"Nathanael Greene Academy","city":"Siloam","type":"private"},{"name":"New Beginning Learning Center","city":"Bainbridge","type":"public"},{"name":"New Hampstead High School","city":"Bloomingdale","type":"public"},{"name":"New Hope Christian Academy","city":"Saint Marys","type":"private"},{"name":"New Horizons New Directions Preparatory Academy","city":"Griffin","type":"private"},{"name":"New Manchester High School","city":"Douglasville","type":"public"},{"name":"Newnan High School","city":"Newnan","type":"public"},{"name":"Newton High School","city":"Covington","type":"public"},{"name":"Norcross High School","city":"Norcross","type":"public"},{"name":"North Atlanta High School","city":"Atlanta","type":"public"},{"name":"North Clayton High School","city":"College Park","type":"public"},{"name":"North Cobb High School","city":"Kennesaw","type":"public"},{"name":"North Forsyth High School","city":"Cumming","type":"public"},{"name":"North Georgia Christian Academy, Inc","city":"Ellijay","type":"private"},{"name":"North Gwinnett High School","city":"Suwanee","type":"public"},{"name":"North Hall High School","city":"Gainesville","type":"public"},{"name":"North Henry Academy","city":"Stockbridge","type":"private"},{"name":"North Murray High School","city":"Chatsworth","type":"public"},{"name":"North Oconee High School","city":"Bogart","type":"public"},{"name":"North Paulding High School","city":"Dallas","type":"public"},{"name":"North Springs High School","city":"Atlanta","type":"public"},{"name":"Northeast High School","city":"Macon","type":"public"},{"name":"Northgate High School","city":"Newnan","type":"public"},{"name":"Northside High School","city":"Warner Robins","type":"public"},{"name":"Northside High School","city":"Columbus","type":"public"},{"name":"Northview High School","city":"Duluth","type":"public"},{"name":"Northwest Whitfield County High School","city":"Tunnel Hill","type":"public"},{"name":"Notre Dame Academy","city":"Duluth","type":"private"},{"name":"Oak Mountain Academy","city":"Carrollton","type":"private"},{"name":"Oconee County High School","city":"Watkinsville","type":"public"},{"name":"Oglethorpe County High School","city":"Lexington","type":"public"},{"name":"Ola High School","city":"McDonough","type":"public"},{"name":"Old Suwanee Christian School","city":"Buford","type":"private"},{"name":"Omega Learning Center - South Forsyth","city":"Cumming","type":"private"},{"name":"Omega Learning Center Acworth","city":"Acworth","type":"private"},{"name":"Open Bible Christian School","city":"Valdosta","type":"private"},{"name":"Osborne High School","city":"Marietta","type":"public"},{"name":"Our Lady of Mercy Catholic High School","city":"Fayetteville","type":"private"},{"name":"Overcomers' Academy","city":"Thomaston","type":"private"},{"name":"Paideia School","city":"Atlanta","type":"private"},{"name":"Parkview High School","city":"Lilburn","type":"public"},{"name":"Paul Anderson High School","city":"Vidalia","type":"private"},{"name":"Paul Duke STEM High School","city":"Norcross","type":"public"},{"name":"Paulding County High School","city":"Dallas","type":"public"},{"name":"Peach County High School","city":"Fort Valley","type":"public"},{"name":"Peachtree Academy Private School","city":"Conyers","type":"private"},{"name":"Peachtree Academy Private School","city":"Covington","type":"private"},{"name":"Peachtree Ridge High School","city":"Suwanee","type":"public"},{"name":"Pebblebrook High School","city":"Mableton","type":"public"},{"name":"Pelham High School","city":"Pelham","type":"public"},{"name":"Pentecostal Church of God Christian Academy","city":"Newnan","type":"private"},{"name":"Pepperell High School","city":"Lindale","type":"public"},{"name":"Perry Career Academy - Eula Wilburn Ponds Perry Center for","city":"Jonesboro","type":"public"},{"name":"Perry High School","city":"Perry","type":"public"},{"name":"Phoenix High School","city":"Dalton","type":"public"},{"name":"Pickens County High School","city":"Jasper","type":"public"},{"name":"Pierce County High School","city":"Blackshear","type":"public"},{"name":"Pike County High School","city":"Zebulon","type":"public"},{"name":"Pinecrest Academy","city":"Cumming","type":"private"},{"name":"Pinewood Christian Academy","city":"Bellville","type":"private"},{"name":"Pleasant Valley Innovative School","city":"Eton","type":"public"},{"name":"Pope High School","city":"Marietta","type":"public"},{"name":"Portal Middle/High School","city":"Portal","type":"public"},{"name":"Prince Avenue Christian School","city":"Bogart","type":"private"},{"name":"Putnam County High School","city":"Eatonton","type":"public"},{"name":"Quitman County High School","city":"Georgetown","type":"public"},{"name":"Rabun Cap Nacoochee School","city":"Rabun Gap","type":"private"},{"name":"Rabun County High School","city":"Tiger","type":"public"},{"name":"Rabun Gap Nacoochee School","city":"Rabun Gap","type":"private"},{"name":"Rabun-gap Nacoochee School","city":"Rabun Gap","type":"private"},{"name":"Rainey McCullers School of the Arts","city":"Columbus","type":"public"},{"name":"Randolph Clay High School","city":"Cuthbert","type":"public"},{"name":"Redan High School","city":"Stone Mountain","type":"public"},{"name":"Remnant Christian Academy","city":"Savannah","type":"private"},{"name":"Richmond County Technical Career Magnet School","city":"Augusta","type":"public"},{"name":"Richmond Hill High School","city":"Richmond Hill","type":"public"},{"name":"Ridgeland High School","city":"Rossville","type":"public"},{"name":"Ringgold High School","city":"Ringgold","type":"public"},{"name":"River Ridge High School","city":"Woodstock","type":"public"},{"name":"Riverdale High School","city":"Riverdale","type":"public"},{"name":"Rivers Academy","city":"Alpharetta","type":"private"},{"name":"Riverside Preparatory Academy","city":"Gainesville","type":"private"},{"name":"Riverwood International Charter School","city":"Atlanta","type":"public"},{"name":"Robert Toombs Christian Academy","city":"Lyons","type":"private"},{"name":"Rock Springs Christian Academy","city":"Milner","type":"private"},{"name":"Rockdale County High School","city":"Conyers","type":"public"},{"name":"Rockmart High School","city":"Rockmart","type":"public"},{"name":"Rome High School","city":"Rome","type":"public"},{"name":"Roswell High School","city":"Roswell","type":"public"},{"name":"Rutland High School","city":"Macon","type":"public"},{"name":"Salem High School","city":"Conyers","type":"public"},{"name":"Sandy Creek High School","city":"Tyrone","type":"public"},{"name":"Savannah Arts Academy","city":"Savannah","type":"public"},{"name":"Savannah Classical Academy Charter High School","city":"Savannah","type":"public"},{"name":"Savannah Country Day School","city":"Savannah","type":"private"},{"name":"Savannah Early College High School","city":"Savannah","type":"public"},{"name":"Schley Middle High School","city":"Ellaville","type":"public"},{"name":"Screven County High School","city":"Sylvania","type":"public"},{"name":"Second Chance","city":"Claxton","type":"public"},{"name":"Seminole County Middle/High School","city":"Donalsonville","type":"public"},{"name":"Sequoyah High School","city":"Canton","type":"public"},{"name":"Shaw High School","city":"Columbus","type":"public"},{"name":"Shepherd's Hill Academy","city":"Martin","type":"private"},{"name":"Sherwood Christian Academy","city":"Albany","type":"private"},{"name":"Shiloh High School","city":"Snellville","type":"public"},{"name":"Shiloh Hills Christian School","city":"Kennesaw","type":"private"},{"name":"Ska Academy of Art and Design/ Sabah Kinder Art","city":"Duluth","type":"private"},{"name":"Skipstone Academy Westwood Campus","city":"Thomaston","type":"private"},{"name":"Skyview High School","city":"College Park","type":"public"},{"name":"Slatons Manor Llc Institute of Life-skills and Edu","city":"Jeffersonville","type":"private"},{"name":"Social Circle Christian School at Fbc","city":"Social Circle","type":"private"},{"name":"Social Circle High School","city":"Social Circle","type":"public"},{"name":"Sonoraville High School","city":"Calhoun","type":"public"},{"name":"Sora Schools","city":"Atlanta","type":"private"},{"name":"South Atlanta High School","city":"Atlanta","type":"public"},{"name":"South Cobb High School","city":"Austell","type":"public"},{"name":"South Effingham High School","city":"Guyton","type":"public"},{"name":"South Forsyth High School","city":"Cumming","type":"public"},{"name":"South Georgia Regional Achievement Center- The Phoenix","city":"Albany","type":"public"},{"name":"South Gwinnett High School","city":"Snellville","type":"public"},{"name":"South Paulding High School","city":"Douglasville","type":"public"},{"name":"Southeast Bulloch High School","city":"Brooklet","type":"public"},{"name":"Southeast Whitfield County High School","city":"Dalton","type":"public"},{"name":"Southland Academy","city":"Americus","type":"private"},{"name":"Southside Baptist Church & Christian School","city":"Waycross","type":"private"},{"name":"Southwest Atlanta Christian Academy","city":"Atlanta","type":"private"},{"name":"Southwest DeKalb High School","city":"Decatur","type":"public"},{"name":"Southwest Georgia Academy","city":"Damascus","type":"private"},{"name":"Southwest Georgia Institute of Education","city":"Albany","type":"private"},{"name":"Southwest High School","city":"Macon","type":"public"},{"name":"Spalding High School","city":"Griffin","type":"public"},{"name":"Special Needs School of Gwinnett","city":"Lawrenceville","type":"private"},{"name":"Spencer High School","city":"Columbus","type":"public"},{"name":"Sprayberry High School","city":"Marietta","type":"public"},{"name":"St Andrew's School","city":"Savannah","type":"private"},{"name":"St Anne-pacelli Catholic School","city":"Columbus","type":"private"},{"name":"St Francis Day School","city":"Roswell","type":"private"},{"name":"St Francis High School","city":"Milton","type":"private"},{"name":"St George's Episcopal School","city":"Milner","type":"private"},{"name":"St John Academy","city":"Savannah","type":"private"},{"name":"St Pius X Catholic High School","city":"Atlanta","type":"private"},{"name":"St Teresa's School","city":"Albany","type":"private"},{"name":"St Vincents Academy","city":"Savannah","type":"private"},{"name":"Starrs Mill High School","city":"Fayetteville","type":"public"},{"name":"Statesboro High School","city":"Statesboro","type":"public"},{"name":"Statesboro STEAM Academy","city":"Statesboro","type":"public"},{"name":"Stephens County High School","city":"Toccoa","type":"public"},{"name":"Stephenson High School","city":"Stone Mountain","type":"public"},{"name":"Stewart County High School","city":"Lumpkin","type":"public"},{"name":"Stockbridge High School","city":"Stockbridge","type":"public"},{"name":"Stone Mountain High School","city":"Stone Mountain","type":"public"},{"name":"Stratford Academy","city":"Macon","type":"private"},{"name":"Strong Rock Christian School","city":"Locust Grove","type":"private"},{"name":"Sugar Hill Christian Academy","city":"Sugar Hill","type":"private"},{"name":"Sumter County High School","city":"Americus","type":"public"},{"name":"Swainsboro High School","city":"Swainsboro","type":"public"},{"name":"Tallulah Falls School","city":"Tallulah Falls","type":"private"},{"name":"Tapestry Public Charter School","city":"Doraville","type":"public"},{"name":"Tattnall County High School","city":"Reidsville","type":"public"},{"name":"Taylor County High School","city":"Butler","type":"public"},{"name":"Telfair County High School","city":"Mc Rae Helena","type":"public"},{"name":"Temima, the Richard and Jean Katz High School for","city":"Atlanta","type":"private"},{"name":"Temple High School","city":"Temple","type":"public"},{"name":"Terrell Academy","city":"Dawson","type":"private"},{"name":"Terrell High School","city":"Dawson","type":"public"},{"name":"The Academy of Rome","city":"Rome","type":"private"},{"name":"The Campus","city":"Peachtree City","type":"private"},{"name":"The Christian Schools of Anointed Word","city":"Ellenwood","type":"private"},{"name":"The Cottage School","city":"Roswell","type":"private"},{"name":"The Dalton Academy","city":"Dalton","type":"public"},{"name":"The Forest School: an Acton Academy","city":"Fayetteville","type":"private"},{"name":"The Foundry","city":"Gainesville","type":"public"},{"name":"The Foundry","city":"Peachtree City","type":"private"},{"name":"The Galloway School","city":"Atlanta","type":"private"},{"name":"The Habersham School","city":"Savannah","type":"private"},{"name":"The Hope Academy School","city":"LaGrange","type":"public"},{"name":"The Howard School","city":"Atlanta","type":"private"},{"name":"The King's Academy","city":"Woodstock","type":"private"},{"name":"The Life School of Atlanta","city":"Atlanta","type":"private"},{"name":"The Link School","city":"Acworth","type":"private"},{"name":"The Lovett School","city":"Atlanta","type":"private"},{"name":"The New School","city":"Atlanta","type":"private"},{"name":"The New School Atlanta","city":"Atlanta","type":"private"},{"name":"The Piedmont School of Atlanta","city":"Brookhaven","type":"private"},{"name":"The Renaissance Center for Academic and Career Development","city":"Thomasville","type":"public"},{"name":"The School of Liberal Studies at Savannah High","city":"Savannah","type":"public"},{"name":"The Shepherd's Academy","city":"Snellville","type":"private"},{"name":"The Shepherds Academy","city":"Snellville","type":"private"},{"name":"The Walker School","city":"Marietta","type":"private"},{"name":"The Weber School","city":"Atlanta","type":"private"},{"name":"The Westminster Schools","city":"Atlanta","type":"private"},{"name":"Thomas County Central High School","city":"Thomasville","type":"public"},{"name":"Thomas Jefferson Academy","city":"Louisville","type":"private"},{"name":"Thomasville High School","city":"Thomasville","type":"public"},{"name":"Thomson High School","city":"Thomson","type":"public"},{"name":"Threshold Community Program","city":"Decatur","type":"private"},{"name":"Thrive Christian Academy","city":"Stone Mountain","type":"private"},{"name":"Tift County High School","city":"Tifton","type":"public"},{"name":"Tiftarea Academy","city":"Chula","type":"private"},{"name":"Tlchs Academy","city":"Snellville","type":"private"},{"name":"Toombs County High School","city":"Lyons","type":"public"},{"name":"Towers High School","city":"Decatur","type":"public"},{"name":"Towns County High School","city":"Hiawassee","type":"public"},{"name":"Treutlen Middle/High School","city":"Soperton","type":"public"},{"name":"Tri-Cities High School","city":"East Point","type":"public"},{"name":"Trinity Christian School","city":"Dublin","type":"private"},{"name":"Trinity Christian School","city":"Sharpsburg","type":"private"},{"name":"Trinity Christian School","city":"Statesboro","type":"private"},{"name":"Trinity Classical School","city":"Clarkesville","type":"private"},{"name":"Trion High School","city":"Trion","type":"public"},{"name":"Triumph Transitions Institute","city":"College Park","type":"private"},{"name":"Troup County High School","city":"LaGrange","type":"public"},{"name":"True Partnership Christian Academy","city":"Loganville","type":"private"},{"name":"Tucker High School","city":"Tucker","type":"public"},{"name":"Turner County High School","city":"Ashburn","type":"public"},{"name":"Twiggs Academy","city":"Jeffersonville","type":"private"},{"name":"Twiggs County High School","city":"Jeffersonville","type":"public"},{"name":"Twins Academy Inc at 3152","city":"Lithonia","type":"private"},{"name":"Twins Academy Inc.","city":"Lithonia","type":"private"},{"name":"Union County High School","city":"Blairsville","type":"public"},{"name":"Union Grove High","city":"McDonough","type":"public"},{"name":"Unity Christian School","city":"Rome","type":"private"},{"name":"Upson-Lee High School","city":"Thomaston","type":"public"},{"name":"Urban Christian Academy","city":"Savannah","type":"private"},{"name":"Valdosta High School","city":"Valdosta","type":"public"},{"name":"Valwood School","city":"Hahira","type":"private"},{"name":"Veritas Academy","city":"Savannah","type":"private"},{"name":"Veterans High School","city":"Kathleen","type":"public"},{"name":"Victory Baptist School","city":"Loganville","type":"private"},{"name":"Victory Christian School","city":"Valdosta","type":"private"},{"name":"Vidalia Comprehensive High School","city":"Vidalia","type":"public"},{"name":"Vidalia Heritage Academy","city":"Vidalia","type":"private"},{"name":"Villa Rica High School","city":"Villa Rica","type":"public"},{"name":"Walnut Grove High School","city":"Loganville","type":"public"},{"name":"Walton County Christian Learning Centers","city":"Monroe","type":"private"},{"name":"Walton High School","city":"Marietta","type":"public"},{"name":"War Hill Christian Academy","city":"Dawsonville","type":"private"},{"name":"Ware County High School","city":"Waycross","type":"public"},{"name":"Warner Robins High School","city":"Warner Robins","type":"public"},{"name":"Warren County High School","city":"Warrenton","type":"public"},{"name":"Washington County High School","city":"Sandersville","type":"public"},{"name":"Washington-Wilkes Comprehensive High School","city":"Washington","type":"public"},{"name":"Waverly Hall Christian Academy","city":"Waverly Hall","type":"private"},{"name":"Wayne County High School","city":"Jesup","type":"public"},{"name":"Waynesboro Mennonite School","city":"Waynesboro","type":"private"},{"name":"Webster County High School","city":"Preston","type":"public"},{"name":"Wellspring Living","city":"Atlanta","type":"public"},{"name":"West Forsyth High School","city":"Cumming","type":"public"},{"name":"West Hall High School","city":"Oakwood","type":"public"},{"name":"West Laurens High School","city":"Dexter","type":"public"},{"name":"Westfield School","city":"Perry","type":"private"},{"name":"Westlake High School","city":"Atlanta","type":"public"},{"name":"Westminster Christian Academy","city":"Watkinsville","type":"private"},{"name":"Westminster Schools of Augusta","city":"Augusta","type":"private"},{"name":"Westover High School","city":"Albany","type":"public"},{"name":"Westside High School","city":"Macon","type":"public"},{"name":"Westside High School","city":"Augusta","type":"public"},{"name":"Westwood Schools","city":"Camilla","type":"private"},{"name":"Wheeler County High School","city":"Alamo","type":"public"},{"name":"Wheeler High School","city":"Marietta","type":"public"},{"name":"White County High School","city":"Cleveland","type":"public"},{"name":"Whitewater High School","city":"Fayetteville","type":"public"},{"name":"Wilcox County High School","city":"Rochelle","type":"public"},{"name":"Wilkinson County High School","city":"Mc Intyre","type":"public"},{"name":"William & Reed Academy","city":"Johns Creek","type":"private"},{"name":"Winder-Barrow High School","city":"Winder","type":"public"},{"name":"Windsor Academy","city":"Macon","type":"private"},{"name":"Windsor Forest High School","city":"Savannah","type":"public"},{"name":"Wiregrass Regional College and Career Academy","city":"Douglas","type":"public"},{"name":"Woodfield Academy","city":"Macon","type":"private"},{"name":"Woodland High School","city":"Cartersville","type":"public"},{"name":"Woodland High School","city":"Stockbridge","type":"public"},{"name":"Woodstock High School","city":"Woodstock","type":"public"},{"name":"Woodville-Tompkins Technical and Career High School","city":"Savannah","type":"public"},{"name":"Woodward Academy","city":"College Park","type":"private"},{"name":"Worth County Achievement Center","city":"Sylvester","type":"public"},{"name":"Worth County High School","city":"Sylvester","type":"public"},{"name":"Yeshiva Ohr Yisrael of Atlanta","city":"Atlanta","type":"private"},{"name":"Young Americans Christian School","city":"Conyers","type":"private"},{"name":"Zebulon High School","city":"Zebulon","type":"public"}]