[{"name":"Abraham Lincoln High School","city":"Council Bluffs"},{"name":"ADM Senior High School","city":"Adel"},{"name":"AGWSR High School","city":"Ackley"},{"name":"AHSTW High School","city":"Avoca"},{"name":"Akron Westfield Senior High School","city":"Akron"},{"name":"Albia High School","city":"Albia"},{"name":"Alburnett Senior High School","city":"Alburnett"},{"name":"Algona High School","city":"Algona"},{"name":"Alta-Aurelia High School","city":"Alta"},{"name":"Ames High School","city":"Ames"},{"name":"Anamosa High School","city":"Anamosa"},{"name":"Ankeny Centennial High School","city":"Ankeny"},{"name":"Ankeny High School","city":"Ankeny"},{"name":"Aplington-Parkersburg High School","city":"Parkersburg"},{"name":"Atlantic High School","city":"Atlantic"},{"name":"Audubon Middle-High School","city":"Audubon"},{"name":"Ballard High School","city":"Huxley"},{"name":"Baxter High School","city":"Baxter"},{"name":"BCLUW High School","city":"Conrad"},{"name":"Bedford High School","city":"Bedford"},{"name":"Belle Plaine Jr/Sr High School","city":"Belle Plaine"},{"name":"Bellevue High School","city":"Bellevue"},{"name":"Belmond-Klemme Community Jr-Sr High School","city":"Belmond"},{"name":"Benton Community Senior High School","city":"Van Horne"},{"name":"Bettendorf High School","city":"Bettendorf"},{"name":"Bondurant-Farrar High School","city":"Bondurant"},{"name":"Boone High School","city":"Boone"},{"name":"Boyden-Hull High School","city":"Hull"},{"name":"Boyer Valley Middle/High School","city":"Dunlap"},{"name":"Brooklyn-Guernsey-Malcom Jr-Sr High School","city":"Brooklyn"},{"name":"Burlington Community High School","city":"Burlington"},{"name":"Calamus-Wheatland Sec Attendance Center","city":"Wheatland"},{"name":"CAM High School","city":"Anita"},{"name":"Camanche High School","city":"Camanche"},{"name":"Cardinal High School","city":"Eldon"},{"name":"Carlisle High School","city":"Carlisle"},{"name":"Carroll High School","city":"Carroll"},{"name":"Cascade Junior-Senior High School","city":"Cascade"},{"name":"Cedar Falls High School","city":"Cedar Falls"},{"name":"Center Point-Urbana High School","city":"Center Point"},{"name":"Centerville High School","city":"Centerville"},{"name":"Central City High School","city":"Central City"},{"name":"Central Decatur MS/HS High School","city":"Leon"},{"name":"Central DeWitt  High School","city":"De Witt"},{"name":"Central High School","city":"Davenport"},{"name":"Central Lee High School","city":"Donnellson"},{"name":"Central Lyon Secondary School","city":"Rock Rapids"},{"name":"Central Middle School/High School","city":"Elkader"},{"name":"Central Springs High School","city":"Manly"},{"name":"Chariton High School","city":"Chariton"},{"name":"Charles City High School","city":"Charles City"},{"name":"Clarinda High School","city":"Clarinda"},{"name":"Clarion-Goldfield-Dows High School","city":"Clarion"},{"name":"Clarke Community High School","city":"Osceola"},{"name":"Clarksville High School","city":"Clarksville"},{"name":"Clayton Ridge High School","city":"Guttenberg"},{"name":"Clear Creek Amana High School","city":"Tiffin"},{"name":"Clear Lake High School","city":"Clear Lake"},{"name":"Clinton High School","city":"Clinton"},{"name":"Colfax-Mingo Jr/Sr High School","city":"Colfax"},{"name":"Collins-Maxwell Middle/High School","city":"Maxwell"},{"name":"Colo-NESCO  Middle/High School","city":"Colo"},{"name":"Columbus Community High School","city":"Columbus Junction"},{"name":"Coon Rapids-Bayard 6-12 Attendance Center","city":"Coon Rapids"},{"name":"Creston High School","city":"Creston"},{"name":"Crestwood High School","city":"Cresco"},{"name":"Dallas Center-Grimes High School","city":"Grimes"},{"name":"Danville Junior-Senior High School","city":"Danville"},{"name":"Davis County Community High School","city":"Bloomfield"},{"name":"Decorah High School","city":"Decorah"},{"name":"Denison High School","city":"Denison"},{"name":"Denver Senior High School","city":"Denver"},{"name":"Diagonal Junior-Senior High School","city":"Diagonal"},{"name":"Dike-New Hartford High School","city":"Dike"},{"name":"Dubuque Senior High School","city":"Dubuque"},{"name":"Dunkerton High School","city":"Dunkerton"},{"name":"Durant Junior/Senior High School","city":"Durant"},{"name":"Eagle Grove High School","city":"Eagle Grove"},{"name":"Earlham Senior High School","city":"Earlham"},{"name":"East Buchanan High School","city":"Winthrop"},{"name":"East High School","city":"Des Moines"},{"name":"East High School","city":"Sioux City"},{"name":"East High School","city":"Waterloo"},{"name":"East Marshall Senior High School","city":"Le Grand"},{"name":"East Mills Jr/Sr High School","city":"Malvern"},{"name":"East Sac County High School","city":"Lake View"},{"name":"East Union Middle-High School","city":"Afton"},{"name":"Easton Valley Junior High / High School","city":"Preston"},{"name":"Eddyville-Blakesburg-Fremont Jr/Sr High","city":"Eddyville"},{"name":"Edgewood-Colesburg High School","city":"Edgewood"},{"name":"Emmetsburg High School","city":"Emmetsburg"},{"name":"English Valleys Jr-Sr High School","city":"North English"},{"name":"Essex Junior-Senior High School","city":"Essex"},{"name":"Estherville Lincoln Central High School","city":"Estherville"},{"name":"ExiraElk Horn-Kimballton High School","city":"Elk Horn"},{"name":"Fairfield High School","city":"Fairfield"},{"name":"Forest City High School","city":"Forest City"},{"name":"Fort Dodge High School","city":"Fort Dodge"},{"name":"Fort Madison High School","city":"Fort Madison"},{"name":"Fremont-Mills Middle And Senior High School","city":"Tabor"},{"name":"Garner-Hayfield-Ventura High School","city":"Garner"},{"name":"George Washington High School","city":"Cedar Rapids"},{"name":"George-Little Rock Senior High School","city":"George"},{"name":"Gilbert  High School","city":"Gilbert"},{"name":"Gladbrook-Reinbeck Jr. High & High School","city":"Reinbeck"},{"name":"Glenwood Senior High School","city":"Glenwood"},{"name":"Glidden-Ralston Jr-Sr High School","city":"Glidden"},{"name":"GMG Secondary School","city":"Garwin"},{"name":"Graettinger-Terril High School","city":"Graettinger"},{"name":"Greene County High School","city":"Jefferson"},{"name":"Grinnell Community Senior High School","city":"Grinnell"},{"name":"Griswold Middle/High School","city":"Griswold"},{"name":"Grundy Center High School","city":"Grundy Center"},{"name":"Guthrie Center High School","city":"Guthrie Center"},{"name":"H-L-V Junior-Senior High School","city":"Victor"},{"name":"Hampton-Dumont High School","city":"Hampton"},{"name":"Harlan High School","city":"Harlan"},{"name":"Harris-Lake Park High School","city":"Lake Park"},{"name":"Hartley-Melvin-Sanborn High School","city":"Hartley"},{"name":"Hempstead High School","city":"Dubuque"},{"name":"Highland High School","city":"Riverside"},{"name":"Hinton High School","city":"Hinton"},{"name":"Hoover High School","city":"Des Moines"},{"name":"Hudson High School","city":"Hudson"},{"name":"Humboldt High School","city":"Humboldt"},{"name":"IKM-Manning High School","city":"Manning"},{"name":"Independence Junior Senior High School","city":"Independence"},{"name":"Indianola High School","city":"Indianola"},{"name":"Interstate 35 High School","city":"Truro"},{"name":"Iowa City High School","city":"Iowa City"},{"name":"Iowa Connections Academy High School","city":"Anita"},{"name":"Iowa Falls - Alden High School","city":"Iowa Falls"},{"name":"Iowa Valley Jr-Sr High School","city":"Marengo"},{"name":"Janesville Junior-Senior High School","city":"Janesville"},{"name":"Jesup High School","city":"Jesup"},{"name":"John F Kennedy High School","city":"Cedar Rapids"},{"name":"John R Mott Jr/Hi School","city":"Postville"},{"name":"Johnston Senior High School","city":"Johnston"},{"name":"Kee High School","city":"Lansing"},{"name":"Keokuk High School","city":"Keokuk"},{"name":"Keota High School","city":"Keota"},{"name":"Kingsley-Pierson High School","city":"Kingsley"},{"name":"Knoxville High School","city":"Knoxville"},{"name":"Lake Mills Senior High School","city":"Lake Mills"},{"name":"Lamoni High School","city":"Lamoni"},{"name":"Lawton-Bronson Junior-Senior High School","city":"Lawton"},{"name":"Le Mars High School","city":"Le Mars"},{"name":"Lenox High School","city":"Lenox"},{"name":"Lewis Central Senior High School","city":"Council Bluffs"},{"name":"Liberty High School","city":"North Liberty"},{"name":"Lincoln High School","city":"Des Moines"},{"name":"Linn-Mar High School","city":"Marion"},{"name":"Lisbon Secondary","city":"Lisbon"},{"name":"Logan-Magnolia Jr-Sr High School","city":"Logan"},{"name":"Lone Tree Middle-Senior High School","city":"Lone Tree"},{"name":"Louisa-Muscatine JR/SR High School","city":"Letts"},{"name":"Lynnville-Sully High School","city":"Sully"},{"name":"Madrid High School","city":"Madrid"},{"name":"Manson Northwest Webster Junior High/High School","city":"Manson"},{"name":"Maple Valley-Anthon Oto High School","city":"Mapleton"},{"name":"Maquoketa Community High School","city":"Maquoketa"},{"name":"Maquoketa Valley Senior High School","city":"Delhi"},{"name":"Marion High School","city":"Marion"},{"name":"Marshalltown High School","city":"Marshalltown"},{"name":"Martensdale-St Marys Jr-Sr High School","city":"Martensdale"},{"name":"Mason City High School","city":"Mason City"},{"name":"Mediapolis High School","city":"Mediapolis"},{"name":"Melcher-Dallas High School","city":"Melcher"},{"name":"MFL MarMac HS","city":"Monona"},{"name":"Mid-Prairie High School","city":"Wellman"},{"name":"Midland Middle/High  School","city":"Wyoming"},{"name":"Missouri Valley High School","city":"Missouri Valley"},{"name":"MMCRU  High School","city":"Marcus"},{"name":"MOC-Floyd Valley High School","city":"Orange City"},{"name":"Montezuma High School","city":"Montezuma"},{"name":"Monticello High School","city":"Monticello"},{"name":"Moravia High School","city":"Moravia"},{"name":"Mormon Trail Jr-Sr High School","city":"Garden Grove"},{"name":"Moulton-Udell High School","city":"Moulton"},{"name":"Mount Ayr High School","city":"Mount Ayr"},{"name":"Mount Pleasant High School","city":"Mount Pleasant"},{"name":"Mount Vernon High School","city":"Mount Vernon"},{"name":"Murray Jr/Sr High","city":"Murray"},{"name":"Muscatine High School","city":"Muscatine"},{"name":"Nashua-Plainfield Junior-SeniorHigh School","city":"Nashua"},{"name":"Nevada High School","city":"Nevada"},{"name":"New Hampton High School","city":"New Hampton"},{"name":"New London Jr-Sr High School","city":"New London"},{"name":"Newell-Fonda High School","city":"Newell"},{"name":"Newton Senior High  School","city":"Newton"},{"name":"Nodaway Valley High School","city":"Greenfield"},{"name":"North Butler Jr/Sr High School","city":"Greene"},{"name":"North Cedar Jr/Sr High School","city":"Clarence"},{"name":"North Fayette Valley High School","city":"West Union"},{"name":"North High School","city":"Davenport"},{"name":"North High School","city":"Des Moines"},{"name":"North High School","city":"Sioux City"},{"name":"North Iowa High School","city":"Buffalo Center"},{"name":"North Mahaska Jr-Sr High School","city":"New Sharon"},{"name":"North Polk High School","city":"Alleman"},{"name":"North Scott High School","city":"Eldridge"},{"name":"North Tama High School","city":"Traer"},{"name":"North Union High School","city":"Armstrong"},{"name":"North-Linn Senior High School","city":"Troy Mills"},{"name":"Northeast Middle-High School","city":"Goose Lake"},{"name":"Northwest High School","city":"Waukee"},{"name":"Northwood-Kensett MIddle/High School","city":"Northwood"},{"name":"Norwalk Senior High School","city":"Norwalk"},{"name":"Odebolt Arthur Battle Creek Ida Grove High School","city":"Ida Grove"},{"name":"Oelwein High School","city":"Oelwein"},{"name":"Ogden High School","city":"Ogden"},{"name":"Okoboji High School","city":"Milford"},{"name":"Orient-Macksburg Senior High School","city":"Orient"},{"name":"Osage High School","city":"Osage"},{"name":"Oskaloosa High School","city":"Oskaloosa"},{"name":"Ottumwa High School","city":"Ottumwa"},{"name":"Panorama High School","city":"Panora"},{"name":"Paton-Churdan Jr-Sr High School","city":"Churdan"},{"name":"PCM High School","city":"Monroe"},{"name":"Pekin Community Junior/ Senior High School","city":"Packwood"},{"name":"Pella High School","city":"Pella"},{"name":"Perry High School","city":"Perry"},{"name":"Pleasant Valley High School","city":"Bettendorf"},{"name":"Pleasantville High School","city":"Pleasantville"},{"name":"Pocahontas Area Middle/ High School","city":"Pocahontas"},{"name":"Prairie High School","city":"Cedar Rapids"},{"name":"Red Oak Junior/Senior High School","city":"Red Oak"},{"name":"Riceville High School","city":"Riceville"},{"name":"Ridge View High School","city":"Holstein"},{"name":"River Valley Junior- Senior High School","city":"Correctionville"},{"name":"Riverside Community High School","city":"Oakland"},{"name":"Rock Valley High School","city":"Rock Valley"},{"name":"Rockford Junior-Senior High School","city":"Rockford"},{"name":"Roland-Story High School","city":"Story City"},{"name":"Roosevelt High School","city":"Des Moines"},{"name":"Ruthven-Ayrshire High School","city":"Ruthven"},{"name":"Saydel High School","city":"Des Moines"},{"name":"Sergeant Bluff-Luton Senior High School","city":"Sergeant Bluff"},{"name":"Seymour High School","city":"Seymour"},{"name":"Sheldon High School","city":"Sheldon"},{"name":"Shenandoah High School","city":"Shenandoah"},{"name":"Sibley-Ocheyedan High School","city":"Sibley"},{"name":"Sidney High School","city":"Sidney"},{"name":"Sigourney Jr-Sr High Sch","city":"Sigourney"},{"name":"Sioux Center High School","city":"Sioux Center"},{"name":"Sioux Central High School","city":"Sioux Rapids"},{"name":"Solon High School","city":"Solon"},{"name":"South Central Calhoun High School","city":"Lake City"},{"name":"South Hamilton Middle And High School","city":"Jewell"},{"name":"South Hardin High School","city":"Eldora"},{"name":"South O'Brien Secondary School","city":"Paullina"},{"name":"South Page Senior High School","city":"College Springs"},{"name":"South Tama County High School","city":"Tama"},{"name":"South Winneshiek High School","city":"Calmar"},{"name":"Southeast Polk High School","city":"Pleasant Hill"},{"name":"Southeast Valley High School","city":"Gowrie"},{"name":"Southeast Warren Jr-Sr High School","city":"Liberty Center"},{"name":"Southwest Valley High school","city":"Corning"},{"name":"Spencer High School","city":"Spencer"},{"name":"Spirit Lake High School","city":"Spirit Lake"},{"name":"Springville Secondary School","city":"Springville"},{"name":"St Ansgar High School","city":"St Ansgar"},{"name":"St Lake/IA Cntrl/Buena Vista Early College HS","city":"Storm Lake"},{"name":"Stanton High School","city":"Stanton"},{"name":"Starmont High School","city":"Arlington"},{"name":"Storm Lake High School","city":"Storm Lake"},{"name":"Sumner-Fredericksburg HS","city":"Sumner"},{"name":"Thomas Jefferson High School","city":"Cedar Rapids"},{"name":"Thomas Jefferson High School","city":"Council Bluffs"},{"name":"Tipton High School","city":"Tipton"},{"name":"Treynor High School","city":"Treynor"},{"name":"Tri-Center High School","city":"Neola"},{"name":"Tri-County JR/SR High School","city":"Thornburg"},{"name":"Tripoli Middle/Sr High School","city":"Tripoli"},{"name":"Turkey Valley Jr-Sr High School","city":"Jackson Junction"},{"name":"Twin Cedars Jr-Sr High School","city":"Bussey"},{"name":"Underwood High School","city":"Underwood"},{"name":"Union High School","city":"La Porte City"},{"name":"Urbandale High School","city":"Urbandale"},{"name":"Valley High School","city":"West Des Moines"},{"name":"Van Buren County Community Middle & High School","city":"Keosauqua"},{"name":"Van Meter High School","city":"Van Meter"},{"name":"Vinton-Shellsburg High School","city":"Vinton"},{"name":"Virtual Campus","city":"Des Moines"},{"name":"WACO High School","city":"Wayland"},{"name":"Wapello Senior High School","city":"Wapello"},{"name":"Wapsie Valley High School","city":"Fairbank"},{"name":"Washington High School","city":"Cherokee"},{"name":"Washington High School","city":"Washington"},{"name":"Waukee High School","city":"Waukee"},{"name":"Waukon High School","city":"Waukon"},{"name":"Waverly-Shell Rock Senior High School","city":"Waverly"},{"name":"Wayne Community Jr-Sr High School","city":"Corydon"},{"name":"Webster City High School","city":"Webster City"},{"name":"West Bend-Mallard High School","city":"West Bend"},{"name":"West Branch High School","city":"West Branch"},{"name":"West Burlington Arnold Jr./Sr. High School","city":"West Burlington"},{"name":"West Central Charter High School","city":"Maynard"},{"name":"West Central Valley High School","city":"Stuart"},{"name":"West Delaware High School","city":"Manchester"},{"name":"West Fork High School","city":"Sheffield"},{"name":"West Hancock High School","city":"Britt"},{"name":"West Harrison Middle School/High School","city":"Mondamin"},{"name":"West High School","city":"Davenport"},{"name":"West High School","city":"Sioux City"},{"name":"West High School","city":"Waterloo"},{"name":"West Liberty High School","city":"West Liberty"},{"name":"West Lyon High School","city":"Inwood"},{"name":"West Marshall High School","city":"State Center"},{"name":"West Monona High School","city":"Onawa"},{"name":"West Senior High School","city":"Iowa City"},{"name":"West Sioux High School","city":"Hawarden"},{"name":"Western Dubuque High School","city":"Epworth"},{"name":"Westside Junior-Senior High School","city":"Westside"},{"name":"Westwood High School","city":"Sloan"},{"name":"Whiting Senior High School","city":"Whiting"},{"name":"Williamsburg Jr-Sr High School","city":"Williamsburg"},{"name":"Wilton Jr-Sr High School","city":"Wilton"},{"name":"Winfield-Mt Union Jr-Sr High School","city":"Winfield"},{"name":"Winterset Senior High School","city":"Winterset"},{"name":"Woodbine High School","city":"Woodbine"},{"name":"Woodbury Central High School","city":"Moville"},{"name":"Woodward-Granger High School","city":"Woodward"}]