[{"name":"A B Shepard High Sch (Campus)","city":"Palos Heights"},{"name":"A-C Central High School","city":"Ashland"},{"name":"Abingdon-Avon High Sch","city":"Abingdon"},{"name":"ACE Amandla Charter School","city":"Chicago"},{"name":"Acero Chtr Netrk -  Major Garcia","city":"Chicago"},{"name":"Acero Chtr Sch Netwrk- Victoria","city":"Chicago"},{"name":"Addison Trail High School","city":"Addison"},{"name":"Adlai E Stevenson High School","city":"Lincolnshire"},{"name":"Air Force Acad High School","city":"Chicago"},{"name":"Alcott College Prep","city":"Chicago"},{"name":"Alden-Hebron High School","city":"Hebron"},{"name":"Altamont High School","city":"Altamont"},{"name":"Alton High School","city":"Alton"},{"name":"AlWood  Middle/High School","city":"Woodhull"},{"name":"Amboy High School","city":"Amboy"},{"name":"Amos Alonzo Stagg High School","city":"Palos Hills"},{"name":"Amundsen High School","city":"Chicago"},{"name":"Anna-Jonesboro High School","city":"Anna"},{"name":"Annawan High School","city":"Annawan"},{"name":"Antioch Comm High School","city":"Antioch"},{"name":"Arcola High School","city":"Arcola"},{"name":"Argenta-Oreana High School","city":"Argenta"},{"name":"Argo Community High School","city":"Summit"},{"name":"Armstrong High School","city":"Armstrong"},{"name":"Arthur-Lovington-Atwood-Hammond","city":"Arthur"},{"name":"Ashton-Franklin Center HS","city":"Ashton"},{"name":"Aspira Charter - Bus and Fin","city":"Chicago"},{"name":"ASPIRA Charter - Early College Pr","city":"Chicago"},{"name":"Astoria High School","city":"Astoria"},{"name":"Athens Sr High School","city":"Athens"},{"name":"Auburn High School","city":"Auburn"},{"name":"Auburn High School","city":"Rockford"},{"name":"Austin College and Career Acad HS","city":"Chicago"},{"name":"B H R A Cooperative HS","city":"Bismarck"},{"name":"Back of The Yards IB HS","city":"Chicago"},{"name":"Barrington High School","city":"Barrington"},{"name":"Bartlett High School","city":"Bartlett"},{"name":"Batavia Sr High School","city":"Batavia"},{"name":"Beardstown Jr/Sr High School","city":"Beardstown"},{"name":"Beecher City Jr-Sr High School","city":"Beecher City"},{"name":"Beecher High School","city":"Beecher"},{"name":"Belleville High School-East","city":"Belleville"},{"name":"Belleville High School-West","city":"Belleville"},{"name":"Belvidere High School","city":"Belvidere"},{"name":"Belvidere North High Sch","city":"Belvidere"},{"name":"Bement High School","city":"Bement"},{"name":"Benton Cons High School","city":"Benton"},{"name":"Bloom High School","city":"Chicago Heights"},{"name":"Bloom Trail High School","city":"Chicago Heights"},{"name":"Bloomington High School","city":"Bloomington"},{"name":"Blue Ridge High School","city":"Farmer City"},{"name":"Bluffs High School","city":"Bluffs"},{"name":"Bogan High School","city":"Chicago"},{"name":"Bolingbrook High School","city":"Bolingbrook"},{"name":"Bond Cty Comm Unit 2 High School","city":"Greenville"},{"name":"Bowen High School","city":"Chicago"},{"name":"Bradley-Bourbonnais C High School","city":"Bradley"},{"name":"Bremen High School","city":"Midlothian"},{"name":"Brimfield High School","city":"Brimfield"},{"name":"Bronzeville Scholastic HS","city":"Chicago"},{"name":"Brooks College Prep Academy HS","city":"Chicago"},{"name":"Brown County High School","city":"Mount Sterling"},{"name":"Brownstown High School","city":"Brownstown"},{"name":"Brussels High School","city":"Brussels"},{"name":"Buffalo Grove High School","city":"Buffalo Grove"},{"name":"Bunker Hill High School","city":"Bunker Hill"},{"name":"Bureau Valley High School","city":"Manlius"},{"name":"Bushnell-Prairie City High Sch","city":"Bushnell"},{"name":"Byron High School 9-12","city":"Byron"},{"name":"Cahokia High School","city":"Cahokia"},{"name":"Cairo Jr/Sr High School","city":"Cairo"},{"name":"Calhoun High School","city":"Hardin"},{"name":"Cambridge Jr/Sr High School","city":"Cambridge"},{"name":"Canton High School","city":"Canton"},{"name":"Carbondale Comm H S","city":"Carbondale"},{"name":"Carl Sandburg High School","city":"Orland Park"},{"name":"Carlinville High School","city":"Carlinville"},{"name":"Carlyle High School","city":"Carlyle"},{"name":"Carmi-White County High School","city":"Carmi"},{"name":"Carrier Mills-Stonefort H S","city":"Carrier Mills"},{"name":"Carrollton High School","city":"Carrollton"},{"name":"Carterville High School","city":"Carterville"},{"name":"Carver Military Academy HS","city":"Chicago"},{"name":"Cary-Grove Community High School","city":"Cary"},{"name":"Casey-Westfield Jr/Sr HS","city":"Casey"},{"name":"Centennial High School","city":"Champaign"},{"name":"Central A & M High School","city":"Moweaqua"},{"name":"Central Comm High School","city":"Breese"},{"name":"Central High School","city":"Burlington"},{"name":"Central High School","city":"Camp Point"},{"name":"Central High School","city":"Champaign"},{"name":"Central High School","city":"Clifton"},{"name":"Centralia High School","city":"Centralia"},{"name":"Century Jr/Sr High School","city":"Ullin"},{"name":"Cerro Gordo Jr and Sr High Sch","city":"Cerro Gordo"},{"name":"Chadwick-Milledgeville  Jr HS","city":"Milledgeville"},{"name":"Charleston High School","city":"Charleston"},{"name":"Chester High School","city":"Chester"},{"name":"Chicago Academy High School","city":"Chicago"},{"name":"Chicago Collegiate Charter School","city":"Chicago"},{"name":"Chicago Excel Academy HS","city":"Chicago"},{"name":"Chicago HS for Agricult Sciences","city":"Chicago"},{"name":"Chicago HS for the Arts","city":"Chicago"},{"name":"Chicago Math & Sci Elem Charter","city":"Chicago"},{"name":"Chicago Military Academy HS","city":"Chicago"},{"name":"Chicago Technology Academy HS","city":"Chicago"},{"name":"Chicago Vocational Career Acad HS","city":"Chicago"},{"name":"Chrisman High School","city":"Chrisman"},{"name":"Christopher High","city":"Christopher"},{"name":"CICS - Northtown  Campus","city":"Chicago"},{"name":"CICS - Ralph Ellison Campus","city":"Chicago"},{"name":"Cisne High School","city":"Cisne"},{"name":"Cissna Park Sr High School","city":"Cissna Park"},{"name":"Civic Memorial High School","city":"Bethalto"},{"name":"Clark Acad Prep Magnet High Schl","city":"Chicago"},{"name":"Clay City High School","city":"Clay City"},{"name":"Clemente Community Academy HS","city":"Chicago"},{"name":"Clinton High School","city":"Clinton"},{"name":"Coal City High School","city":"Coal City"},{"name":"Cobden High School","city":"Cobden"},{"name":"Collins Academy High School","city":"Chicago"},{"name":"Collinsville High School","city":"Collinsville"},{"name":"Columbia High School","city":"Columbia"},{"name":"Comm H S Dist 99 - North H S","city":"Downers Grove"},{"name":"Comm H S Dist 99 - South High Sch","city":"Downers Grove"},{"name":"Coop HS 1","city":"Bismarck"},{"name":"Coop Hs 7","city":"Rossville"},{"name":"Corliss High School","city":"Chicago"},{"name":"Coulterville High School","city":"Coulterville"},{"name":"Cowden-Herrick Jr/Sr High School","city":"Cowden"},{"name":"Crab Orchard High School","city":"Marion"},{"name":"Crane Medical Prep HS","city":"Chicago"},{"name":"Crete-Monee High School","city":"Crete"},{"name":"Crystal Lake Central High School","city":"Crystal Lake"},{"name":"Crystal Lake South High School","city":"Crystal Lake"},{"name":"Cuba Sr High School","city":"Cuba"},{"name":"Cumberland High School","city":"Toledo"},{"name":"Curie Metropolitan High School","city":"Chicago"},{"name":"Dakota Jr Sr High School","city":"Dakota"},{"name":"Danville High School","city":"Danville"},{"name":"DD Eisenhower High Sch (Campus)","city":"Blue Island"},{"name":"Dee-Mack High School","city":"Mackinaw"},{"name":"Deerfield High School","city":"Deerfield"},{"name":"DeKalb High School","city":"Dekalb"},{"name":"Deland-Weldon High School","city":"De Land"},{"name":"Delavan High School","city":"Delavan"},{"name":"DePue High School","city":"DePue"},{"name":"Devry Advantage Academy High Schl","city":"Chicago"},{"name":"Dieterich Jr/Sr High School","city":"Dieterich"},{"name":"Diploma Degree North Campus","city":"Peoria"},{"name":"Disney II Magnet HS","city":"Chicago"},{"name":"Dixon High School","city":"Dixon"},{"name":"Dongola High School","city":"Dongola"},{"name":"Donovan Sr High School","city":"Donovan"},{"name":"Douglass Academy High School","city":"Chicago"},{"name":"Du Quoin High School","city":"Du Quoin"},{"name":"Dunbar Vocational Career Acad HS","city":"Chicago"},{"name":"Dundee-Crown High School","city":"Carpentersville"},{"name":"Dunlap High School","city":"Dunlap"},{"name":"Dupo High School","city":"Dupo"},{"name":"Durand High School","city":"Durand"},{"name":"Dwight High School","city":"Dwight"},{"name":"Earlville Jr/Sr High School","city":"Earlville"},{"name":"East Alton-Wood River High Sch","city":"Wood River"},{"name":"East Dubuque High School","city":"East Dubuque"},{"name":"East High School","city":"Aurora"},{"name":"East Leyden High School","city":"Franklin Park"},{"name":"East Peoria High School","city":"East Peoria"},{"name":"East St Louis Senior High School","city":"East Saint Louis"},{"name":"Eastland Jr/Sr High School","city":"Lanark"},{"name":"Edinburg High School","city":"Edinburg"},{"name":"Edwards County High School","city":"Albion"},{"name":"Edwardsville High School","city":"Edwardsville"},{"name":"Effingham High School","city":"Effingham"},{"name":"Egyptian Sr High School","city":"Tamms"},{"name":"Eisenhower High School","city":"Decatur"},{"name":"El Paso-Gridley High School","city":"El Paso"},{"name":"Eldorado High School","city":"Eldorado"},{"name":"Elgin High School","city":"Elgin"},{"name":"Elk Grove High School","city":"Elk Grove Village"},{"name":"Elmwood High School","city":"Elmwood"},{"name":"Elmwood Park High School","city":"Elmwood Park"},{"name":"Elverado High School","city":"Elkville"},{"name":"Englewood STEM High School","city":"Chicago"},{"name":"EPIC Academy High School","city":"Chicago"},{"name":"Erie High School","city":"Erie"},{"name":"Eugene Field School","city":"Normal"},{"name":"Eureka High School","city":"Eureka"},{"name":"Evanston Twp High School","city":"Evanston"},{"name":"Evergreen Park High School","city":"Evergreen Park"},{"name":"Fairfield Comm High School","city":"Fairfield"},{"name":"Farmington Central High Sch","city":"Farmington"},{"name":"Farragut Career Academy HS","city":"Chicago"},{"name":"Fenger Academy High School","city":"Chicago"},{"name":"Fenton High School","city":"Bensenville"},{"name":"Fieldcrest High School","city":"Minonk"},{"name":"Fisher Jr/Sr High School","city":"Fisher"},{"name":"Flanagan-Cornell High School","city":"Flanagan"},{"name":"Flora High School","city":"Flora"},{"name":"Foreman High School","city":"Chicago"},{"name":"Forreston Jr/Sr High Sch","city":"Forreston"},{"name":"Frankfort Comm High School","city":"West Frankfort"},{"name":"Franklin Jr/Sr High School","city":"Franklin"},{"name":"Freeburg Community High Sch","city":"Freeburg"},{"name":"Freeport High School","city":"Freeport"},{"name":"Fulton High School","city":"Fulton"},{"name":"Gage Park High School","city":"Chicago"},{"name":"Galatia High School","city":"Galatia"},{"name":"Galena High School","city":"Galena"},{"name":"Galesburg Senior High School","city":"Galesburg"},{"name":"Gallatin High School","city":"Junction"},{"name":"Galva Jr-Sr High School","city":"Galva"},{"name":"Gardner-South Wilmington Twp H S","city":"Gardner"},{"name":"GCMS High School","city":"Gibson City"},{"name":"Geneseo High School","city":"Geneseo"},{"name":"Geneva Community High School","city":"Geneva"},{"name":"Genoa-Kingston High School","city":"Genoa"},{"name":"Georgetown-Ridge Farm High School","city":"Georgetown"},{"name":"Gillespie High School","city":"Gillespie"},{"name":"Glenbard East High School","city":"Lombard"},{"name":"Glenbard North High School","city":"Carol Stream"},{"name":"Glenbard South High School","city":"Glen Ellyn"},{"name":"Glenbard West High School","city":"Glen Ellyn"},{"name":"Glenbrook North High School","city":"Northbrook"},{"name":"Glenbrook South High School","city":"Glenview"},{"name":"Glenwood High School","city":"Chatham"},{"name":"Goode STEM Academy HS","city":"Chicago"},{"name":"Goreville High School","city":"Goreville"},{"name":"Granite City High School","city":"Granite City"},{"name":"Grant Community High School","city":"Fox Lake"},{"name":"Grant Park High School","city":"Grant Park"},{"name":"Grayslake Central High School","city":"Grayslake"},{"name":"Grayslake North High School","city":"Grayslake"},{"name":"Grayville Jr Sr High School","city":"Grayville"},{"name":"Greenfield High School","city":"Greenfield"},{"name":"Greenview Jr/Sr High School","city":"Greenview"},{"name":"Griggsville-Perry High School","city":"Griggsville"},{"name":"Guilford High School","city":"Rockford"},{"name":"H L Richards High Sch(Campus)","city":"Oak Lawn"},{"name":"Hall High School","city":"Spring Valley"},{"name":"Hamilton County Jr/Sr High School","city":"Mc Leansboro"},{"name":"Hamilton High School","city":"Hamilton"},{"name":"Hampshire High School","city":"Hampshire"},{"name":"Hancock College Preparatory HS","city":"Chicago"},{"name":"Hardin County High School","city":"Elizabethtown"},{"name":"Harlan Community Academy HS","city":"Chicago"},{"name":"Harlem High School","city":"Machesney Park"},{"name":"Harrisburg High School","city":"Harrisburg"},{"name":"Harry D Jacobs High School","city":"Algonquin"},{"name":"Hartsburg-Emden Jr-Sr High School","city":"Hartsburg"},{"name":"Harvard High School","city":"Harvard"},{"name":"Havana High School","city":"Havana"},{"name":"Henry-Senachwine High School","city":"Henry"},{"name":"Heritage High School","city":"Broadlands"},{"name":"Herrin High School","city":"Herrin"},{"name":"Herscher High School","city":"Herscher"},{"name":"Heyworth Jr-Sr High School","city":"Heyworth"},{"name":"Hiawatha Jr/Sr High School","city":"Kirkland"},{"name":"Highland High School","city":"Highland"},{"name":"Highland Park High School","city":"Highland Park"},{"name":"Hillcrest High School","city":"Country Club Hills"},{"name":"Hillsboro High School","city":"Hillsboro"},{"name":"Hinckley-Big Rock High School","city":"Hinckley"},{"name":"Hinsdale Central High School","city":"Hinsdale"},{"name":"Hinsdale South High School","city":"Darien"},{"name":"Hirsch Metropolitan High School","city":"Chicago"},{"name":"Hoffman Estates High School","city":"Hoffman Estates"},{"name":"Homewood-Flossmoor High School","city":"Flossmoor"},{"name":"Hononegah CHD High School","city":"Rockton"},{"name":"Hoopeston Area High School","city":"Hoopeston"},{"name":"Hubbard High School","city":"Chicago"},{"name":"Huntley High School","city":"Huntley"},{"name":"Hutsonville High School","city":"Hutsonville"},{"name":"Hyde Park Academy High School","city":"Chicago"},{"name":"IHSCA Charter High School","city":"Chicago"},{"name":"IJLA Charter High School","city":"Chicago"},{"name":"Il Valley Central High School","city":"Chillicothe"},{"name":"Illini Bluffs High School","city":"Glasford"},{"name":"Illini Central High School","city":"Mason City"},{"name":"Illini West High School","city":"Carthage"},{"name":"Illinois Mathematics and Science","city":"Aurora"},{"name":"Indian Creek High School","city":"Shabbona"},{"name":"Infinity Math  Science & Tech HS","city":"Chicago"},{"name":"Intrinsic 2 Charter High School","city":"Chicago"},{"name":"Intrinsic Charter High School","city":"Chicago"},{"name":"Iroquois West High School","city":"Gilman"},{"name":"J B Conant High School","city":"Hoffman Estates"},{"name":"J Sterling Morton East High Sch","city":"Cicero"},{"name":"J Sterling Morton West High Sch","city":"Berwyn"},{"name":"Jacksonville High School","city":"Jacksonville"},{"name":"Jefferson High School","city":"Rockford"},{"name":"Jersey Comm High School","city":"Jerseyville"},{"name":"John Hersey High School","city":"Arlington Heights"},{"name":"Johnsburg High School","city":"Johnsburg"},{"name":"Johnston City High School","city":"Johnston City"},{"name":"Joliet Central High School","city":"Joliet"},{"name":"Joliet West High School","city":"Joliet"},{"name":"Jones College Prep High School","city":"Chicago"},{"name":"Joppa Jr & Sr High School","city":"Joppa"},{"name":"Juarez Community Academy HS","city":"Chicago"},{"name":"Julian High School","city":"Chicago"},{"name":"Kaneland Senior High School","city":"Maple Park"},{"name":"Kankakee High School","city":"Kankakee"},{"name":"Kansas High School","city":"Kansas"},{"name":"Kelvyn Park High School","city":"Chicago"},{"name":"Kennedy High School","city":"Chicago"},{"name":"Kenwood Academy High School","city":"Chicago"},{"name":"Kewanee High School","city":"Kewanee"},{"name":"King College Prep High School","city":"Chicago"},{"name":"Knoxville Sr High School","city":"Knoxville"},{"name":"La Moille Jr/Sr High School","city":"La Moille"},{"name":"La Salle-Peru Twp High School","city":"La Salle"},{"name":"Lake Forest High School","city":"Lake Forest"},{"name":"Lake Park High School","city":"Roselle"},{"name":"Lake View High School","city":"Chicago"},{"name":"Lake Zurich High School","city":"Lake Zurich"},{"name":"Lakes Community High School","city":"Lake Villa"},{"name":"Lane Technical High School","city":"Chicago"},{"name":"Lanphier High School","city":"Springfield"},{"name":"Larkin High School","city":"Elgin"},{"name":"Lawrenceville High School","city":"Lawrenceville"},{"name":"Lebanon High School","city":"Lebanon"},{"name":"Legal Prep Academy Charter HS","city":"Chicago"},{"name":"Leland High School","city":"Leland"},{"name":"Lemont Twp High School","city":"Lemont"},{"name":"Lena-Winslow High School","city":"Lena"},{"name":"LeRoy High School","city":"Le Roy"},{"name":"Lewistown Jr/Sr High School","city":"Lewistown"},{"name":"Lexington High School","city":"Lexington"},{"name":"Liberty High School","city":"Liberty"},{"name":"Libertyville High School","city":"Libertyville"},{"name":"Limestone Community High School","city":"Peoria"},{"name":"Lincoln Comm High School","city":"Lincoln"},{"name":"Lincoln Park High School","city":"Chicago"},{"name":"Lincoln Way West","city":"New Lenox"},{"name":"Lincoln-Way Central High School","city":"New Lenox"},{"name":"Lincoln-Way East High School","city":"Frankfort"},{"name":"Lincolnwood High School","city":"Raymond"},{"name":"Lindblom Math & Science Acad HS","city":"Chicago"},{"name":"Lisle High School","city":"Lisle"},{"name":"Litchfield Senior High School","city":"Litchfield"},{"name":"Lockport Township High Sch East","city":"Lockport"},{"name":"Lovejoy Technology Academy","city":"Lovejoy"},{"name":"Lowpoint-Washburn Jr Sr High Sch","city":"Washburn"},{"name":"Lyons Twp High Sch","city":"La Grange"},{"name":"MacArthur High School","city":"Decatur"},{"name":"Macomb Senior High School","city":"Macomb"},{"name":"Madison Senior High School","city":"Madison"},{"name":"Mahomet-Seymour High School","city":"Mahomet"},{"name":"Maine East High School","city":"Park Ridge"},{"name":"Maine South High School","city":"Park Ridge"},{"name":"Maine West High School","city":"Des Plaines"},{"name":"Manley Career Academy High School","city":"Chicago"},{"name":"Manteno High School","city":"Manteno"},{"name":"Manual High School","city":"Peoria"},{"name":"Marengo High School","city":"Marengo"},{"name":"Marine Leadership Academy - Ames","city":"Chicago"},{"name":"Marion High School","city":"Marion"},{"name":"Marissa Jr & Sr High School","city":"Marissa"},{"name":"Maroa-Forsyth Senior High Sch","city":"Maroa"},{"name":"Marshall High School","city":"Marshall"},{"name":"Marshall Metropolitan High School","city":"Chicago"},{"name":"Martinsville Jr- Sr High School","city":"Martinsville"},{"name":"Mascoutah High School","city":"Mascoutah"},{"name":"Massac County High School","city":"Metropolis"},{"name":"Mather High School","city":"Chicago"},{"name":"Mattoon High School","city":"Mattoon"},{"name":"McHenry Community High School","city":"Mchenry"},{"name":"Mendota Twp High School","city":"Mendota"},{"name":"Mercer County High School","city":"Aledo"},{"name":"Meredosia-Chambersburg High Sch","city":"Meredosia"},{"name":"Meridian High School","city":"Macon"},{"name":"Meridian High School","city":"Mounds"},{"name":"Metamora High School","city":"Metamora"},{"name":"Metea Valley High School","city":"Aurora"},{"name":"Midland High School","city":"Varna"},{"name":"Midwest Central High School","city":"Manito"},{"name":"Milford High School Campus","city":"Milford"},{"name":"Minooka Community High School","city":"Minooka"},{"name":"Moline Sr High School","city":"Moline"},{"name":"Momence High School","city":"Momence"},{"name":"Monmouth-Roseville High Sch","city":"Monmouth"},{"name":"Monticello High School","city":"Monticello"},{"name":"Morgan Park High School","city":"Chicago"},{"name":"Morris Community High School","city":"Morris"},{"name":"Morrison High School","city":"Morrison"},{"name":"Morrisonville High School","city":"Morrisonville"},{"name":"Morton High School","city":"Morton"},{"name":"Mount Carmel High School","city":"Mount Carmel"},{"name":"Mount Pulaski High School","city":"Mount Pulaski"},{"name":"Mount Vernon High School","city":"Mount Vernon"},{"name":"Mt Olive High School","city":"Mount Olive"},{"name":"Mt Zion High School","city":"Mount Zion"},{"name":"Mulberry Grove Sr High School","city":"Mulberry Grove"},{"name":"Multicultural Arts High School","city":"Chicago"},{"name":"Mundelein Cons High School","city":"Mundelein"},{"name":"Murphysboro High School","city":"Murphysboro"},{"name":"Naperville Central High School","city":"Naperville"},{"name":"Naperville North High School","city":"Naperville"},{"name":"Nashville Comm High School","city":"Nashville"},{"name":"Neoga Jr/Sr High School","city":"Neoga"},{"name":"Neuqua Valley High School","city":"Naperville"},{"name":"New Athens High School","city":"New Athens"},{"name":"New Berlin High School","city":"New Berlin"},{"name":"New Tech High - Zion-Benton East","city":"Zion"},{"name":"New Trier Township H S Winnetka","city":"Winnetka"},{"name":"Newark Comm High School","city":"Newark"},{"name":"Newton Comm High School","city":"Newton"},{"name":"Niles North High School","city":"Skokie"},{"name":"Niles West High School","city":"Skokie"},{"name":"Noble St Chtr - Mansueto","city":"Chicago"},{"name":"Noble St Chtr Rauner College Prep","city":"Chicago"},{"name":"Noble St Chtr-Baker Campus","city":"Chicago"},{"name":"Noble St Chtr-Butler - Crimson","city":"Chicago"},{"name":"Noble St Chtr-Chicago Bulls Prep","city":"Chicago"},{"name":"Noble St Chtr-Comer College Prep","city":"Chicago"},{"name":"Noble St Chtr-DRW Trading Col","city":"Chicago"},{"name":"Noble St Chtr-Golder College Prep","city":"Chicago"},{"name":"Noble St Chtr-Hansberry Prep Slvr","city":"Chicago"},{"name":"Noble St Chtr-ITW Speer Acad","city":"Chicago"},{"name":"Noble St Chtr-Johnson Colg Prep","city":"Chicago"},{"name":"Noble St Chtr-Muchin College Prep","city":"Chicago"},{"name":"Noble St Chtr-Noble Campus","city":"Chicago"},{"name":"Noble St Chtr-Pritzker Col Prep","city":"Chicago"},{"name":"Noble St Chtr-Rowe-Clark MS Acad","city":"Chicago"},{"name":"Noble St Chtr-The Noble Academy","city":"Chicago"},{"name":"Noble St Chtr-UIC College Prep","city":"Chicago"},{"name":"Nokomis Jr/Sr High Sch","city":"Nokomis"},{"name":"Normal Community High School","city":"Normal"},{"name":"Normal Community West High School","city":"Normal"},{"name":"Norris City-Omaha-Enfield H S","city":"Norris City"},{"name":"North Boone High School","city":"Poplar Grove"},{"name":"North Chicago Community High Sch","city":"North Chicago"},{"name":"North Clay Community High School","city":"Louisville"},{"name":"North Greene Jr/Sr High Sch","city":"White Hall"},{"name":"North Lawndale Prep Chtr - Christ","city":"Chicago"},{"name":"North Lawndale Prep Chtr-Collins","city":"Chicago"},{"name":"North Mac High School","city":"Virden"},{"name":"North-Grand High School","city":"Chicago"},{"name":"Northside College Preparatory Hs","city":"Chicago"},{"name":"Northwestern High School","city":"Palmyra"},{"name":"O Fallon High School","city":"O Fallon"},{"name":"Oak Forest High School","city":"Oak Forest"},{"name":"Oak Lawn Comm High School","city":"Oak Lawn"},{"name":"Oak Park & River Forest High Sch","city":"Oak Park"},{"name":"Oakland High School","city":"Oakland"},{"name":"Oakwood High School","city":"Fithian"},{"name":"Oblong High School","city":"Oblong"},{"name":"Odin Attendance Center 9-12","city":"Odin"},{"name":"Ogden Int High School","city":"Chicago"},{"name":"Ohio Community High School","city":"Ohio"},{"name":"Okaw Valley High School","city":"Bethany"},{"name":"Okawville Jr/Sr High School","city":"Okawville"},{"name":"Olympia High School","city":"Stanford"},{"name":"Orangeville High School","city":"Orangeville"},{"name":"Oregon  Jr/Sr High School","city":"Oregon"},{"name":"Orion High School","city":"Orion"},{"name":"Orr Academy High School","city":"Chicago"},{"name":"Oswego East High School","city":"Oswego"},{"name":"Oswego High School","city":"Oswego"},{"name":"Ottawa Township High School","city":"Ottawa"},{"name":"Palatine High School","city":"Palatine"},{"name":"Palestine High School","city":"Palestine"},{"name":"Pana Sr High School","city":"Pana"},{"name":"Paris Cooperative High School","city":"Paris"},{"name":"Paris Cooperative High School 4","city":"Paris"},{"name":"Paris Cooperative High School 95","city":"Paris"},{"name":"Patoka Sr High School","city":"Patoka"},{"name":"Pawnee Jr/Sr High Sch","city":"Pawnee"},{"name":"Paxton-Buckley-Loda High School","city":"Paxton"},{"name":"Payton College Preparatory HS","city":"Chicago"},{"name":"Pearl City High School","city":"Pearl City"},{"name":"Pecatonica High School","city":"Pecatonica"},{"name":"Pekin Community High School","city":"Pekin"},{"name":"Peoria Heights High School","city":"Peoria Heights"},{"name":"Peoria High School","city":"Peoria"},{"name":"Peotone High School","city":"Peotone"},{"name":"Perspectives Chtr -  IIT Campus","city":"Chicago"},{"name":"Perspectives Chtr - HS of Tech","city":"Chicago"},{"name":"Perspectives Chtr - Joslin Campus","city":"Chicago"},{"name":"Perspectives Chtr - Leadership Ac","city":"Chicago"},{"name":"Phillips Academy High School","city":"Chicago"},{"name":"Phoenix Military Academy HS","city":"Chicago"},{"name":"Pinckneyville Comm High School","city":"Pinckneyville"},{"name":"Pittsfield High School","city":"Pittsfield"},{"name":"Plainfield East High School","city":"Plainfield"},{"name":"Plainfield High School","city":"Plainfield"},{"name":"Plainfield North High School","city":"Plainfield"},{"name":"Plainfield South High School","city":"Plainfield"},{"name":"Plano High School","city":"Plano"},{"name":"Pleasant Hill High School","city":"Pleasant Hill"},{"name":"Pleasant Plains High School","city":"Pleasant Plains"},{"name":"Polo Comm High School","city":"Polo"},{"name":"Pontiac High School","city":"Pontiac"},{"name":"Pope Co High School","city":"Golconda"},{"name":"Porta High School","city":"Petersburg"},{"name":"Prairie Central High School","city":"Fairbury"},{"name":"Prairie Ridge High School","city":"Crystal Lake"},{"name":"Princeton High School","city":"Princeton"},{"name":"Princeville High School","city":"Princeville"},{"name":"Prophetstown High School","city":"Prophetstown"},{"name":"Prospect High School","city":"Mt Prospect"},{"name":"Prosser Career Academy HS","city":"Chicago"},{"name":"Proviso East High School","city":"Maywood"},{"name":"Proviso Math and Science Academy","city":"Forest Park"},{"name":"Proviso West High School","city":"Hillside"},{"name":"Putnam County High School","city":"Granville"},{"name":"Quest Charter School Academy","city":"Peoria"},{"name":"Quincy Sr High School","city":"Quincy"},{"name":"R O W V A Jr and  Sr High School","city":"Oneida"},{"name":"Raby High School","city":"Chicago"},{"name":"Ramsey High School","city":"Ramsey"},{"name":"Rantoul Twp High School","city":"Rantoul"},{"name":"Reavis High School","city":"Burbank"},{"name":"Red Bud High School","city":"Red Bud"},{"name":"Red Hill Jr/Sr High School","city":"Bridgeport"},{"name":"Reed-Custer High School","city":"Braidwood"},{"name":"Rich Township High School","city":"Olympia Fields"},{"name":"Richards Career Academy HS","city":"Chicago"},{"name":"Richland County High School","city":"Olney"},{"name":"Richmond-Burton High School","city":"Richmond"},{"name":"Richwoods High School","city":"Peoria"},{"name":"Rickover Naval Academy High Schl","city":"Chicago"},{"name":"Ridgeview High School","city":"Colfax"},{"name":"Ridgewood Comm High School","city":"Norridge"},{"name":"River Ridge High School","city":"Hanover"},{"name":"Riverdale Sr High School","city":"Port Byron"},{"name":"Riverside Brookfield Twp HS","city":"Riverside"},{"name":"Riverton High School","city":"Riverton"},{"name":"Roanoke-Benson High School","city":"Roanoke"},{"name":"Robinson High School","city":"Robinson"},{"name":"Rochelle Twp High School","city":"Rochelle"},{"name":"Rochester High School","city":"Rochester"},{"name":"Rock Falls Township High School","city":"Rock Falls"},{"name":"Rock Island High School","city":"Rock Island"},{"name":"Rockford East High School","city":"Rockford"},{"name":"Rockridge High School","city":"Taylor Ridge"},{"name":"Rolling Acres Middle School","city":"Peoria"},{"name":"Rolling Meadows High School","city":"Rolling Meadows"},{"name":"Romeoville High School","city":"Romeoville"},{"name":"Roosevelt Center","city":"Rockford"},{"name":"Roosevelt High School","city":"Chicago"},{"name":"Round Lake Senior High School","city":"Round Lake"},{"name":"Roxana Sr High School","city":"Roxana"},{"name":"Rushville-Industry High School","city":"Rushville"},{"name":"Salem Community High School","city":"Salem"},{"name":"Salt Fork High School","city":"Catlin"},{"name":"Sandoval Sr High School","city":"Sandoval"},{"name":"Sandwich Community High School","city":"Sandwich"},{"name":"Sangamon Valley High School","city":"Niantic"},{"name":"Scales Mound High School","city":"Scales Mound"},{"name":"Schaumburg High School","city":"Schaumburg"},{"name":"School of Social Justice HS","city":"Chicago"},{"name":"Schurz High School","city":"Chicago"},{"name":"Seneca High School","city":"Seneca"},{"name":"Senn High School","city":"Chicago"},{"name":"Serena High School","city":"Serena"},{"name":"Sesser-Valier High School","city":"Sesser"},{"name":"Seymour High School","city":"Payson"},{"name":"Shawnee High School","city":"Wolf Lake"},{"name":"Shelbyville High School","city":"Shelbyville"},{"name":"Sherrard High School","city":"Sherrard"},{"name":"Shiloh High School","city":"Hume"},{"name":"Simeon Career Academy High School","city":"Chicago"},{"name":"SIU Charter Sch of East St Louis","city":"East Saint Louis"},{"name":"Solorio Academy High School","city":"Chicago"},{"name":"Somonauk High School","city":"Somonauk"},{"name":"South Beloit Sr High School","city":"South Beloit"},{"name":"South Central High School","city":"Farina"},{"name":"South Elgin High School","city":"South Elgin"},{"name":"South Fork Jr Sr High School","city":"Kincaid"},{"name":"South Shore Intl Col Prep HS","city":"Chicago"},{"name":"Southeastern Jr/Sr High School","city":"Augusta"},{"name":"Southland College Prep Chtr HS","city":"Richton Park"},{"name":"Southwestern High School","city":"Piasa"},{"name":"Sparta High School","city":"Sparta"},{"name":"Spoon River Valley Sr High Sch","city":"London Mills"},{"name":"Springfield High School","city":"Springfield"},{"name":"Springfield Southeast High Sch","city":"Springfield"},{"name":"Spry Community Links High School","city":"Chicago"},{"name":"St Anne Comm High School","city":"Saint Anne"},{"name":"St Charles East High School","city":"Saint Charles"},{"name":"St Charles North High School","city":"Saint Charles"},{"name":"St Elmo Sr High School","city":"Saint Elmo"},{"name":"St Joseph-Ogden High School","city":"Saint Joseph"},{"name":"Stark County High School","city":"Toulon"},{"name":"Staunton High School","city":"Staunton"},{"name":"Steeleville High School","city":"Steeleville"},{"name":"Steinmetz College Prep HS","city":"Chicago"},{"name":"Sterling High School","city":"Sterling"},{"name":"Stewardson-Strasburg High School","city":"Strasburg"},{"name":"Stillman Valley High School","city":"Stillman Valley"},{"name":"Stockton Sr High School","city":"Stockton"},{"name":"Streamwood High School","city":"Streamwood"},{"name":"Streator Twp High School","city":"Streator"},{"name":"Sullivan High School","city":"Chicago"},{"name":"Sullivan High School","city":"Sullivan"},{"name":"Sycamore High School","city":"Sycamore"},{"name":"Taft High School","city":"Chicago"},{"name":"Taylorville Sr High School","city":"Taylorville"},{"name":"Teutopolis High School","city":"Teutopolis"},{"name":"Thomas Kelly College Preparatory","city":"Chicago"},{"name":"Thompsonville High School","city":"Thompsonville"},{"name":"Thornridge High School","city":"Dolton"},{"name":"Thornton Fractnl No High School","city":"Calumet City"},{"name":"Thornton Fractnl So High School","city":"Lansing"},{"name":"Thornton Township High School","city":"Harvey"},{"name":"Thornwood High School","city":"South Holland"},{"name":"Thurgood Marshall Learning Ctr","city":"Rock Island"},{"name":"Tilden Career Communty Academy HS","city":"Chicago"},{"name":"Tinley Park High School","city":"Tinley Park"},{"name":"Tremont High School","city":"Tremont"},{"name":"Tri-City High School","city":"Buffalo"},{"name":"Tri-Point High School","city":"Cullom"},{"name":"Tri-Valley High School","city":"Downs"},{"name":"Triad High School","city":"Troy"},{"name":"Trico Senior High School","city":"Campbell Hill"},{"name":"Triopia Jr-Sr High School","city":"Concord"},{"name":"Tuscola High School","city":"Tuscola"},{"name":"United High School","city":"Monmouth"},{"name":"United Twp High School","city":"East Moline"},{"name":"Unity High School","city":"Mendon"},{"name":"Unity High School","city":"Tolono"},{"name":"Univ of Chicago Chtr-Woodlawn","city":"Chicago"},{"name":"University High School","city":"Normal"},{"name":"University of Illinois High Sch","city":"Urbana"},{"name":"Uplift Community High School","city":"Chicago"},{"name":"Urban Prep Chrtr Sch for Yng Men","city":"Chicago"},{"name":"Urban Prep Chtr  Bronzeville HS","city":"Chicago"},{"name":"Urban Prep Chtr Acad Englewood HS","city":"Chicago"},{"name":"Urbana High School","city":"Urbana"},{"name":"V I T Sr High School","city":"Table Grove"},{"name":"Valmeyer High School","city":"Valmeyer"},{"name":"Vandalia Community High School","city":"Vandalia"},{"name":"Vernon Hills High School","city":"Vernon Hills"},{"name":"Victor J Andrew High School","city":"Orland Hills"},{"name":"Vienna High School","city":"Vienna"},{"name":"Villa Grove High School","city":"Villa Grove"},{"name":"Virginia Jr/ Sr High School","city":"Virginia"},{"name":"Von Steuben Metro Science HS","city":"Chicago"},{"name":"Walter Henri Dyett HS for Arts","city":"Chicago"},{"name":"Waltonville High School","city":"Waltonville"},{"name":"Warren Jr/Sr High School","city":"Warren"},{"name":"Warren Township High School","city":"Gurnee"},{"name":"Warrensburg-Latham High School","city":"Warrensburg"},{"name":"Warsaw Sr High School","city":"Warsaw"},{"name":"Washington Comm High School","city":"Washington"},{"name":"Washington G High School","city":"Chicago"},{"name":"Waterloo High School","city":"Waterloo"},{"name":"Watseka Comm High School","city":"Watseka"},{"name":"Waubonsie Valley High School","city":"Aurora"},{"name":"Wauconda High School","city":"Wauconda"},{"name":"Waukegan High School","city":"Waukegan"},{"name":"Waverly Jr/Sr  High School","city":"Waverly"},{"name":"Wayne City High School","city":"Wayne City"},{"name":"Webber High School","city":"Bluford"},{"name":"Wells Community Academy HS","city":"Chicago"},{"name":"Wesclin Sr High School","city":"Trenton"},{"name":"West Aurora High School","city":"Aurora"},{"name":"West Carroll High School","city":"Savanna"},{"name":"West Central High School","city":"Biggsville"},{"name":"West Chicago Comm High School","city":"West Chicago"},{"name":"West Leyden High School","city":"Northlake"},{"name":"West Prairie Senior High School","city":"Sciota"},{"name":"Western High School","city":"Barry"},{"name":"Westinghouse High School","city":"Chicago"},{"name":"Westmont High School","city":"Westmont"},{"name":"Westville High School","city":"Westville"},{"name":"Wethersfield Jr/Sr High School","city":"Kewanee"},{"name":"Wheaton North High School","city":"Wheaton"},{"name":"Wheaton Warrenville South H S","city":"Wheaton"},{"name":"Wheeling High School","city":"Wheeling"},{"name":"Williams Medical Prep High Sch","city":"Chicago"},{"name":"Williamsfield High School","city":"Williamsfield"},{"name":"Williamsville High School","city":"Williamsville"},{"name":"Willowbrook High School","city":"Villa Park"},{"name":"Wilmington High School","city":"Wilmington"},{"name":"Winchester High School","city":"Winchester"},{"name":"Windsor Jr & Sr High School","city":"Windsor"},{"name":"Winnebago High School","city":"Winnebago"},{"name":"Wm Fremd High School","city":"Palatine"},{"name":"Woodland High School","city":"Streator"},{"name":"Woodlawn High School","city":"Woodlawn"},{"name":"Woodruff Career & Tech Center","city":"Peoria"},{"name":"Woodstock High School","city":"Woodstock"},{"name":"Woodstock North High School","city":"Woodstock"},{"name":"World Language High School","city":"Chicago"},{"name":"YBMC Charter Sch","city":"Normal"},{"name":"YCCS Chtr - Chatham","city":"Chicago"},{"name":"YCCS West","city":"Chicago"},{"name":"YCCS-Albizu Campos Puerto Rican","city":"Chicago"},{"name":"YCCS-ASPIRA Pantoja Alt HS","city":"Chicago"},{"name":"YCCS-Association House","city":"Chicago"},{"name":"YCCS-CCA Academy HS","city":"Chicago"},{"name":"YCCS-Community Youth Dev Inst HS","city":"Chicago"},{"name":"YCCS-Innovations of Arts Integr","city":"Chicago"},{"name":"YCCS-Latino Youth Alternative HS","city":"Chicago"},{"name":"YCCS-McKinley-Lakeside Leadership","city":"Chicago"},{"name":"YCCS-Olive Harvey Mid College HS","city":"Chicago"},{"name":"YCCS-Progressive Leadership Acad","city":"Chicago"},{"name":"YCCS-Scholastic Achievement HS","city":"Chicago"},{"name":"YCCS-Sullivan House Alt HS","city":"Chicago"},{"name":"YCCS-Truman Middle College HS","city":"Chicago"},{"name":"YCCS-West Town Academy Alt HS","city":"Chicago"},{"name":"YCCS-Youth Connection Leadership","city":"Chicago"},{"name":"York Comm High School","city":"Elmhurst"},{"name":"Yorkville High School","city":"Yorkville"},{"name":"Young Magnet High School","city":"Chicago"},{"name":"Zeigler-Royalton High School","city":"Zeigler"},{"name":"Zion-Benton Twnshp Hi Sch","city":"Zion"}]