[{"name":"Achieve Virtual Education Academy","city":"Indianapolis"},{"name":"Adams Central High School","city":"Monroe"},{"name":"Adams High School","city":"South Bend"},{"name":"Alexandria Monroe Academy and Central Office","city":"Alexandria"},{"name":"Alexandria-Monroe High School","city":"Alexandria"},{"name":"Anderson High School","city":"Anderson"},{"name":"Angola High School","city":"Angola"},{"name":"Argos Comm Jr-Sr High School","city":"Argos"},{"name":"Arsenal Technical High School","city":"Indianapolis"},{"name":"Attica High School","city":"Attica"},{"name":"Austin High School","city":"Austin"},{"name":"Avon High School","city":"Avon"},{"name":"Barr Reeve Middle/High School","city":"Montgomery"},{"name":"Batesville High School","city":"Batesville"},{"name":"Bedford-North Lawrence High School","city":"Bedford"},{"name":"Beech Grove Sr High School","city":"Beech Grove"},{"name":"BELIEVE Circle City High School","city":"Indianapolis"},{"name":"Bellmont Senior High School","city":"Decatur"},{"name":"Ben Davis High School","city":"Indianapolis"},{"name":"Ben Davis University High School","city":"Indianapolis"},{"name":"Benton Central Jr-Sr High School","city":"Oxford"},{"name":"Blackford Jr-Sr High School","city":"Hartford City"},{"name":"Bloomfield High School","city":"Bloomfield"},{"name":"Bloomington Graduation School","city":"Bloomington"},{"name":"Bloomington High School North","city":"Bloomington"},{"name":"Bloomington High School South","city":"Bloomington"},{"name":"Blue River Valley Jr-Sr High Sch","city":"New Castle"},{"name":"Bluffton High School","city":"Bluffton"},{"name":"Boone Grove High School","city":"Valparaiso"},{"name":"Boonville High School","city":"Boonville"},{"name":"Bremen Senior High School","city":"Bremen"},{"name":"Brown County High School","city":"Nashville"},{"name":"Brownsburg High School","city":"Brownsburg"},{"name":"Brownstown Central High School","city":"Brownstown"},{"name":"Calumet New Tech High School","city":"Gary"},{"name":"Career Academy High School","city":"South Bend"},{"name":"Carmel High School","city":"Carmel"},{"name":"Carroll High School","city":"Fort Wayne"},{"name":"Carroll Senior High School","city":"Flora"},{"name":"Cascade Senior High School","city":"Clayton"},{"name":"Castle High School","city":"Newburgh"},{"name":"Caston Jr-Sr High School","city":"Rochester"},{"name":"Center Grove High School","city":"Greenwood"},{"name":"Centerville Sr High School","city":"Centerville"},{"name":"Central High School","city":"Evansville"},{"name":"Central Noble Junior Senior HS","city":"Albion"},{"name":"Charles A Tindley Accelerated Sch","city":"Indianapolis"},{"name":"Charlestown Senior High School","city":"Charlestown"},{"name":"Chesterton Senior High School","city":"Chesterton"},{"name":"Christel House DORS","city":"Indianapolis"},{"name":"Christel House Watanabe Manual High School","city":"Indianapolis"},{"name":"Churubusco Jr-Sr High School","city":"Churubusco"},{"name":"Clarksville Senior High School","city":"Clarksville"},{"name":"Clay City Jr-Sr High School","city":"Clay City"},{"name":"Clay High School","city":"South Bend"},{"name":"Clinton Central Junior-Senior HS","city":"Michigantown"},{"name":"Clinton Prairie Jr-Sr High School","city":"Frankfort"},{"name":"Cloverdale High School","city":"Cloverdale"},{"name":"Columbia City High School","city":"Columbia City"},{"name":"Columbus East High School","city":"Columbus"},{"name":"Columbus North High School","city":"Columbus"},{"name":"Concord Community High School","city":"Elkhart"},{"name":"Connersville Sr High School","city":"Connersville"},{"name":"Corydon Central High School","city":"Corydon"},{"name":"Covington Community High School","city":"Covington"},{"name":"Cowan High School","city":"Muncie"},{"name":"Crawford County High School","city":"Marengo"},{"name":"Crawfordsville Sr High School","city":"Crawfordsville"},{"name":"Crispus Attucks High School","city":"Indianapolis"},{"name":"Crothersville Jr-Sr High School","city":"Crothersville"},{"name":"Crown Point High School","city":"Crown Point"},{"name":"Culver Community Middle/High Sch","city":"Culver"},{"name":"Daleville Jr-Sr High School","city":"Daleville"},{"name":"Danville Community High School","city":"Danville"},{"name":"Decatur Central High School","city":"Indianapolis"},{"name":"Decatur Twp School for Excellence","city":"Indianapolis"},{"name":"DeKalb High School","city":"Waterloo"},{"name":"Delphi Community High School","city":"Delphi"},{"name":"Delta High School","city":"Muncie"},{"name":"East Allen University","city":"Fort Wayne"},{"name":"East Central High School","city":"St Leon"},{"name":"East Chicago Central High School","city":"East Chicago"},{"name":"East Noble High School","city":"Kendallville"},{"name":"Eastbrook High School","city":"Marion"},{"name":"Eastern Greene High School","city":"Bloomfield"},{"name":"Eastern Hancock High School","city":"Charlottesville"},{"name":"Eastern High School","city":"Pekin"},{"name":"Eastern High School","city":"Greentown"},{"name":"Eastside Junior-Senior High School","city":"Butler"},{"name":"Edgewood High School","city":"Ellettsville"},{"name":"Edinburgh Community High School","city":"Edinburgh"},{"name":"Elkhart High School","city":"Elkhart"},{"name":"Elwood Jr-Sr High School","city":"Elwood"},{"name":"Eminence Jr-Sr High School","city":"Eminence"},{"name":"Emmerich Manual High School","city":"Indianapolis"},{"name":"eSACS Virtual School","city":"Fort Wayne"},{"name":"Excel Center - Anderson","city":"Anderson"},{"name":"Excel Center - Bloomington","city":"Bloomington"},{"name":"Excel Center - Clarksville","city":"Clarksville"},{"name":"Excel Center - Elkhart","city":"Elkhart"},{"name":"Excel Center - Gary","city":"Gary"},{"name":"Excel Center - Hammond","city":"Hammond"},{"name":"Excel Center - Kokomo","city":"Kokomo"},{"name":"Excel Center - Lafayette","city":"Lafayette"},{"name":"Excel Center - Lafayette Square","city":"Indianapolis"},{"name":"Excel Center - Muncie","city":"Muncie"},{"name":"Excel Center - Noblesville","city":"Noblesville"},{"name":"Excel Center - Richmond","city":"Richmond"},{"name":"Excel Center - Shelbyville","city":"Shelbyville"},{"name":"Excel Center - South Bend","city":"South Bend"},{"name":"Excel Center - University Heights","city":"Indianapolis"},{"name":"Excel Center For Adult Learners","city":"Indianapolis"},{"name":"Fairfield Jr-Sr High School","city":"Goshen"},{"name":"Fishers High School","city":"Fishers"},{"name":"Floyd Central High School","city":"Floyd Knobs"},{"name":"Forest Park Jr-Sr High School","city":"Ferdinand"},{"name":"Fountain Central High School","city":"Veedersburg"},{"name":"Francis Joseph Reitz High School","city":"Evansville"},{"name":"Frankfort High School","city":"Frankfort"},{"name":"Franklin Central High School","city":"Indianapolis"},{"name":"Franklin Community High School","city":"Franklin"},{"name":"Franklin County High","city":"Brookville"},{"name":"Frankton Jr-Sr High School","city":"Frankton"},{"name":"Fremont High School","city":"Fremont"},{"name":"Frontier Jr-Sr High School","city":"Chalmers"},{"name":"Garrett High School","city":"Garrett"},{"name":"Gary Middle College","city":"Gary"},{"name":"GEO Next Generation Academy","city":"Indianapolis"},{"name":"George Washington High School","city":"Indianapolis"},{"name":"Gibson Southern High School","city":"Fort Branch"},{"name":"Goshen High School","city":"Goshen"},{"name":"Greencastle High School","city":"Greencastle"},{"name":"Greenfield-Central High School","city":"Greenfield"},{"name":"Greensburg Community High School","city":"Greensburg"},{"name":"Greenwood Community High Sch","city":"Greenwood"},{"name":"Griffth Jr/Sr High School","city":"Griffith"},{"name":"Hagerstown Jr-Sr High School","city":"Hagerstown"},{"name":"Hamilton Community High School","city":"Hamilton"},{"name":"Hamilton Heights High School","city":"Arcadia"},{"name":"Hamilton Southeastern HS","city":"Fishers"},{"name":"Hammond Academy of Science & Tech","city":"Hammond"},{"name":"Hammond Central High School","city":"Hammond"},{"name":"Hanover Central High School","city":"Cedar Lake"},{"name":"Harwood Career Prep High School","city":"Evansville"},{"name":"Hauser Jr-Sr High School","city":"Hope"},{"name":"Hebron High School","city":"Hebron"},{"name":"Henryville Jr & Sr High School","city":"Henryville"},{"name":"Heritage Hills High School","city":"Lincoln City"},{"name":"Heritage Jr/Sr High School","city":"Monroeville"},{"name":"Herron High School","city":"Indianapolis"},{"name":"Highland High School","city":"Highland"},{"name":"Hobart High School","city":"Hobart"},{"name":"Homestead High School","city":"Fort Wayne"},{"name":"Hoosier College and Career Academy","city":"Indianapolis"},{"name":"Huntington North High School","city":"Huntington"},{"name":"Indian Creek Sr High School","city":"Trafalgar"},{"name":"Indiana Academy for Sci Math Hmn","city":"Muncie"},{"name":"Indiana Agriculture and Technology","city":"Carmel"},{"name":"Indiana Connections Career Academy","city":"Indianapolis"},{"name":"Indiana Digital Alternative School","city":"Modoc"},{"name":"Indiana Digital JR and High School","city":"Modoc"},{"name":"Indianapolis Metropolitan High Sch","city":"Indianapolis"},{"name":"Jac-Cen-Del MS/HS","city":"Osgood"},{"name":"James and Rosemary Phalen Leadership Academy High School","city":"Indianapolis"},{"name":"Jasper High School","city":"Jasper"},{"name":"Jay County Jr/Sr High School","city":"Portland"},{"name":"Jefferson High School","city":"Lafayette"},{"name":"Jeffersonville High School","city":"Jeffersonville"},{"name":"Jennings County High School","city":"North Vernon"},{"name":"Jimtown High School","city":"Elkhart"},{"name":"John Glenn High School","city":"Walkerton"},{"name":"Kankakee Valley High School","city":"Wheatfield"},{"name":"KIPP Indy Legacy High","city":"Indianapolis"},{"name":"Knightstown High School","city":"Knightstown"},{"name":"Knox Community High School","city":"Knox"},{"name":"Kokomo High School","city":"Kokomo"},{"name":"Kouts Middle/High School","city":"Kouts"},{"name":"Lake Central High School","city":"Saint John"},{"name":"Lakeland Jr/Sr High School","city":"LaGrange"},{"name":"Lanesville Jr-Sr HS","city":"Lanesville"},{"name":"Lapel Sr High School","city":"Lapel"},{"name":"LaPorte Juvenile Correctional","city":"LaPorte"},{"name":"LaVille Jr-Sr High School","city":"Lakeville"},{"name":"Lawrence Central High School","city":"Indianapolis"},{"name":"Lawrence North High School","city":"Indianapolis"},{"name":"Lawrenceburg High School","city":"Lawrenceburg"},{"name":"Lebanon Senior High School","city":"Lebanon"},{"name":"Leo Junior/Senior High School","city":"Leo"},{"name":"Lewis Cass High School","city":"Walton"},{"name":"Lincoln High School","city":"Vincennes"},{"name":"Lincoln Sr High School","city":"Cambridge City"},{"name":"Linton-Stockton High School","city":"Linton"},{"name":"Logansport Community High School","city":"Logansport"},{"name":"Logansport Juvenile Correctional","city":"Logansport"},{"name":"Loogootee High School","city":"Loogootee"},{"name":"Lowell Senior High School","city":"Lowell"},{"name":"Maconaquah High School","city":"Bunker Hill"},{"name":"Madison Consolidated High School","city":"Madison"},{"name":"Madison-Grant Jr./Sr. High School","city":"Fairmount"},{"name":"Manchester Jr-Sr High School","city":"N Manchester"},{"name":"Marion High School","city":"Marion"},{"name":"Martinsville High School","city":"Martinsville"},{"name":"McCutcheon High School","city":"Lafayette"},{"name":"Medora Jr & Sr High School","city":"Medora"},{"name":"Merrillville High School","city":"Merrillville"},{"name":"Michigan City High School","city":"Michigan City"},{"name":"Milan High School","city":"Milan"},{"name":"Mishawaka High School","city":"Mishawaka"},{"name":"Mississinewa High School","city":"Gas City"},{"name":"Mitchell High School","city":"Mitchell"},{"name":"Monroe Central Jr-Sr High School","city":"Parker City"},{"name":"Monrovia High School","city":"Monrovia"},{"name":"Mooresville High School","city":"Mooresville"},{"name":"Morgan Township Middle/High School","city":"Valparaiso"},{"name":"Morristown Jr-Sr High School","city":"Morristown"},{"name":"Morton Senior High School","city":"Hammond"},{"name":"Mount Vernon High School","city":"Mount Vernon"},{"name":"Mt Vernon High School","city":"Fortville"},{"name":"Munster High School","city":"Munster"},{"name":"N Judson-San Pierre Jr Sr High Sch","city":"North Judson"},{"name":"Neighbors' New Vistas High School","city":"Portage"},{"name":"New Albany Senior High School","city":"New Albany"},{"name":"New Castle High School","city":"New Castle"},{"name":"New Haven Jr/Sr High School","city":"New Haven"},{"name":"New Palestine High School","city":"New Palestine"},{"name":"New Prairie High School","city":"New Carlisle"},{"name":"New Tech Institute","city":"Evansville"},{"name":"New Washington Middle/High School","city":"New Washington"},{"name":"Noblesville High School","city":"Noblesville"},{"name":"North Central High School","city":"Indianapolis"},{"name":"North Central Jr/Sr High School","city":"Farmersburg"},{"name":"North Daviess Jr-Sr High School","city":"Elnora"},{"name":"North Decatur Jr-Sr High School","city":"Greensburg"},{"name":"North Harrison High School","city":"Ramsey"},{"name":"North High School","city":"Evansville"},{"name":"North Knox Jr-Sr High School","city":"Bicknell"},{"name":"North Miami Middle/High School","city":"Denver"},{"name":"North Montgomery High School","city":"Crawfordsville"},{"name":"North Newton Jr-Sr High School","city":"Morocco"},{"name":"North Posey High School","city":"Poseyville"},{"name":"North Putnam Sr High School","city":"Roachdale"},{"name":"North Side High School","city":"Fort Wayne"},{"name":"North Vermillion High School","city":"Cayuga"},{"name":"North White High School","city":"Monon"},{"name":"North Wood High School","city":"Nappanee"},{"name":"Northeast Dubois Jr/Sr High School","city":"Dubois"},{"name":"Northeastern High School","city":"Fountain City"},{"name":"Northfield Jr-Sr High School","city":"Wabash"},{"name":"Northridge High School","city":"Middlebury"},{"name":"Northrop High School","city":"Fort Wayne"},{"name":"Northview High School","city":"Brazil"},{"name":"Northwestern Senior High School","city":"Kokomo"},{"name":"Norwell High School","city":"Ossian"},{"name":"Oak Hill High School","city":"Converse"},{"name":"Options Indiana","city":"Noblesville"},{"name":"Options Noblesville","city":"Noblesville"},{"name":"Options Westfield","city":"Carmel"},{"name":"Oregon-Davis Jr-Sr High School","city":"Hamlet"},{"name":"Orleans Jr-Sr High School","city":"Orleans"},{"name":"Owen Valley Community High School","city":"Spencer"},{"name":"Paoli Jr & Sr High School","city":"Paoli"},{"name":"Parke Heritage High School","city":"Rockville"},{"name":"Pendleton Heights High School","city":"Pendleton"},{"name":"Pendleton Juvenile Correctional","city":"Pendleton"},{"name":"Penn High School","city":"Mishawaka"},{"name":"Perry Central Jr-Sr High School","city":"Leopold"},{"name":"Perry Meridian High School","city":"Indianapolis"},{"name":"Peru Jr/Sr High School","city":"Peru"},{"name":"Pike Central High School","city":"Petersburg"},{"name":"Pike High School","city":"Indianapolis"},{"name":"Pioneer Jr-Sr High School","city":"Royal Center"},{"name":"Plainfield High School","city":"Plainfield"},{"name":"Plymouth High School","city":"Plymouth"},{"name":"Portage High School","city":"Portage"},{"name":"Prairie Heights Sr High School","city":"LaGrange"},{"name":"Princeton Community High School","city":"Princeton"},{"name":"Purdue Polytechnic High Sch North","city":"Indianapolis"},{"name":"Purdue Polytechnic High School Ind","city":"Indianapolis"},{"name":"Purdue Polytechnic High School South Bend","city":"South Bend"},{"name":"R Nelson Snider High School","city":"Fort Wayne"},{"name":"Randolph Southern Jr-Sr High Sch","city":"Lynn"},{"name":"Rensselaer Central High School","city":"Rensselaer"},{"name":"Richmond High School","city":"Richmond"},{"name":"Riley High School","city":"South Bend"},{"name":"Rise Up Academy at Eggleston","city":"South Bend"},{"name":"Rising Sun High School","city":"Rising Sun"},{"name":"River Forest High School","city":"Hobart"},{"name":"Riverside High School","city":"Indianapolis"},{"name":"Riverton Parke Jr-Sr High School","city":"Montezuma"},{"name":"Rochester Community High School","city":"Rochester"},{"name":"Rooted School Indianapolis","city":"Indianapolis"},{"name":"Rossville Middle/Senior High Sch","city":"Rossville"},{"name":"Rushville Consolidated High School","city":"Rushville"},{"name":"Salem High School","city":"Salem"},{"name":"Scottsburg Senior High School","city":"Scottsburg"},{"name":"Seeger Memorial Jr-Sr High School","city":"West Lebanon"},{"name":"Seymour Senior High School","city":"Seymour"},{"name":"Shakamak Jr-Sr High School","city":"Jasonville"},{"name":"Shelbyville Sr High School","city":"Shelbyville"},{"name":"Shenandoah High School","city":"Middletown"},{"name":"Sheridan High School","city":"Sheridan"},{"name":"Shoals Community High School","city":"Shoals"},{"name":"Shortridge High School","city":"Indianapolis"},{"name":"Signature School Inc","city":"Evansville"},{"name":"Silver Creek High School","city":"Sellersburg"},{"name":"South Adams High School","city":"Berne"},{"name":"South Central Jr & Sr High School","city":"Elizabeth"},{"name":"South Central Jr-Sr High School","city":"Union Mills"},{"name":"South Dearborn High School","city":"Aurora"},{"name":"South Decatur Jr-Sr High School","city":"Greensburg"},{"name":"South Knox Middle-High School","city":"Vincennes"},{"name":"South Newton Senior High School","city":"Kentland"},{"name":"South Putnam High School","city":"Greencastle"},{"name":"South Ripley High School","city":"Versailles"},{"name":"South Side High School","city":"Fort Wayne"},{"name":"South Spencer High School","city":"Rockport"},{"name":"South Vermillion High School","city":"Clinton"},{"name":"Southeast Fountain Virtual Academy","city":"Veedersburg"},{"name":"Southern Wells Jr-Sr High School","city":"Poneto"},{"name":"Southmont Sr High School","city":"Crawfordsville"},{"name":"Southport High School","city":"Indianapolis"},{"name":"Southridge High School","city":"Huntingburg"},{"name":"Southwestern High School","city":"Hanover"},{"name":"Southwestern High School","city":"Shelbyville"},{"name":"Southwood Jr-Sr High School","city":"Wabash"},{"name":"Speedway Senior High School","city":"Speedway"},{"name":"Springs Valley Comm High School","city":"French Lick"},{"name":"Sullivan High School","city":"Sullivan"},{"name":"Switzerland Co Senior High School","city":"Vevay"},{"name":"Taylor High School","city":"Kokomo"},{"name":"Tecumseh High School","city":"Lynnville"},{"name":"Tell City Jr-Sr High School","city":"Tell City"},{"name":"Terre Haute North Vigo High School","city":"Terre Haute"},{"name":"Terre Haute South Vigo High School","city":"Terre Haute"},{"name":"The Acad of Sci & Entrepreneurship","city":"Bloomington"},{"name":"The Hope Academy Inc","city":"Indianapolis"},{"name":"Thomas A Edison Jr-Sr HS","city":"Lake Station"},{"name":"Tippecanoe Valley High School","city":"Akron"},{"name":"Tipton High School","city":"Tipton"},{"name":"Tri Central Middle-High School","city":"Sharpsville"},{"name":"Tri Junior-Senior High School","city":"Straughn"},{"name":"Tri-County Jr/Sr High School","city":"Wolcott"},{"name":"Tri-Township Jr.-Sr. High School","city":"LaCrosse"},{"name":"Tri-West Senior High School","city":"Lizton"},{"name":"Triton Central High School","city":"Fairland"},{"name":"Triton Jr-Sr High School","city":"Bourbon"},{"name":"Twin Lakes Senior High School","city":"Monticello"},{"name":"Union City Community Jr/Sr High","city":"Union City"},{"name":"Union County High School","city":"Liberty"},{"name":"Union Junior & High School","city":"Modoc"},{"name":"Valparaiso High School","city":"Valparaiso"},{"name":"Virtual Preparatory Academy of Indiana at Madison-Grant 9-12","city":"Fairmount"},{"name":"Wabash High School","city":"Wabash"},{"name":"Waldo J Wood Memorial High","city":"Oakland City"},{"name":"Waldron Jr-Sr High School","city":"Waldron"},{"name":"Wapahani High School","city":"Selma"},{"name":"Warren Central High School","city":"Indianapolis"},{"name":"Warsaw Community High School","city":"Warsaw"},{"name":"Washington High School","city":"South Bend"},{"name":"Washington High School","city":"Washington"},{"name":"Washington Learning Academy","city":"Vincennes"},{"name":"Washington Twp Middle/High School","city":"Valparaiso"},{"name":"Wawasee High School","city":"Syracuse"},{"name":"Wayne High School","city":"Fort Wayne"},{"name":"Wes-Del Middle/Senior High School","city":"Gaston"},{"name":"West Central Senior High School","city":"Francesville"},{"name":"West Lafayette Jr/Sr High School","city":"West Lafayette"},{"name":"West Noble High School","city":"Ligonier"},{"name":"West Side Leadership Academy","city":"Gary"},{"name":"West Vigo High School","city":"West Terre Haute"},{"name":"West Washington Jr-Sr High School","city":"Campbellsburg"},{"name":"Western Boone Jr-Sr High School","city":"Thorntown"},{"name":"Western High School","city":"Russiaville"},{"name":"Westfield High School","city":"Westfield"},{"name":"Westview Jr-Sr High School","city":"Topeka"},{"name":"Westville High School","city":"Westville"},{"name":"Wheeler High School","city":"Valparaiso"},{"name":"White River Valley High School","city":"Switz City"},{"name":"White's Jr-Sr High School","city":"Wabash"},{"name":"Whiteland Community High School","city":"Whiteland"},{"name":"Whiting High School","city":"Whiting"},{"name":"Whitko Career Academy","city":"Larwill"},{"name":"Whitko Jr/Sr High School","city":"South Whitley"},{"name":"William Henry Harrison High School","city":"Evansville"},{"name":"William Henry Harrison High School","city":"West Lafayette"},{"name":"William W Borden High School","city":"Borden"},{"name":"Winamac Community High School","city":"Winamac"},{"name":"Winchester Community High School","city":"Winchester"},{"name":"Woodlan Jr/Sr High School","city":"Woodburn"},{"name":"Yorktown High School","city":"Yorktown"},{"name":"Zionsville Community High School","city":"Zionsville"}]