[{"name":"21st Century Learning Academy/Kiowa County","city":"Greensburg"},{"name":"500 Reach","city":"Kansas City"},{"name":"Abilene High School","city":"Abilene"},{"name":"Abilene Virtual School","city":"Abilene"},{"name":"Alfred Fairfax Academy","city":"Kansas City"},{"name":"Altoona-Midway Middle/High School","city":"Buffalo"},{"name":"Andale High","city":"Andale"},{"name":"Anderson County Jr/Sr High School","city":"Garnett"},{"name":"Andover Central High School","city":"Andover"},{"name":"Andover High","city":"Andover"},{"name":"Argonia High","city":"Argonia"},{"name":"Arkansas City High","city":"Arkansas City"},{"name":"Ashland High","city":"Ashland"},{"name":"Atchison County Community JR/SR High","city":"Effingham"},{"name":"Atchison High  School","city":"Atchison"},{"name":"Attica High","city":"Attica"},{"name":"Augusta Sr High","city":"Augusta"},{"name":"Axtell High","city":"Axtell"},{"name":"Baldwin High School","city":"Baldwin City"},{"name":"Basehor-Linwood High School","city":"Basehor"},{"name":"Baxter Springs High","city":"Baxter Springs"},{"name":"Belle Plaine High","city":"Belle Plaine"},{"name":"Beloit Jr-Sr High","city":"Beloit"},{"name":"Bennington Junior High/High School","city":"Bennington"},{"name":"Beyond the Bell","city":"Kansas City"},{"name":"Blue Valley High","city":"Randolph"},{"name":"Blue Valley High","city":"Stilwell"},{"name":"Blue Valley North High","city":"Overland Park"},{"name":"Blue Valley Northwest High","city":"Overland Park"},{"name":"Blue Valley Southwest High School","city":"Overland Park"},{"name":"Blue Valley West High","city":"Overland Park"},{"name":"Bluestem Jr/Sr High","city":"Leon"},{"name":"Bonner Springs High","city":"Bonner Springs"},{"name":"Brewster High","city":"Brewster"},{"name":"BRIDGES Academy","city":"Independence"},{"name":"Bucklin High","city":"Bucklin"},{"name":"Buhler High","city":"Buhler"},{"name":"Burlingame Junior/Senior High","city":"Burlingame"},{"name":"Burlington High","city":"Burlington"},{"name":"Burrton MS/HS","city":"Burrton"},{"name":"Caldwell Secondary School","city":"Caldwell"},{"name":"Caldwell Secondary School-Chisholm Trail eLea","city":"Caldwell"},{"name":"Campus High Haysville","city":"Wichita"},{"name":"Caney Valley Charter Academy","city":"Caney"},{"name":"Caney Valley High","city":"Caney"},{"name":"Canton-Galva Jr./Sr. High","city":"Canton"},{"name":"Capital City","city":"Topeka"},{"name":"Cedar Vale High","city":"Cedar Vale"},{"name":"Central Heights High","city":"Richmond"},{"name":"Central Jr-Sr High","city":"Burden"},{"name":"Central Plains Adult Diploma Program","city":"Holyrood"},{"name":"Central Plains Jr. Sr. High School","city":"Claflin"},{"name":"Centralia High","city":"Centralia"},{"name":"Chanute High","city":"Chanute"},{"name":"Chaparral Jr/Sr High","city":"Anthony"},{"name":"Chaparral Virtual School","city":"Anthony"},{"name":"Chapman High","city":"Chapman"},{"name":"Chase County Junior Senior High School","city":"Cottonwood Falls"},{"name":"Chase High","city":"Chase"},{"name":"Cheney High","city":"Cheney"},{"name":"Cherryvale Sr / Middle School","city":"Cherryvale"},{"name":"Chetopa High","city":"Chetopa"},{"name":"Cheylin Jr/Sr High","city":"Bird City"},{"name":"Chisholm Life Skills Center","city":"Wichita"},{"name":"Cimarron High","city":"Cimarron"},{"name":"Circle High","city":"Towanda"},{"name":"Clay Center Community High","city":"Clay Center"},{"name":"Clearwater High","city":"Clearwater"},{"name":"Clifton-Clyde Sr High","city":"Clyde"},{"name":"Coffeyville Virtual Program","city":"Coffeyville"},{"name":"Colby Senior High","city":"Colby"},{"name":"Columbus Junior High and High School","city":"Columbus"},{"name":"Concordia Jr-Sr High","city":"Concordia"},{"name":"Conway Springs High School","city":"Conway Springs"},{"name":"Council Grove Junior Senior High School","city":"Council Grove"},{"name":"Crest High","city":"Colony"},{"name":"Cunningham High","city":"Cunningham"},{"name":"De Soto  High  School","city":"De Soto"},{"name":"Decatur Community Jr/Sr High","city":"Oberlin"},{"name":"Deerfield High","city":"Deerfield"},{"name":"Derby High School","city":"Derby"},{"name":"Dexter High","city":"Dexter"},{"name":"Dighton High","city":"Dighton"},{"name":"Dodge City High School","city":"Dodge City"},{"name":"Doniphan West JR/SR High School","city":"Highland"},{"name":"Douglass High","city":"Douglass"},{"name":"East High","city":"Wichita"},{"name":"Eisenhower High School","city":"Goddard"},{"name":"El Dorado High","city":"El Dorado"},{"name":"eLearn 379 Virtual School","city":"Clay Center"},{"name":"Elk Valley High School","city":"Longton"},{"name":"Elkhart High","city":"Elkhart"},{"name":"Ell-Saline Middle/High School","city":"Brookville"},{"name":"Ellinwood High","city":"Ellinwood"},{"name":"Ellis Jr/Sr High","city":"Ellis"},{"name":"Ellsworth High","city":"Ellsworth"},{"name":"Emporia High","city":"Emporia"},{"name":"Erie High School","city":"Erie"},{"name":"Eudora High  School","city":"Eudora"},{"name":"Eudora Schools Virtual Learning","city":"Eudora"},{"name":"Eureka Jr/Sr High","city":"Eureka"},{"name":"F L Schlagle High","city":"Kansas City"},{"name":"Field Kindley High","city":"Coffeyville"},{"name":"Flinthills High School","city":"Rosalia"},{"name":"Fort Scott Sr High","city":"Fort Scott"},{"name":"Fowler High","city":"Fowler"},{"name":"Frankfort High","city":"Frankfort"},{"name":"Frederic Remington High","city":"Whitewater"},{"name":"Fredonia Jr./Sr. High School","city":"Fredonia"},{"name":"Frontenac Sr. High School","city":"Frontenac"},{"name":"Galena High","city":"Galena"},{"name":"Garden City High School","city":"Garden City"},{"name":"Garden Plain High","city":"Garden Plain"},{"name":"Gardner Edgerton High","city":"Gardner"},{"name":"Girard High","city":"Girard"},{"name":"Glasco High","city":"Glasco"},{"name":"Goddard High","city":"Goddard"},{"name":"Goessel High","city":"Goessel"},{"name":"Golden Plains High","city":"Rexford"},{"name":"Goodland Jr-Sr. High School","city":"Goodland"},{"name":"Goodland Virtual School","city":"Goodland"},{"name":"Great Bend High School","city":"Great Bend"},{"name":"Greeley County Jr./Sr. High","city":"Tribune"},{"name":"Halstead High","city":"Halstead"},{"name":"Hamilton High","city":"Hamilton"},{"name":"Hanover High","city":"Hanover"},{"name":"Hartford Jr./Sr. High School","city":"Hartford"},{"name":"Haven High","city":"Haven"},{"name":"Hays High","city":"Hays"},{"name":"Healy High","city":"Healy"},{"name":"Heights High","city":"Wichita"},{"name":"Herington High","city":"Herington"},{"name":"Hesston High","city":"Hesston"},{"name":"Hiawatha Sr High","city":"Hiawatha"},{"name":"Highland Park High","city":"Topeka"},{"name":"Hill City Junior-Senior High","city":"Hill City"},{"name":"Hillsboro Middle/High School","city":"Hillsboro"},{"name":"Hodgeman County High","city":"Jetmore"},{"name":"Hoisington High","city":"Hoisington"},{"name":"Holcomb High","city":"Holcomb"},{"name":"Holton High","city":"Holton"},{"name":"Hope High","city":"Hope"},{"name":"Hope Street Charter Academy","city":"Topeka"},{"name":"Horton High","city":"Horton"},{"name":"Hoxie High","city":"Hoxie"},{"name":"Hugoton High","city":"Hugoton"},{"name":"Hugoton Learning Academy","city":"Hugoton"},{"name":"Humboldt High School","city":"Humboldt"},{"name":"Humboldt Virtual Education","city":"Humboldt"},{"name":"Hutchinson High School","city":"Hutchinson"},{"name":"Independence Sr High","city":"Independence"},{"name":"Ingalls High School/Junior High","city":"Ingalls"},{"name":"Inman Jr/Sr High School","city":"Inman"},{"name":"Insight School of Kansas","city":"Spring Hill"},{"name":"Iola High School Virtual","city":"Iola"},{"name":"Iola Sr High","city":"Iola"},{"name":"J C Harmon High","city":"Kansas City"},{"name":"Jackson Heights High School and Middle School","city":"Holton"},{"name":"Jayhawk-Linn High","city":"Mound City"},{"name":"Jefferson Co North High","city":"Winchester"},{"name":"Jefferson West High","city":"Meriden"},{"name":"Junction City Sr High","city":"Junction City"},{"name":"Kingman High","city":"Kingman"},{"name":"Kinsley Jr/Sr High School","city":"Kinsley"},{"name":"Kiowa County High School","city":"Greensburg"},{"name":"La Crosse High","city":"La Crosse"},{"name":"Labette County High School","city":"Altamont"},{"name":"Lakeside Junior/Senior High School","city":"Downs"},{"name":"Lakin High","city":"Lakin"},{"name":"Lansing High 9-12","city":"Leavenworth"},{"name":"Larned Sr High","city":"Larned"},{"name":"Lawrence Free State High","city":"Lawrence"},{"name":"Lawrence Gardner High School","city":"Topeka"},{"name":"Lawrence High","city":"Lawrence"},{"name":"Leavenworth Sr High","city":"Leavenworth"},{"name":"Lebo High","city":"Lebo"},{"name":"Liberal Sr High","city":"Liberal"},{"name":"Lincoln Jr/Sr High","city":"Lincoln"},{"name":"Linn High","city":"Linn"},{"name":"Little River High","city":"Little River"},{"name":"Logan High","city":"Logan"},{"name":"Louisburg High","city":"Louisburg"},{"name":"Louisburg Virtual Program","city":"Louisburg"},{"name":"Lyndon High","city":"Lyndon"},{"name":"Lyons High School","city":"Lyons"},{"name":"Macksville High","city":"Macksville"},{"name":"Madison High","city":"Madison"},{"name":"Maize South High School","city":"Wichita"},{"name":"Maize Sr High","city":"Maize"},{"name":"Manhattan High School West/East Campus","city":"Manhattan"},{"name":"Marais Des Cygnes Valley High","city":"Melvern"},{"name":"Marion High","city":"Marion"},{"name":"Marmaton Valley High","city":"Moran"},{"name":"Marmaton Valley Virtual School","city":"Moran"},{"name":"Marysville Jr/Sr High","city":"Marysville"},{"name":"McLouth High","city":"McLouth"},{"name":"McPherson High","city":"McPherson"},{"name":"Meade High","city":"Meade"},{"name":"Medicine Lodge Jr/Sr High School","city":"Medicine Lodge"},{"name":"Mill Valley High School","city":"Shawnee"},{"name":"Miltonvale High","city":"Miltonvale"},{"name":"Minneapolis Jr-Sr High School","city":"Minneapolis"},{"name":"Minneola High","city":"Minneola"},{"name":"Mission Valley Junior and Senior High School","city":"Eskridge"},{"name":"Moscow High","city":"Moscow"},{"name":"Moundridge High","city":"Moundridge"},{"name":"Mulvane High","city":"Mulvane"},{"name":"Natoma High (6-12)","city":"Natoma"},{"name":"Nemaha Central High School","city":"Seneca"},{"name":"Neodesha High","city":"Neodesha"},{"name":"Ness City High","city":"Ness City"},{"name":"Newton Sr High","city":"Newton"},{"name":"Nickerson High","city":"Nickerson"},{"name":"North East High","city":"Arma"},{"name":"North High","city":"Wichita"},{"name":"Northeast Magnet High School","city":"Bel Aire"},{"name":"Northeast Virtual School","city":"Arma"},{"name":"Northern Heights","city":"Allen"},{"name":"Northern Valley High","city":"Almena"},{"name":"Northwest High","city":"Wichita"},{"name":"Norton High","city":"Norton"},{"name":"Norwich High","city":"Norwich"},{"name":"Oakley Sr High","city":"Oakley"},{"name":"Olathe East Sr High","city":"Olathe"},{"name":"Olathe North Sr High","city":"Olathe"},{"name":"Olathe Northwest High School","city":"Olathe"},{"name":"Olathe South Sr High","city":"Olathe"},{"name":"Olathe West High School","city":"Olathe"},{"name":"Olpe Jr./Sr. High School","city":"Olpe"},{"name":"Onaga Senior High","city":"Onaga"},{"name":"Opportunity Academy","city":"Newton"},{"name":"Osage City High","city":"Osage City"},{"name":"Osawatomie High","city":"Osawatomie"},{"name":"Osawatomie Virtual School","city":"Osawatomie"},{"name":"Osborne Junior/Senior High","city":"Osborne"},{"name":"Oskaloosa JR-SR High School","city":"Oskaloosa"},{"name":"Oswego Junior-Senior High School","city":"Oswego"},{"name":"Otis-Bison Junior/Senior High School","city":"Otis"},{"name":"Ottawa Sr High","city":"Ottawa"},{"name":"Ottawa Virtual School","city":"Ottawa"},{"name":"Oxford Jr/Sr High","city":"Oxford"},{"name":"Palco High","city":"Palco"},{"name":"Paola High","city":"Paola"},{"name":"Parsons Sr High","city":"Parsons"},{"name":"Peabody-Burns Jr/Sr High School","city":"Peabody"},{"name":"Perry Lecompton High","city":"Perry"},{"name":"Phillipsburg High","city":"Phillipsburg"},{"name":"Pike Valley High","city":"Scandia"},{"name":"Piper High","city":"Kansas City"},{"name":"Pittsburg High","city":"Pittsburg"},{"name":"Plainville High","city":"Plainville"},{"name":"Pleasant Ridge High","city":"Easton"},{"name":"Pleasanton High","city":"Pleasanton"},{"name":"Prairie View High","city":"LaCygne"},{"name":"Pratt Sr High","city":"Pratt"},{"name":"Pretty Prairie High","city":"Pretty Prairie"},{"name":"Quinter Jr-Sr High","city":"Quinter"},{"name":"Rawlins County Jr/Sr High School","city":"Atwood"},{"name":"Republic County Jr./Sr. High School","city":"Belleville"},{"name":"Riley County High School","city":"Riley"},{"name":"Riverside High School","city":"Wathena"},{"name":"Riverton High","city":"Riverton"},{"name":"Rock Creek High School","city":"St George"},{"name":"Rock Hills Jr/Sr High School","city":"Mankato"},{"name":"Rolla JH/HS (6-12)","city":"Rolla"},{"name":"Rose Hill High","city":"Rose Hill"},{"name":"Rossville Jr.-Sr. High School","city":"Rossville"},{"name":"Royal Valley High","city":"Hoyt"},{"name":"Russell High","city":"Russell"},{"name":"Sabetha High School","city":"Sabetha"},{"name":"Salina High Central","city":"Salina"},{"name":"Salina High South","city":"Salina"},{"name":"Santa Fe Trail High","city":"Carbondale"},{"name":"Satanta Jr-Sr High","city":"Satanta"},{"name":"Scott City High","city":"Scott City"},{"name":"Scott Community Learning Center","city":"Scott City"},{"name":"Seaman High","city":"Topeka"},{"name":"Sedan High","city":"Sedan"},{"name":"Sedgwick High","city":"Sedgwick"},{"name":"Shawnee Heights High","city":"Tecumseh"},{"name":"Shawnee Mission East High","city":"Shawnee Mission"},{"name":"Shawnee Mission North High","city":"Shawnee Mission"},{"name":"Shawnee Mission Northwest High","city":"Shawnee Mission"},{"name":"Shawnee Mission South High","city":"Shawnee Mission"},{"name":"Shawnee Mission West High","city":"Shawnee Mission"},{"name":"Silver Lake Jr-Sr High","city":"Silver Lake"},{"name":"Skyline High","city":"Pratt"},{"name":"Smith Center Jr Sr High","city":"Smith Center"},{"name":"Smoky Valley High","city":"Lindsborg"},{"name":"Solomon High","city":"Solomon"},{"name":"South Barber 7-12","city":"Kiowa"},{"name":"South Central High School","city":"Coldwater"},{"name":"South Gray Community Learning Center","city":"Montezuma"},{"name":"South Gray High","city":"Montezuma"},{"name":"South Haven High","city":"South Haven"},{"name":"South High","city":"Wichita"},{"name":"Southeast High","city":"Cherokee"},{"name":"Southeast High","city":"Wichita"},{"name":"Southeast Saline High","city":"Gypsum"},{"name":"Southern Coffey County High School","city":"LeRoy"},{"name":"Southwestern Heights Jr/Sr High","city":"Kismet"},{"name":"SouthWinds Academy","city":"Otis"},{"name":"Sowers Alternative High School","city":"Wichita"},{"name":"Spearville Jr/Sr High","city":"Spearville"},{"name":"Spring Hill High School","city":"Spring Hill"},{"name":"St Francis High","city":"St Francis"},{"name":"St John High","city":"St. John"},{"name":"St. Marys Junior Senior High","city":"St Marys"},{"name":"St. Paul High School","city":"St. Paul"},{"name":"Stafford Middle School/High School","city":"Stafford"},{"name":"Stanton County Jr./Sr. High School","city":"Johnson"},{"name":"Sterling Junior High/Senior High","city":"Sterling"},{"name":"Stockton High","city":"Stockton"},{"name":"Sublette High","city":"Sublette"},{"name":"Sumner Academy of Arts & Science","city":"Kansas City"},{"name":"Sylvan-Lucas Unified Jr. sr","city":"Sylvan Grove"},{"name":"Syracuse High","city":"Syracuse"},{"name":"Tescott Junior High/High School","city":"Tescott"},{"name":"Thunder Ridge High School","city":"Kensington"},{"name":"Tonganoxie High","city":"Tonganoxie"},{"name":"Topeka High","city":"Topeka"},{"name":"Topeka West High","city":"Topeka"},{"name":"Trego Community High","city":"WaKeeney"},{"name":"Troy High and Middle School","city":"Troy"},{"name":"Turner High","city":"Kansas City"},{"name":"Udall High","city":"Udall"},{"name":"Ulysses Community Learning Center (UCLC)","city":"Ulysses"},{"name":"Ulysses High","city":"Ulysses"},{"name":"Uniontown High School","city":"Uniontown"},{"name":"USD 265 - Goddard Virtual School","city":"Goddard"},{"name":"USD 331 Virtual School","city":"Kingman"},{"name":"USD 457 Virtual Academy","city":"Garden City"},{"name":"USD 508 eAcademy","city":"Baxter Springs"},{"name":"Valley Center High","city":"Valley Center"},{"name":"Valley Falls High","city":"Valley Falls"},{"name":"Valley Heights Jr/Sr High","city":"Blue Rapids"},{"name":"Victoria Junior-Senior High School","city":"Victoria"},{"name":"Virtual Education Program","city":"De Soto"},{"name":"Wabaunsee Sr High","city":"Alma"},{"name":"Wakefield High","city":"Wakefield"},{"name":"Wallace County High","city":"Sharon Springs"},{"name":"Wamego High","city":"Wamego"},{"name":"Wamego High School Virtual School","city":"Wamego"},{"name":"Washburn Rural High","city":"Topeka"},{"name":"Washington County High School","city":"Washington"},{"name":"Washington High","city":"Kansas City"},{"name":"Waverly High","city":"Waverly"},{"name":"Wellington High School","city":"Wellington"},{"name":"Wellington Virtual School","city":"Wellington"},{"name":"Wellsville High","city":"Wellsville"},{"name":"Weskan High","city":"Weskan"},{"name":"West Franklin High School","city":"Pomona"},{"name":"West High","city":"Wichita"},{"name":"Western Plains High","city":"Ransom"},{"name":"Wetmore High","city":"Wetmore"},{"name":"Wheatland High School","city":"Grainfield"},{"name":"White City High","city":"White City"},{"name":"Wichita Alternative High","city":"Wichita"},{"name":"Wichita County Junior-Senior High School","city":"Leoti"},{"name":"Wilson Junior/Senior High School","city":"Wilson"},{"name":"Winfield High","city":"Winfield"},{"name":"Winona High","city":"Winona"},{"name":"Wyandotte High","city":"Kansas City"},{"name":"Yates Center High","city":"Yates Center"}]