[{"name":"Abington High","city":"Abington"},{"name":"Academy Of the Pacific Rim Charter Public School","city":"Hyde Park"},{"name":"Acton-Boxborough Regional High","city":"Acton"},{"name":"Advanced Math and Science Academy Charter School","city":"Marlborough"},{"name":"Agawam High","city":"Agawam"},{"name":"Algonquin Regional High","city":"Northborough"},{"name":"Amesbury High","city":"Amesbury"},{"name":"Amesbury Innovation High School","city":"Amesbury"},{"name":"Amherst Regional High","city":"Amherst"},{"name":"Andover High","city":"Andover"},{"name":"Apponequet Regional High","city":"Lakeville"},{"name":"Argosy Collegiate Charter School","city":"Fall River"},{"name":"Arlington High","city":"Arlington"},{"name":"Ashland High","city":"Ashland"},{"name":"Athol High","city":"Athol"},{"name":"Attleboro High","city":"Attleboro"},{"name":"Attleboro Virtual Academy","city":"Attleboro"},{"name":"Auburn Senior High","city":"Auburn"},{"name":"Avon Middle High School","city":"Avon"},{"name":"Ayer Shirley Regional High School","city":"Ayer"},{"name":"B M C Durfee High","city":"Fall River"},{"name":"Barnstable High","city":"Hyannis"},{"name":"Bartlett High School","city":"Webster"},{"name":"Baystate Academy Charter Public School","city":"Springfield"},{"name":"Bedford High","city":"Bedford"},{"name":"Belchertown High","city":"Belchertown"},{"name":"Bellingham High School","city":"Bellingham"},{"name":"Belmont High","city":"Belmont"},{"name":"Berkshire Arts and Technology Charter Public School","city":"Adams"},{"name":"Beverly High","city":"Beverly"},{"name":"Billerica Memorial High School","city":"Billerica"},{"name":"Blackstone Millville RHS","city":"Blackstone"},{"name":"Boston Collegiate Charter School","city":"Dorchester"},{"name":"Boston Community Leadership Academy","city":"Hyde Park"},{"name":"Boston Day and Evening Academy Charter School","city":"Roxbury"},{"name":"Boston Green Academy Horace Mann Charter School","city":"Brighton"},{"name":"Boston International High School & Newcomers Academy","city":"Dorchester"},{"name":"Boston Latin Academy","city":"Dorchester"},{"name":"Boston Latin School","city":"Boston"},{"name":"Boston Preparatory Charter Public School","city":"Hyde Park"},{"name":"Bourne High School","city":"Bourne"},{"name":"Braintree High","city":"Braintree"},{"name":"Bridgewater-Raynham Regional","city":"Bridgewater"},{"name":"Brighton High School","city":"Brighton"},{"name":"Brockton High","city":"Brockton"},{"name":"Bromfield","city":"Harvard"},{"name":"Brookline High","city":"Brookline"},{"name":"Burke High School","city":"Dorchester"},{"name":"Burlington High","city":"Burlington"},{"name":"Burncoat Senior High","city":"Worcester"},{"name":"Cambridge Rindge and Latin","city":"Cambridge"},{"name":"Canton High","city":"Canton"},{"name":"Carter School","city":"Dorchester"},{"name":"Carver Middle/High School","city":"Carver"},{"name":"Charlestown High School","city":"Charlestown"},{"name":"Chelmsford High","city":"North Chelmsford"},{"name":"Chelsea High","city":"Chelsea"},{"name":"Chelsea Virtual Learning Academy","city":"Chelsea"},{"name":"Chicopee Comprehensive High School","city":"Chicopee"},{"name":"Chicopee High","city":"Chicopee"},{"name":"City on a Hill Charter Public School","city":"Roxbury"},{"name":"CityLab Innovation High School","city":"Revere"},{"name":"Claremont Academy","city":"Worcester"},{"name":"Classical High","city":"Lynn"},{"name":"Clinton Senior High","city":"Clinton"},{"name":"Cohasset High School","city":"Cohasset"},{"name":"Community Academy","city":"Jamaica Plain"},{"name":"Community Academy of Science and Health","city":"Dorchester"},{"name":"Community Charter School of Cambridge","city":"Cambridge"},{"name":"Concord Carlisle High","city":"Concord"},{"name":"Conservatory of the Arts","city":"Springfield"},{"name":"Curtis-Tufts","city":"Medford"},{"name":"Danvers High","city":"Danvers"},{"name":"Dartmouth High","city":"Dartmouth"},{"name":"David Prouty High","city":"Spencer"},{"name":"Dearborn 6-12 STEM Academy","city":"Roxbury"},{"name":"Dedham High","city":"Dedham"},{"name":"Dennis-Yarmouth Regional High","city":"South Yarmouth"},{"name":"Dighton-Rehoboth Regional High School","city":"North Dighton"},{"name":"Doherty Memorial High","city":"Worcester"},{"name":"Douglas High School","city":"Douglas"},{"name":"Dover-Sherborn Regional High","city":"Dover"},{"name":"Dracut Senior High","city":"Dracut"},{"name":"Drury High","city":"North Adams"},{"name":"Duxbury High","city":"Duxbury"},{"name":"East Boston High School","city":"East Boston"},{"name":"East Bridgewater JR./SR. High School","city":"East Bridgewater"},{"name":"East Longmeadow High","city":"East Longmeadow"},{"name":"Easthampton High","city":"Easthampton"},{"name":"Edison Academy","city":"Brockton"},{"name":"Edward M. Kennedy Academy for Health Careers (Horace Mann","city":"Boston"},{"name":"English High School","city":"Boston"},{"name":"Everett High","city":"Everett"},{"name":"Excel Academy Charter School","city":"East Boston"},{"name":"Excel High School","city":"South Boston"},{"name":"Fairhaven High","city":"Fairhaven"},{"name":"Falmouth High","city":"Falmouth"},{"name":"Fecteau-Leary Junior/Senior High School","city":"Lynn"},{"name":"Fitchburg High","city":"Fitchburg"},{"name":"Four Rivers Charter Public School","city":"Greenfield"},{"name":"Foxborough High","city":"Foxborough"},{"name":"Framingham High School","city":"Framingham"},{"name":"Francis W. Parker Charter Essential School","city":"Devens"},{"name":"Franklin High","city":"Franklin"},{"name":"Frontier Regional","city":"South Deerfield"},{"name":"Gardner High","city":"Gardner"},{"name":"Gateway Academy","city":"Haverhill"},{"name":"Gateway Regional High","city":"Huntington"},{"name":"Gateway to College at Holyoke Community College","city":"Holyoke"},{"name":"Georgetown High School","city":"Georgetown"},{"name":"Global Learning Charter Public School","city":"New Bedford"},{"name":"Gloucester High","city":"Gloucester"},{"name":"Goodrich Academy","city":"Fitchburg"},{"name":"Grafton High School","city":"Grafton"},{"name":"Granby Jr Sr High School","city":"Granby"},{"name":"Greater Egleston High School","city":"Jamaica Plain"},{"name":"Greenfield High","city":"Greenfield"},{"name":"Greenleaf Academy","city":"Bradford"},{"name":"Groton Dunstable Regional","city":"Groton"},{"name":"Hamilton-Wenham Regional High","city":"South Hamilton"},{"name":"Hampden Charter School of Science East","city":"Chicopee"},{"name":"Hampden Charter School of Science West","city":"West Springfield"},{"name":"Hampshire Regional High","city":"Westhampton"},{"name":"Hanover High","city":"Hanover"},{"name":"Haverhill High","city":"Haverhill"},{"name":"High School Learning Center","city":"Lawrence"},{"name":"High School Of Commerce","city":"Springfield"},{"name":"Hingham High","city":"Hingham"},{"name":"Holbrook Middle High School","city":"Holbrook"},{"name":"Holliston High","city":"Holliston"},{"name":"Holyoke High","city":"Holyoke"},{"name":"Hoosac Valley High School","city":"Cheshire"},{"name":"Hopedale Jr Sr High","city":"Hopedale"},{"name":"Hopkins Academy","city":"Hadley"},{"name":"Hopkinton High","city":"Hopkinton"},{"name":"Hudson High","city":"Hudson"},{"name":"Hull High","city":"Hull"},{"name":"Innovation Academy Charter School","city":"Tyngsboro"},{"name":"Ipswich High","city":"Ipswich"},{"name":"John J Duggan Academy","city":"Springfield"},{"name":"Joseph Case High","city":"Swansea"},{"name":"King Philip Regional High","city":"Wrentham"},{"name":"Lawrence High School","city":"Lawrence"},{"name":"Leblanc Therapeutic Day School","city":"Lowell"},{"name":"Lee Middle/High School","city":"Lee"},{"name":"Leicester High","city":"Leicester"},{"name":"Lenox Memorial High","city":"Lenox"},{"name":"Leominster Center for Excellence","city":"Leominster"},{"name":"Leominster High School","city":"Leominster"},{"name":"Lexington High","city":"Lexington"},{"name":"Liberty Preparatory Academy","city":"Springfield"},{"name":"Lincoln-Sudbury Regional High","city":"Sudbury"},{"name":"Littleton High School","city":"Littleton"},{"name":"Longmeadow High","city":"Longmeadow"},{"name":"Lowell High","city":"Lowell"},{"name":"Lowell Middlesex Academy Charter School","city":"Lowell"},{"name":"Ludlow Senior High","city":"Ludlow"},{"name":"Lunenburg High","city":"Lunenburg"},{"name":"Lynn English High","city":"Lynn"},{"name":"Lynnfield High","city":"Lynnfield"},{"name":"Lyon High School","city":"Brighton"},{"name":"Ma Academy for Math and Science School","city":"Worcester"},{"name":"Malden High","city":"Malden"},{"name":"Manchester Essex Regional High School","city":"Manchester"},{"name":"Mansfield High","city":"Mansfield"},{"name":"Map Academy Charter School","city":"Plymouth"},{"name":"Marblehead High","city":"Marblehead"},{"name":"Margarita Muniz Academy","city":"Boston"},{"name":"Marlborough High","city":"Marlborough"},{"name":"Marshfield High","city":"Marshfield"},{"name":"Martha's Vineyard Regional High","city":"Oak Bluffs"},{"name":"Masconomet Regional High School","city":"Boxford"},{"name":"Mashpee Middle-High School","city":"Mashpee"},{"name":"Maynard High","city":"Maynard"},{"name":"Medfield Senior High","city":"Medfield"},{"name":"Medford High","city":"Medford"},{"name":"Medway High","city":"Medway"},{"name":"Melrose High","city":"Melrose"},{"name":"Methuen High","city":"Methuen"},{"name":"Middleborough High","city":"Middleborough"},{"name":"Milford High","city":"Milford"},{"name":"Millbury Junior/Senior High","city":"Millbury"},{"name":"Millis High School","city":"Millis"},{"name":"Milton High","city":"Milton"},{"name":"Minnechaug Regional High","city":"Wilbraham"},{"name":"Mohawk Trail Regional School","city":"Shelburne Falls"},{"name":"Monomoy Regional High School","city":"Harwich"},{"name":"Monson High School","city":"Monson"},{"name":"Monument Mt Regional High","city":"Great Barrington"},{"name":"Mt Everett Regional","city":"Sheffield"},{"name":"Mt Greylock Regional High","city":"Williamstown"},{"name":"Murdock High School","city":"Winchendon"},{"name":"Nantucket High","city":"Nantucket"},{"name":"Narragansett Regional High","city":"Baldwinville"},{"name":"Nashoba Regional","city":"Bolton"},{"name":"Natick High","city":"Natick"},{"name":"Nauset Regional High","city":"North Eastham"},{"name":"Needham High","city":"Needham"},{"name":"New Bedford High","city":"New Bedford"},{"name":"New Heights Charter School of Brockton","city":"Brockton"},{"name":"New Liberty Innovation School","city":"Salem"},{"name":"Newburyport High","city":"Newburyport"},{"name":"Newton North High","city":"Newtonville"},{"name":"Newton South High","city":"Newton Centre"},{"name":"Nipmuc Regional High","city":"Upton"},{"name":"North Andover High","city":"North Andover"},{"name":"North Attleboro High","city":"North Attleborough"},{"name":"North Brookfield High","city":"North Brookfield"},{"name":"North High","city":"Worcester"},{"name":"North Middlesex Regional","city":"Townsend"},{"name":"North Quincy High","city":"Quincy"},{"name":"North Reading High","city":"North Reading"},{"name":"Northampton High","city":"Northampton"},{"name":"Northbridge High","city":"Whitinsville"},{"name":"Norton High","city":"Norton"},{"name":"Norwell High","city":"Norwell"},{"name":"Norwood High","city":"Norwood"},{"name":"O'Bryant School of Math & Science","city":"Roxbury"},{"name":"Oakmont Regional High School","city":"Ashburnham"},{"name":"Old Rochester Regional High","city":"Mattapoisett"},{"name":"Oliver Ames High","city":"North Easton"},{"name":"Oxford High","city":"Oxford"},{"name":"Palmer High","city":"Palmer"},{"name":"Paulo Freire Social Justice Charter School","city":"Chicopee"},{"name":"Peabody Veterans Memorial High","city":"Peabody"},{"name":"Pembroke High School","city":"Pembroke"},{"name":"Pentucket Regional Sr High","city":"West Newbury"},{"name":"Phoenix Academy Charter Public High School Chelsea","city":"Chelsea"},{"name":"Phoenix Academy Public Charter High School Lawrence","city":"Lawrence"},{"name":"Phoenix Academy Public Charter High School Springfield","city":"Springfield"},{"name":"Pioneer Valley Performing Arts Charter Public School","city":"South Hadley"},{"name":"Pioneer Valley Regional","city":"Northfield"},{"name":"Pittsfield High","city":"Pittsfield"},{"name":"Plymouth North High","city":"Plymouth"},{"name":"Plymouth South High","city":"Plymouth"},{"name":"Quabbin Regional High School","city":"Barre"},{"name":"Quaboag Regional High","city":"Warren"},{"name":"Quincy High","city":"Quincy"},{"name":"Quincy Upper School","city":"Boston"},{"name":"Ralph C Mahar Regional","city":"Orange"},{"name":"Randolph High","city":"Randolph"},{"name":"Reading Memorial High","city":"Reading"},{"name":"Revere High","city":"Revere"},{"name":"Rising Tide Charter Public School","city":"Plymouth"},{"name":"Rockland Senior High","city":"Rockland"},{"name":"Rockport High","city":"Rockport"},{"name":"Roxbury Preparatory Charter School","city":"Roxbury"},{"name":"Salem Academy Charter School","city":"Salem"},{"name":"Salem High","city":"Salem"},{"name":"Salem Prep High School","city":"Salem"},{"name":"Sandwich Middle High School","city":"East Sandwich"},{"name":"Saugus High","city":"Saugus"},{"name":"Scituate High School","city":"Scituate"},{"name":"Seekonk High","city":"Seekonk"},{"name":"Sharon High","city":"Sharon"},{"name":"Shepherd Hill Regional High","city":"Dudley"},{"name":"Shrewsbury High School","city":"Shrewsbury"},{"name":"Silver Lake Regional High","city":"Kingston"},{"name":"Sizer School: A North Central Charter Essential School","city":"Fitchburg"},{"name":"Smith Academy","city":"Hatfield"},{"name":"Snowden International High School","city":"Boston"},{"name":"Somerset Berkley Regional High School","city":"Somerset"},{"name":"Somerville High","city":"Somerville"},{"name":"South Hadley High","city":"South Hadley"},{"name":"South High Community","city":"Worcester"},{"name":"Southbridge High School","city":"Southbridge"},{"name":"Southwick Regional School","city":"Southwick"},{"name":"Springfield Central High","city":"Springfield"},{"name":"Springfield High School","city":"Springfield"},{"name":"Springfield High School of Science and Technology","city":"Springfield"},{"name":"Springfield International Academy at Sci-Tech","city":"Springfield"},{"name":"Springfield Public Day High School","city":"Springfield"},{"name":"Stoneham High","city":"Stoneham"},{"name":"Stoughton High","city":"Stoughton"},{"name":"Sturgis Charter Public School","city":"Hyannis"},{"name":"Sutton High School","city":"Sutton"},{"name":"Swampscott High","city":"Swampscott"},{"name":"Taconic High","city":"Pittsfield"},{"name":"Tahanto Regional High","city":"Boylston"},{"name":"Tantasqua Regional Sr High","city":"Fiskdale"},{"name":"Taunton High","city":"Taunton"},{"name":"TechBoston Academy","city":"Dorchester"},{"name":"Tewksbury Memorial High","city":"Tewksbury"},{"name":"The Career Academy","city":"Lowell"},{"name":"The Springfield Renaissance School an Expeditionary Learning","city":"Springfield"},{"name":"Trinity Day Academy","city":"New Bedford"},{"name":"Triton Regional High School","city":"Byfield"},{"name":"Turners Fall High","city":"Montague"},{"name":"Tyngsborough High School","city":"Tyngsborough"},{"name":"University Pk Campus School","city":"Worcester"},{"name":"Uxbridge High","city":"Uxbridge"},{"name":"Wachusett Regional High","city":"Holden"},{"name":"Wahconah Regional High","city":"Dalton"},{"name":"Wakefield Memorial High","city":"Wakefield"},{"name":"Walpole High","city":"Walpole"},{"name":"Waltham Sr High","city":"Waltham"},{"name":"Ware Junior/Senior High School","city":"Ware"},{"name":"Wareham Cooperative Alternative School","city":"Wareham"},{"name":"Wareham Senior High","city":"Wareham"},{"name":"Watertown High","city":"Watertown"},{"name":"Wayland High School","city":"Wayland"},{"name":"Wellesley Sr High","city":"Wellesley"},{"name":"West Boylston Junior/Senior High","city":"West Boylston"},{"name":"West Bridgewater Junior/Senior","city":"West Bridgewater"},{"name":"West Springfield High","city":"West Springfield"},{"name":"Westborough High","city":"Westborough"},{"name":"Westfield High","city":"Westfield"},{"name":"Westford Academy","city":"Westford"},{"name":"Weston High","city":"Weston"},{"name":"Westport Middle-High School","city":"Westport"},{"name":"Westwood High","city":"Westwood"},{"name":"Weymouth High School","city":"Weymouth"},{"name":"Whaling City Junior/Senior High School","city":"New Bedford"},{"name":"Whitman Hanson Regional","city":"Whitman"},{"name":"Wilmington High","city":"Wilmington"},{"name":"Winchester High School","city":"Winchester"},{"name":"Winthrop High School","city":"Winthrop"},{"name":"Woburn High","city":"Woburn"}]