[{"name":"Aami Bible Institute","city":"Elkridge","type":"private"},{"name":"Aberdeen High","city":"Aberdeen","type":"public"},{"name":"Academy for College and Career Exploration","city":"Baltimore","type":"public"},{"name":"Academy of Health Sciences at PGCC","city":"Largo","type":"public"},{"name":"Academy of the Holy Cross","city":"Kensington","type":"private"},{"name":"Al-huda School","city":"College Park","type":"private"},{"name":"Albert Einstein High","city":"Kensington","type":"public"},{"name":"Allegany High","city":"Cumberland","type":"public"},{"name":"Annapolis Area Christian School","city":"Severn","type":"private"},{"name":"Annapolis High","city":"Annapolis","type":"public"},{"name":"Archbishop Curley High School","city":"Baltimore","type":"private"},{"name":"Archbishop Spalding High School","city":"Severn","type":"private"},{"name":"Arlington Baptist School","city":"Baltimore","type":"private"},{"name":"Arts & Ideas Sudbury School","city":"Baltimore","type":"private"},{"name":"Arundel Christian School","city":"Hanover","type":"private"},{"name":"Arundel High","city":"Gambrills","type":"public"},{"name":"Atholton High","city":"Columbia","type":"public"},{"name":"Augusta Fells Savage Institute of Visual Arts","city":"Baltimore","type":"public"},{"name":"Baltimore City College","city":"Baltimore","type":"public"},{"name":"Baltimore Design School","city":"Baltimore","type":"public"},{"name":"Baltimore Lab School","city":"Baltimore","type":"private"},{"name":"Baltimore Leadership School for Young Women","city":"Baltimore","type":"public"},{"name":"Baltimore Polytechnic Institute","city":"Baltimore","type":"public"},{"name":"Baltimore School for the Arts","city":"Baltimore","type":"public"},{"name":"Baltimore School of Independent Learners","city":"Owings Mills","type":"private"},{"name":"Baltimore Torah School","city":"Baltimore","type":"private"},{"name":"Barbara Ingram School for the Arts","city":"Hagerstown","type":"public"},{"name":"Bard High School Early College","city":"Baltimore","type":"public"},{"name":"Barrie School","city":"Silver Spring","type":"private"},{"name":"Bel Air High","city":"Bel Air","type":"public"},{"name":"Belair Baptist Christian Academy","city":"Bowie","type":"private"},{"name":"Benjamin Franklin High School at Masonville Cove","city":"Baltimore","type":"public"},{"name":"Beth Tfiloh Dahan Community School","city":"Baltimore","type":"private"},{"name":"Bethel Christian Academy","city":"Havre De Grace","type":"private"},{"name":"Bethesda-Chevy Chase High","city":"Bethesda","type":"public"},{"name":"Bishop Mcnamara High School","city":"Forestville","type":"private"},{"name":"Bishop Walsh School,k-12/diocese","city":"Cumberland","type":"private"},{"name":"Bittinger Mennonite School","city":"Bittinger","type":"private"},{"name":"Bladensburg High","city":"Bladensburg","type":"public"},{"name":"Bluford Drew Jemison STEM Academy West","city":"Baltimore","type":"public"},{"name":"Bohemia Manor High","city":"Chesapeake City","type":"public"},{"name":"Boonsboro High","city":"Boonsboro","type":"public"},{"name":"Bowie High","city":"Bowie","type":"public"},{"name":"Boys Latin School of Maryland","city":"Baltimore","type":"private"},{"name":"Broadneck High","city":"Annapolis","type":"public"},{"name":"Brunswick High","city":"Brunswick","type":"public"},{"name":"Bullis School","city":"Potomac","type":"private"},{"name":"C. Milton Wright High","city":"Bel Air","type":"public"},{"name":"Calvary Baptist Church Academy","city":"Glen Burnie","type":"private"},{"name":"Calvary Christian Academy","city":"Cresaptown","type":"private"},{"name":"Calvert Hall College High School","city":"Baltimore","type":"private"},{"name":"Calvert High","city":"Prince Frederick","type":"public"},{"name":"Cambridge-South Dorchester High School","city":"Cambridge","type":"public"},{"name":"Catoctin High","city":"Thurmont","type":"public"},{"name":"Catonsville High","city":"Baltimore","type":"public"},{"name":"Cedar Ridge School","city":"Williamsport","type":"private"},{"name":"Centennial High","city":"Ellicott City","type":"public"},{"name":"Central High","city":"Capitol Heights","type":"public"},{"name":"Century High","city":"Sykesville","type":"public"},{"name":"Chapelgate Christian Academy","city":"Marriottsville","type":"private"},{"name":"Charles E Smith Jewish Day School","city":"Rockville","type":"private"},{"name":"Charles Herbert Flowers High","city":"Springdale","type":"public"},{"name":"Chelsea School","city":"Hyattsville","type":"private"},{"name":"Chesapeake Christian School","city":"Easton","type":"private"},{"name":"Chesapeake High","city":"Pasadena","type":"public"},{"name":"Chesapeake High","city":"Baltimore","type":"public"},{"name":"Chesapeake Science Point","city":"Hanover","type":"public"},{"name":"Chestertown Christian Academy","city":"Chestertown","type":"private"},{"name":"Chimes School the","city":"Baltimore","type":"private"},{"name":"Chopticon High","city":"Morganza","type":"public"},{"name":"City Neighbors High","city":"Baltimore","type":"public"},{"name":"Clarksburg High","city":"Clarksburg","type":"public"},{"name":"Clear Spring High","city":"Clear Spring","type":"public"},{"name":"Col. Zadok Magruder High","city":"Rockville","type":"public"},{"name":"College Park Academy","city":"Riverdale","type":"public"},{"name":"Colonel Richardson High School","city":"Federalsburg","type":"public"},{"name":"Concordia Preparatory School","city":"Towson","type":"private"},{"name":"Connelly School of the Holy Child","city":"Potomac","type":"private"},{"name":"ConneXions: A Community Based Arts School","city":"Baltimore","type":"public"},{"name":"Coppin Academy","city":"Baltimore","type":"public"},{"name":"Cornerstone Academy","city":"Mount Airy","type":"private"},{"name":"Covenant Life School","city":"Gaithersburg","type":"private"},{"name":"Crisfield Academy and High School","city":"Crisfield","type":"public"},{"name":"Cristo Rey Jesuit High School","city":"Baltimore","type":"private"},{"name":"Crofton High School","city":"Gambrills","type":"public"},{"name":"Crossland High","city":"Temple Hills","type":"public"},{"name":"Damascus High","city":"Damascus","type":"public"},{"name":"Dematha Catholic High School","city":"Hyattsville","type":"private"},{"name":"Don Bosco Cristo Rey High School","city":"Takoma Park","type":"private"},{"name":"Dr. Henry A. Wise Jr. High","city":"Upper Marlboro","type":"public"},{"name":"Dulaney High","city":"Timonium","type":"public"},{"name":"Dundalk High","city":"Baltimore","type":"public"},{"name":"Duval High","city":"Lanham","type":"public"},{"name":"Easton High","city":"Easton","type":"public"},{"name":"Edgewood High","city":"Edgewood","type":"public"},{"name":"Eleanor Roosevelt High","city":"Greenbelt","type":"public"},{"name":"Elizabeth Seton High School","city":"Bladensburg","type":"private"},{"name":"Elkton High","city":"Elkton","type":"public"},{"name":"Emmanuel Christian School","city":"Hagerstown","type":"private"},{"name":"Emmorton Baptist Academy","city":"Bel Air","type":"private"},{"name":"Fairhaven School","city":"Upper Marlboro","type":"private"},{"name":"Fairmont Heights High","city":"Landover","type":"public"},{"name":"Faith Baptist School","city":"Salisbury","type":"private"},{"name":"Faith Christian School","city":"Sudlersville","type":"private"},{"name":"Fallston High","city":"Fallston","type":"public"},{"name":"Fellowship Baptist Academy","city":"Upper Marlboro","type":"private"},{"name":"Forbush School at Oakmont Upper School","city":"Gaithersburg","type":"private"},{"name":"Forest Park High","city":"Baltimore","type":"public"},{"name":"Fort Hill High","city":"Cumberland","type":"public"},{"name":"Foundation Learning Center the","city":"Landover","type":"private"},{"name":"Francis Scott Key High","city":"Union Bridge","type":"public"},{"name":"Franklin High","city":"Reisterstown","type":"public"},{"name":"Frederick Baptist Academy","city":"Frederick","type":"private"},{"name":"Frederick Christian Academy","city":"Frederick","type":"private"},{"name":"Frederick Douglass High","city":"Baltimore","type":"public"},{"name":"Frederick Douglass High","city":"Upper Marlboro","type":"public"},{"name":"Frederick High","city":"Frederick","type":"public"},{"name":"Friendly High","city":"Fort Washington","type":"public"},{"name":"Friends Meeting School","city":"Ijamsville","type":"private"},{"name":"From the Heart Christian School","city":"Suitland","type":"private"},{"name":"Fusion Columbia","city":"Columbia","type":"private"},{"name":"Gaithersburg High","city":"Gaithersburg","type":"public"},{"name":"Georgetown Preparatory School","city":"North Bethesda","type":"private"},{"name":"German International School Washington Dc","city":"Potomac","type":"private"},{"name":"Gilman School","city":"Baltimore","type":"private"},{"name":"Glen Burnie High","city":"Glen Burnie","type":"public"},{"name":"Glenelg Country School","city":"Ellicott City","type":"private"},{"name":"Glenelg High","city":"Glenelg","type":"public"},{"name":"Glenwood Academy","city":"Glenwood","type":"private"},{"name":"Gov. Thomas Johnson High","city":"Frederick","type":"public"},{"name":"Grace Academy","city":"Hagerstown","type":"private"},{"name":"Grace Brethren Christian School","city":"Clinton","type":"private"},{"name":"Grace Classical Academy","city":"Bel Air","type":"private"},{"name":"Great Mills High","city":"Great Mills","type":"public"},{"name":"Greater Grace Christian Academy","city":"Baltimore","type":"private"},{"name":"Green Street Academy","city":"Baltimore","type":"public"},{"name":"Griggs International Academy","city":"Silver Spring","type":"private"},{"name":"Gwynn Park High","city":"Brandywine","type":"public"},{"name":"Hammond High","city":"Columbia","type":"public"},{"name":"Hancock Middle Senior High","city":"Hancock","type":"public"},{"name":"Harbour School at Baltimore","city":"Owings Mills","type":"private"},{"name":"Harford Christian School","city":"Darlington","type":"private"},{"name":"Havre de Grace High","city":"Havre de Grace","type":"public"},{"name":"Henry E. Lackey High School","city":"Indian Head","type":"public"},{"name":"Hereford High","city":"Parkton","type":"public"},{"name":"Heritage Academy","city":"Hagerstown","type":"private"},{"name":"High Point High","city":"Beltsville","type":"public"},{"name":"High Road Academy of Prince Georges County","city":"Lanham","type":"private"},{"name":"High Road School of Anne Arundel County","city":"Millersville","type":"private"},{"name":"Highland View Academy","city":"Hagerstown","type":"private"},{"name":"Holton-arms School","city":"Bethesda","type":"private"},{"name":"House of Hope Maryland Day School","city":"Ashton","type":"private"},{"name":"Howard High","city":"Ellicott City","type":"public"},{"name":"Huntingtown High School","city":"Huntingtown","type":"public"},{"name":"Indian Creek School","city":"Crownsville","type":"private"},{"name":"International High School @ Langley Park","city":"Bladensburg","type":"public"},{"name":"International High school @ Largo","city":"Upper Marlboro","type":"public"},{"name":"Israel Henry Beren High School","city":"Baltimore","type":"private"},{"name":"Ivymount School","city":"Rockville","type":"private"},{"name":"James Hubert Blake High","city":"Silver Spring","type":"public"},{"name":"James M. Bennett High","city":"Salisbury","type":"public"},{"name":"Jemicy School","city":"Owings Mills","type":"private"},{"name":"John Carroll School","city":"Bel Air","type":"private"},{"name":"John F. Kennedy High","city":"Silver Spring","type":"public"},{"name":"Joppatowne High","city":"Joppa","type":"public"},{"name":"Kent County High","city":"Worton","type":"public"},{"name":"Kent Island High School","city":"Stevensville","type":"public"},{"name":"Kenwood High","city":"Baltimore","type":"public"},{"name":"Key School","city":"Annapolis","type":"private"},{"name":"La Plata High School","city":"La Plata","type":"public"},{"name":"Lambo Academy International","city":"Maryland","type":"private"},{"name":"Lambo Academy International","city":"Gaithersburg","type":"private"},{"name":"Landon School","city":"Bethesda","type":"private"},{"name":"Lanham Christian School","city":"Lanham Seabrook","type":"private"},{"name":"Lansdowne High","city":"Baltimore","type":"public"},{"name":"Largo High","city":"Upper Marlboro","type":"public"},{"name":"Laurel Hall School","city":"Hagerstown","type":"private"},{"name":"Laurel Hall School - Frederick","city":"Frederick","type":"private"},{"name":"Laurel High","city":"Laurel","type":"public"},{"name":"Leonard Hall Jr Naval Academy","city":"Leonardtown","type":"private"},{"name":"Leonardtown High","city":"Leonardtown","type":"public"},{"name":"Liberty High","city":"Sykesville","type":"public"},{"name":"Lighthouse Christian Academy","city":"Cumberland","type":"private"},{"name":"Linganore High","city":"Frederick","type":"public"},{"name":"Linwood School","city":"Ellicott City","type":"private"},{"name":"Loch Raven High","city":"Baltimore","type":"public"},{"name":"Long Reach High","city":"Columbia","type":"public"},{"name":"Loyola Blakefield","city":"Baltimore","type":"private"},{"name":"M&m Learning Center","city":"College Park","type":"private"},{"name":"Manchester Valley High","city":"Manchester","type":"public"},{"name":"Marcia D Smith School","city":"Gaithersburg","type":"private"},{"name":"Mardela Middle & High","city":"Mardela Springs","type":"public"},{"name":"Marriotts Ridge High","city":"Marriottsville","type":"public"},{"name":"Maryland International School","city":"Elkridge","type":"private"},{"name":"Maryvale Preparatory School","city":"Lutherville","type":"private"},{"name":"Maurice J. McDonough High School","city":"Pomfret","type":"public"},{"name":"Mc Lean School of Maryland","city":"Potomac","type":"private"},{"name":"Mcdonogh School","city":"Owings Mills","type":"private"},{"name":"Meade High","city":"Ft Meade","type":"public"},{"name":"Melvin J Berman Hebrew Academy","city":"Rockville","type":"private"},{"name":"Mercy High School","city":"Baltimore","type":"private"},{"name":"Mesivta Kesser Torah of Baltimore","city":"Pikesville","type":"private"},{"name":"Middletown High","city":"Middletown","type":"public"},{"name":"Milford Mill Academy","city":"Baltimore","type":"public"},{"name":"Montgomery Blair High","city":"Silver Spring","type":"public"},{"name":"Mount Airy Christian Academy","city":"Mount Airy","type":"private"},{"name":"Mount Clare Christian School","city":"Baltimore","type":"private"},{"name":"Mount De Sales Academy","city":"Baltimore","type":"private"},{"name":"Mount Hebron High","city":"Ellicott City","type":"public"},{"name":"Mount Saint Joseph High School","city":"Baltimore","type":"private"},{"name":"Mountain Ridge High School","city":"Frostburg","type":"public"},{"name":"National Academy Foundation","city":"Baltimore","type":"public"},{"name":"National Christian Academy","city":"Ft Washington","type":"private"},{"name":"New Directions Academy","city":"Parkville","type":"private"},{"name":"New Era Academy","city":"Baltimore","type":"public"},{"name":"New Hope Academy","city":"Hyattsville","type":"private"},{"name":"New Hope Academy","city":"Landover Hills","type":"private"},{"name":"New Town High","city":"Owings Mills","type":"public"},{"name":"North Caroline High School","city":"Ridgely","type":"public"},{"name":"North County High","city":"Glen Burnie","type":"public"},{"name":"North Dorchester High School","city":"Hurlock","type":"public"},{"name":"North East High","city":"North East","type":"public"},{"name":"North Hagerstown High","city":"Hagerstown","type":"public"},{"name":"North Harford High","city":"Pylesville","type":"public"},{"name":"North Point High School","city":"Waldorf","type":"public"},{"name":"Northeast High","city":"Pasadena","type":"public"},{"name":"Northern Garrett High School","city":"Accident","type":"public"},{"name":"Northern High","city":"Owings","type":"public"},{"name":"Northwest High","city":"Germantown","type":"public"},{"name":"Northwestern High","city":"Hyattsville","type":"public"},{"name":"Northwood High","city":"Silver Spring","type":"public"},{"name":"Notre Dame Preparatory School","city":"Towson","type":"private"},{"name":"Oakdale High","city":"Ijamsville","type":"public"},{"name":"Oakland Mills High","city":"Columbia","type":"public"},{"name":"Odenton Christian School","city":"Odenton","type":"private"},{"name":"Old Mill High","city":"Millersville","type":"public"},{"name":"Oldfields School","city":"Sparks Glencoe","type":"private"},{"name":"One School Global-chesapeake Campus","city":"Joppa","type":"private"},{"name":"Oneness Family School","city":"Chevy Chase","type":"private"},{"name":"Oneness-family High School of Washington","city":"Kensington","type":"private"},{"name":"Open Bible Academy","city":"Cambridge","type":"private"},{"name":"Open Bible Christian Academy","city":"Kingsville","type":"private"},{"name":"Our Lady of Good Counsel High School","city":"Olney","type":"private"},{"name":"Our Lady of Mt Carmel School","city":"Essex","type":"private"},{"name":"Overlea High","city":"Baltimore","type":"public"},{"name":"Owings Mills High","city":"Owings Mills","type":"public"},{"name":"Oxon Hill High","city":"Oxon Hill","type":"public"},{"name":"Paint Branch High","city":"Burtonsville","type":"public"},{"name":"Parkdale High","city":"Riverdale","type":"public"},{"name":"Parkside High","city":"Salisbury","type":"public"},{"name":"Parkville High","city":"Baltimore","type":"public"},{"name":"Patapsco High and Center for Arts","city":"Baltimore","type":"public"},{"name":"Pathways Horizons","city":"Beltsville","type":"private"},{"name":"Pathways School--anne Arundel","city":"Annapolis","type":"private"},{"name":"Pathways School--edgewood","city":"Silver Spring","type":"private"},{"name":"Patterson Mill High School","city":"Bel Air","type":"public"},{"name":"Patuxent High","city":"Lusby","type":"public"},{"name":"Paul Laurence Dunbar High","city":"Baltimore","type":"public"},{"name":"Perry Hall Christian School","city":"Perry Hall","type":"private"},{"name":"Perry Hall High","city":"Baltimore","type":"public"},{"name":"Perryville High","city":"Perryville","type":"public"},{"name":"Phillips School - Laurel","city":"Laurel","type":"private"},{"name":"Pikesville High","city":"Baltimore","type":"public"},{"name":"Pocomoke High","city":"Pocomoke City","type":"public"},{"name":"Poolesville High","city":"Poolesville","type":"public"},{"name":"Potomac High","city":"Oxon Hill","type":"public"},{"name":"Queen Anne's County High School","city":"Centreville","type":"public"},{"name":"Quince Orchard High","city":"Gaithersburg","type":"public"},{"name":"Randallstown High","city":"Randallstown","type":"public"},{"name":"Reginald F. Lewis High","city":"Baltimore","type":"public"},{"name":"Renaissance Academy","city":"Baltimore","type":"public"},{"name":"Reservoir High","city":"Fulton","type":"public"},{"name":"Richard Montgomery High","city":"Rockville","type":"public"},{"name":"Rising Sun High","city":"North East","type":"public"},{"name":"River Hill High","city":"Clarksville","type":"public"},{"name":"Riverdale Baptist School","city":"Upper Marlboro","type":"private"},{"name":"Rochambeau-the French Intl School","city":"Bethesda","type":"private"},{"name":"Rockbridge Academy","city":"Crownsville","type":"private"},{"name":"Rockville High","city":"Rockville","type":"public"},{"name":"Salisbury Baptist Academy","city":"Salisbury","type":"private"},{"name":"Salisbury Christian School","city":"Salisbury","type":"private"},{"name":"Sandy Springs Friends Middle School","city":"Sandy Spring","type":"private"},{"name":"Seaside Christian Academy","city":"Ocean City","type":"private"},{"name":"Seneca Valley High","city":"Germantown","type":"public"},{"name":"Severna Park High","city":"Severna Park","type":"public"},{"name":"She'arim High School","city":"Rockville","type":"private"},{"name":"Sheppard Pratt School","city":"Hunt Valley","type":"private"},{"name":"Sheppard Pratt School-rockville (formerly Frost Sc","city":"Rockville","type":"private"},{"name":"Sherwood High","city":"Sandy Spring","type":"public"},{"name":"Shorehaven School","city":"Elkton","type":"private"},{"name":"Silver Oak Academy","city":"Keymar","type":"private"},{"name":"Smca","city":"White Plains","type":"private"},{"name":"Smithsburg High","city":"Smithsburg","type":"public"},{"name":"Snow Hill High","city":"Snow Hill","type":"public"},{"name":"South Carroll High","city":"Sykesville","type":"public"},{"name":"South Hagerstown High","city":"Hagerstown","type":"public"},{"name":"South River High","city":"Edgewater","type":"public"},{"name":"Southern Garrett High School","city":"Oakland","type":"public"},{"name":"Southern High","city":"Harwood","type":"public"},{"name":"Sparrows Point High","city":"Sparrows Point","type":"public"},{"name":"Spencerville Adventist Academy","city":"Spencerville","type":"private"},{"name":"Springbrook High","city":"Silver Spring","type":"public"},{"name":"Springdale Preparatory School","city":"New Windsor","type":"private"},{"name":"Ss Peter & Paul High School","city":"Easton","type":"private"},{"name":"St Andrew's Episcopal School","city":"Potomac","type":"private"},{"name":"St Elizabeth School","city":"Baltimore","type":"private"},{"name":"St Frances Academy","city":"Baltimore","type":"private"},{"name":"St James School","city":"Hagerstown","type":"private"},{"name":"St John's Catholic Prep","city":"Buckeystown","type":"private"},{"name":"St Maria Goretti Catholic High School","city":"Hagerstown","type":"private"},{"name":"St Mary S Ryken High School","city":"Leonardtown","type":"private"},{"name":"St Marys High School","city":"Annapolis","type":"private"},{"name":"St Paul's School","city":"Brooklandville","type":"private"},{"name":"St Timothy's School","city":"Stevenson","type":"private"},{"name":"St Vincent Pallotti High School","city":"Laurel","type":"private"},{"name":"St. Charles High School","city":"Waldorf","type":"public"},{"name":"St. Michaels Middle/High School","city":"St Michaels","type":"public"},{"name":"Stephen Decatur High","city":"Berlin","type":"public"},{"name":"Stone Ridge School of the Sacred Heart","city":"Bethesda","type":"private"},{"name":"Suitland High","city":"Suitland","type":"public"},{"name":"Surrattsville High","city":"Clinton","type":"public"},{"name":"Takoma Academy","city":"Takoma Park","type":"private"},{"name":"Talmudical Academy of Baltimore, Inc.","city":"Baltimore","type":"private"},{"name":"Talmudical Academy-baltimore","city":"Baltimore","type":"private"},{"name":"The Arrow Center for Education","city":"Baltimore","type":"private"},{"name":"The Baltimore Academy","city":"Baltimore","type":"private"},{"name":"The Bryn Mawr School","city":"Baltimore","type":"private"},{"name":"The Calverton School","city":"Huntingtown","type":"private"},{"name":"The Catholic High School of Baltimore","city":"Baltimore","type":"private"},{"name":"The Community School","city":"Baltimore","type":"private"},{"name":"The Gunston School","city":"Centreville","type":"private"},{"name":"The Harbour School at Annapolis","city":"Annapolis","type":"private"},{"name":"The Heights School","city":"Potomac","type":"private"},{"name":"The Highlands School","city":"Bel Air","type":"private"},{"name":"The Katherine Thomas School","city":"Rockville","type":"private"},{"name":"The Kings Christian Academy","city":"Callaway","type":"private"},{"name":"The Maryland School for the Blind","city":"Baltimore","type":"private"},{"name":"The Nora School","city":"Silver Spring","type":"private"},{"name":"The Reach! Partnership School","city":"Baltimore","type":"public"},{"name":"The Salisbury School","city":"Salisbury","type":"private"},{"name":"The Seed School of Maryland","city":"Baltimore","type":"public"},{"name":"The Siena School","city":"Silver Spring","type":"private"},{"name":"The Tome School","city":"North East","type":"private"},{"name":"Thomas S. Wootton High","city":"Rockville","type":"public"},{"name":"Thomas Stone High School","city":"Waldorf","type":"public"},{"name":"Towson High","city":"Towson","type":"public"},{"name":"Tri State Christian Academydba Boonsboro Academy","city":"Boonsboro","type":"private"},{"name":"Tri-state Christian Academy","city":"Elkton","type":"private"},{"name":"Truth Christian Academy","city":"Hagerstown","type":"private"},{"name":"Tuscarora High","city":"Frederick","type":"public"},{"name":"Urbana High","city":"Ijamsville","type":"public"},{"name":"Visionquest Morning Star Youth Academy","city":"Woolford","type":"private"},{"name":"Walkersville High","city":"Walkersville","type":"public"},{"name":"Walt Whitman High","city":"Bethesda","type":"public"},{"name":"Walter Johnson High","city":"Bethesda","type":"public"},{"name":"Washington Academy and High School","city":"Princess Anne","type":"public"},{"name":"Washington Christian Academy","city":"Olney","type":"private"},{"name":"Washington Waldorf School","city":"Bethesda","type":"private"},{"name":"Watkins Mill High","city":"Gaithersburg","type":"public"},{"name":"Wellspring Christian Family School","city":"Sabillasville","type":"private"},{"name":"West Nottingham Academy","city":"Colora","type":"private"},{"name":"Western High","city":"Baltimore","type":"public"},{"name":"Westlake High School","city":"Waldorf","type":"public"},{"name":"Westminster High","city":"Westminster","type":"public"},{"name":"Wheaton High","city":"Silver Spring","type":"public"},{"name":"Wicomico High","city":"Salisbury","type":"public"},{"name":"Wilde Lake High","city":"Columbia","type":"public"},{"name":"Williamsport High","city":"Williamsport","type":"public"},{"name":"Winston Churchill High","city":"Potomac","type":"public"},{"name":"Winters Mill High","city":"Westminster","type":"public"},{"name":"Woodlawn High","city":"Baltimore","type":"public"},{"name":"Woodstream Christian Academy","city":"Mitchellville","type":"private"},{"name":"Worcester Preparatory School","city":"Berlin","type":"private"},{"name":"Wye River Upper School","city":"Centreville","type":"private"},{"name":"Yeshiva of Greater Washington Boys Division","city":"Silver Spring","type":"private"},{"name":"Yeshiva of Greater Washington Girls Division","city":"Silver Spring","type":"private"},{"name":"Yeshivat Mekor Chaim","city":"Baltimore","type":"private"}]