[{"name":"Arthur R. Gould Sch--LCYDC","city":"South Portland","type":"public"},{"name":"Aucocisco School","city":"Cape Elizabeth","type":"private"},{"name":"Bangor Christian Schools","city":"Bangor","type":"private"},{"name":"Bangor High School","city":"Bangor","type":"public"},{"name":"Baxter Academy for Tech & Sciences","city":"Portland","type":"public"},{"name":"Belfast Area High School","city":"Belfast","type":"public"},{"name":"Berwick Academy","city":"South Berwick","type":"private"},{"name":"Biddeford High School","city":"Biddeford","type":"public"},{"name":"Blue Hill Harbor School","city":"Blue Hill","type":"private"},{"name":"Bonny Eagle High School","city":"Standish","type":"public"},{"name":"Boothbay Region High School","city":"Boothbay Harbor","type":"public"},{"name":"Brewer High School","city":"Brewer","type":"public"},{"name":"Bridgton Academy","city":"North Bridgton","type":"private"},{"name":"Brunswick High School","city":"Brunswick","type":"public"},{"name":"Buckfield Jr-Sr High School","city":"Buckfield","type":"public"},{"name":"Bucksport Christian School","city":"Bucksport","type":"private"},{"name":"Bucksport High School","city":"Bucksport","type":"public"},{"name":"Calais Middle/High School","city":"Calais","type":"public"},{"name":"Calvary Christian Academy","city":"Turner","type":"private"},{"name":"Camden Hills Regional H S","city":"Rockport","type":"public"},{"name":"Cape Elizabeth High School","city":"Cape Elizabeth","type":"public"},{"name":"Caribou High School","city":"Caribou","type":"public"},{"name":"Carrabassett Valley Academy","city":"Carrabassett Valley","type":"private"},{"name":"Carrabec High School","city":"North Anson","type":"public"},{"name":"Casco Bay High School","city":"Portland","type":"public"},{"name":"Central Aroostook Jr-Sr H S","city":"Mars Hill","type":"public"},{"name":"Central High School","city":"Corinth","type":"public"},{"name":"Central Maine Learning Center","city":"Belgrade","type":"private"},{"name":"Cheverus High School","city":"Portland","type":"private"},{"name":"Chop Point School","city":"Woolwich","type":"private"},{"name":"Cony","city":"Augusta","type":"public"},{"name":"Deer Isle-Stonington High Sch","city":"Deer Isle","type":"public"},{"name":"Deering High School","city":"Portland","type":"public"},{"name":"Dexter Regional High School","city":"Dexter","type":"public"},{"name":"Dirigo High School","city":"Dixfield","type":"public"},{"name":"Easton Junior-Senior High Sch","city":"Easton","type":"public"},{"name":"Ecology Learning Ctr","city":"Unity","type":"public"},{"name":"Edward Little High School","city":"Auburn","type":"public"},{"name":"Ellsworth High School","city":"Ellsworth","type":"public"},{"name":"Erskine Academy","city":"South China","type":"private"},{"name":"Falmouth High School","city":"Falmouth","type":"public"},{"name":"Fort Fairfield Middle/High School","city":"Fort Fairfield","type":"public"},{"name":"Fort Kent Community High School","city":"Fort Kent","type":"public"},{"name":"Foxcroft Academy","city":"Dover Foxcroft","type":"private"},{"name":"Freeport High School","city":"Freeport","type":"public"},{"name":"Fryeburg Academy","city":"Fryeburg","type":"private"},{"name":"Gardiner Area High School","city":"Gardiner","type":"public"},{"name":"George Stevens Academy","city":"Blue Hill","type":"private"},{"name":"Glenn Stratton Learning Center","city":"Hinckley","type":"private"},{"name":"Glickman Academy","city":"Portland","type":"private"},{"name":"Gorham High School","city":"Gorham","type":"public"},{"name":"Gray-New Gloucester High School","city":"Gray","type":"public"},{"name":"Greater Portland Christian School","city":"South Portland","type":"private"},{"name":"Greely High School","city":"Cumberland","type":"public"},{"name":"Hall-Dale Middle and High School","city":"Farmingdale","type":"public"},{"name":"Hampden Academy","city":"Hampden","type":"public"},{"name":"Harpswell Coastal Academy Divisions 2 and 3","city":"Harpswell","type":"public"},{"name":"Hermon High School","city":"Hermon","type":"public"},{"name":"Hezion Academy","city":"Peru","type":"private"},{"name":"Hodgdon Middle/High School","city":"Hodgdon","type":"public"},{"name":"Houlton High School","city":"Houlton","type":"public"},{"name":"Hyde School","city":"Bath","type":"private"},{"name":"John Bapst Memorial High School","city":"Bangor","type":"private"},{"name":"Jonesport-Beals High School","city":"Jonesport","type":"public"},{"name":"Katahdin Middle/High School","city":"Stacyville","type":"public"},{"name":"Kennebunk High School","city":"Kennebunk","type":"public"},{"name":"Kents Hill School","city":"Kents Hill","type":"private"},{"name":"Lake Region High School","city":"Naples","type":"public"},{"name":"Lawrence High School","city":"Fairfield","type":"public"},{"name":"Leavitt Area High School","city":"Turner","type":"public"},{"name":"Lee Academy","city":"Lee","type":"private"},{"name":"Lewiston High School","city":"Lewiston","type":"public"},{"name":"Lisbon Falls Christian Academy","city":"Lisbon Falls","type":"private"},{"name":"Lisbon High School","city":"Lisbon Falls","type":"public"},{"name":"Machias Memorial High School","city":"Machias","type":"public"},{"name":"Madawaska Middle/High School","city":"Madawaska","type":"public"},{"name":"Madison Area Memorial H S","city":"Madison","type":"public"},{"name":"Maine Academy of Natural Sciences","city":"Hinckley","type":"public"},{"name":"Maine Arts Academy School","city":"Augusta","type":"public"},{"name":"Maine Central Institute","city":"Pittsfield","type":"private"},{"name":"Maine Coast Semester at Chewonki","city":"Wiscasset","type":"private"},{"name":"Maine Coast Waldorf School","city":"Freeport","type":"private"},{"name":"Maine Connections Academy","city":"Scarborough","type":"public"},{"name":"Maine Ocean School","city":"Searsport","type":"public"},{"name":"Maine Virtual Academy","city":"Augusta","type":"public"},{"name":"Maplestone","city":"Acton","type":"private"},{"name":"Maranacook Community High Sch","city":"Readfield","type":"public"},{"name":"Marshwood High School","city":"South Berwick","type":"public"},{"name":"Massabesic High School","city":"Waterboro","type":"public"},{"name":"Mattanawcook Academy","city":"Lincoln","type":"public"},{"name":"ME Sch of Science & Mathematics","city":"Limestone","type":"public"},{"name":"Medomak Valley High School","city":"Waldoboro","type":"public"},{"name":"Messalonskee High School","city":"Oakland","type":"public"},{"name":"Monmouth Academy","city":"Monmouth","type":"public"},{"name":"Morrison Center","city":"Scarborough","type":"private"},{"name":"Morse High School","city":"Bath","type":"public"},{"name":"Mountain Valley High School","city":"Rumford","type":"public"},{"name":"Mt Abram Regional High School","city":"Salem","type":"public"},{"name":"Mt Ararat High School","city":"Topsham","type":"public"},{"name":"Mt Blue High School","city":"Farmington","type":"public"},{"name":"Mt Desert Island High School","city":"Bar Harbor","type":"public"},{"name":"Mt View High School","city":"Thorndike","type":"public"},{"name":"Narraguagus High School","city":"Harrington","type":"public"},{"name":"New Life Christian Academy","city":"Fryeburg","type":"private"},{"name":"Nfi Buxton - Beacon House","city":"Buxton","type":"private"},{"name":"Nfi Sidney River Bend School","city":"Sidney","type":"private"},{"name":"Nfi-stetson Ranch School","city":"Stetson","type":"private"},{"name":"Noble High School","city":"North Berwick","type":"public"},{"name":"Nokomis Regional High School","city":"Newport","type":"public"},{"name":"North Yarmouth Academy","city":"Yarmouth","type":"private"},{"name":"Oak Hill High School","city":"Wales","type":"public"},{"name":"Oceanside High School","city":"Rockland","type":"public"},{"name":"Old Orchard Beach High School","city":"Old Orchard Beach","type":"public"},{"name":"Old Town High School","city":"Old Town","type":"public"},{"name":"Opportunity Training Center","city":"Presque Isle,","type":"private"},{"name":"Orono High School","city":"Orono","type":"public"},{"name":"Overman Academy","city":"Skowhegan","type":"public"},{"name":"Oxford Hills Comprehensive H S","city":"Paris","type":"public"},{"name":"Pathways Merry Meeting Center","city":"Brunswick","type":"private"},{"name":"Penobscot Christian School","city":"Bangor","type":"private"},{"name":"Penobscot Valley High School","city":"Howland","type":"public"},{"name":"Penquis Valley Middle/High School","city":"Milo","type":"public"},{"name":"Pine Tree Academy","city":"Freeport","type":"private"},{"name":"Piscataquis Community Secondary School","city":"Guilford","type":"public"},{"name":"Poland Regional H S","city":"Poland","type":"public"},{"name":"Portland High School","city":"Portland","type":"public"},{"name":"Presque Isle High School","city":"Presque Isle","type":"public"},{"name":"Reach School","city":"Bucksport","type":"private"},{"name":"Richmond High School","city":"Richmond","type":"public"},{"name":"Robert W Traip Academy","city":"Kittery","type":"public"},{"name":"Royal Academy Education Inc.","city":"Gray","type":"private"},{"name":"Sacopee Valley High Sch","city":"Hiram","type":"public"},{"name":"Sanford High School","city":"Sanford","type":"public"},{"name":"Scarborough High School","city":"Scarborough","type":"public"},{"name":"Schenck High School","city":"East Millinocket","type":"public"},{"name":"Searsport District High School","city":"Searsport","type":"public"},{"name":"Shead High School","city":"Eastport","type":"public"},{"name":"Skowhegan Area High School","city":"Skowhegan","type":"public"},{"name":"South Portland High School","city":"South Portland","type":"public"},{"name":"Spruce Mountain High School","city":"Jay","type":"public"},{"name":"Spurwink School-cornville","city":"Cornville","type":"private"},{"name":"Spurwink-chelsea","city":"Chelsea","type":"private"},{"name":"Spurwink-lewiston/auburn","city":"Lewiston","type":"private"},{"name":"St Dominic Academy-auburn","city":"Auburn","type":"private"},{"name":"Stearns Jr-Sr High School","city":"Millinocket","type":"public"},{"name":"Stillwater Academy","city":"Bangor","type":"private"},{"name":"Summit Achievement","city":"Stow","type":"private"},{"name":"Sumner Memorial High School","city":"Sullivan","type":"public"},{"name":"Telstar High School","city":"Bethel","type":"public"},{"name":"Temple Academy","city":"Waterville","type":"private"},{"name":"The New School","city":"Kennebunk","type":"private"},{"name":"The School at Sweetser","city":"Saco","type":"private"},{"name":"Thornton Academy","city":"Saco","type":"private"},{"name":"Upper Kennebec Valley Middle/Senior High School","city":"Bingham","type":"public"},{"name":"Van Buren District Secondary Sch","city":"Van Buren","type":"public"},{"name":"Washburn District High School","city":"Washburn","type":"public"},{"name":"Washington Academy","city":"East Machias","type":"private"},{"name":"Waterville Senior High School","city":"Waterville","type":"public"},{"name":"Waynflete School","city":"Portland","type":"private"},{"name":"Wells High School","city":"Wells","type":"public"},{"name":"Westbrook High School","city":"Westbrook","type":"public"},{"name":"Windham High School","city":"Windham","type":"public"},{"name":"Winslow High School","city":"Winslow","type":"public"},{"name":"Winthrop High School","city":"Winthrop","type":"public"},{"name":"Wiscasset Middle/High School","city":"Wiscasset","type":"public"},{"name":"Wisdom Middle High School","city":"Saint Agatha","type":"public"},{"name":"Woodland Jr-Sr High School","city":"Baileyville","type":"public"},{"name":"Yarmouth High School","city":"Yarmouth","type":"public"},{"name":"York High School","city":"York","type":"public"}]