[{"name":"Academie Lafayette Armour Ihs","city":"Kansas City"},{"name":"Adair Co. High","city":"Brashear"},{"name":"Adair Co. High","city":"Novinger"},{"name":"Adrian Sr. High","city":"Adrian"},{"name":"Advance High","city":"Advance"},{"name":"Affton High","city":"St Louis"},{"name":"Albany High","city":"Albany"},{"name":"Allen Village High School","city":"Kansas City"},{"name":"Alton High","city":"Alton"},{"name":"Appleton City High","city":"Appleton City"},{"name":"Arcadia Valley High","city":"Ironton"},{"name":"Archie High","city":"Archie"},{"name":"Ash Grove High","city":"Ash Grove"},{"name":"Atlanta High","city":"Atlanta"},{"name":"Aurora High","city":"Aurora"},{"name":"Ava High","city":"Ava"},{"name":"Babler Lodge","city":"Chesterfield"},{"name":"Bakersfield High","city":"Bakersfield"},{"name":"Ballard High","city":"Butler"},{"name":"Bayless Senior High","city":"St Louis"},{"name":"Beaumont Cte High School","city":"St Louis"},{"name":"Bell City High","city":"Bell City"},{"name":"Belle High","city":"Belle"},{"name":"Belton High","city":"Belton"},{"name":"Benton High","city":"St Joseph"},{"name":"Bernie High","city":"Bernie"},{"name":"Bevier High","city":"Bevier"},{"name":"Billings Sr. High","city":"Billings"},{"name":"Bismarck R-v High","city":"Bismarck"},{"name":"Bissell Hall","city":"St Louis"},{"name":"Blair Oaks High","city":"Jefferson City"},{"name":"Bloomfield High","city":"Bloomfield"},{"name":"Blue Eye High","city":"Blue Eye"},{"name":"Blue Springs High","city":"Blue Springs"},{"name":"Blue Springs South High","city":"Blue Springs"},{"name":"Bolivar High","city":"Bolivar"},{"name":"Boonville High","city":"Boonville"},{"name":"Bosworth High","city":"Bosworth"},{"name":"Bourbon High School","city":"Bourbon"},{"name":"Bowling Green High","city":"Bowling Green"},{"name":"Bradleyville High","city":"Bradleyville"},{"name":"Branson High","city":"Branson"},{"name":"Braymer High","city":"Braymer"},{"name":"Breckenridge High","city":"Breckenridge"},{"name":"Brentwood High","city":"Brentwood"},{"name":"Bronaugh High","city":"Bronaugh"},{"name":"Brookfield High","city":"Brookfield"},{"name":"Brunswick High","city":"Brunswick"},{"name":"Bucklin High","city":"Bucklin"},{"name":"Buffalo High","city":"Buffalo"},{"name":"Bunceton High","city":"Bunceton"},{"name":"Bunker High","city":"Bunker"},{"name":"Butler High","city":"Butler"},{"name":"Cabool High","city":"Cabool"},{"name":"Cainsville High","city":"Cainsville"},{"name":"Calhoun High","city":"Calhoun"},{"name":"California High","city":"California"},{"name":"Camdenton High","city":"Camdenton"},{"name":"Cameron High","city":"Cameron"},{"name":"Camp Avery Park Camp","city":"Troy"},{"name":"Campbell High","city":"Campbell"},{"name":"Canton High","city":"Canton"},{"name":"Capital City High School","city":"Jefferson City"},{"name":"Carl Junction High School","city":"Carl Junction"},{"name":"Carnahan Sch. of the Future","city":"St Louis"},{"name":"Carrollton Senior High","city":"Carrollton"},{"name":"Carthage High School","city":"Carthage"},{"name":"Caruthersville High","city":"Caruthersville"},{"name":"Cassville High","city":"Cassville"},{"name":"Center Sr. High","city":"Kansas City"},{"name":"Central High","city":"Cape Girardeau"},{"name":"Central High","city":"Chesterfield"},{"name":"Central High","city":"St Joseph"},{"name":"Central High","city":"Springfield"},{"name":"Central High","city":"Park Hills"},{"name":"Central High School","city":"New Madrid"},{"name":"Central High School","city":"Kansas City"},{"name":"Central Visual/perf. Arts High","city":"St Louis"},{"name":"Centralia High","city":"Centralia"},{"name":"Chadwick High","city":"Chadwick"},{"name":"Chaffee Jr.-sr. High","city":"Chaffee"},{"name":"Chamois High","city":"Chamois"},{"name":"Charleston High","city":"Charleston"},{"name":"Chilhowee High","city":"Chilhowee"},{"name":"Chillicothe High","city":"Chillicothe"},{"name":"Clark Co. High","city":"Kahoka"},{"name":"Clarkton High","city":"Clarkton"},{"name":"Clayton High","city":"Clayton"},{"name":"Clearwater High","city":"Piedmont"},{"name":"Clever High","city":"Clever"},{"name":"Climax Springs High","city":"Climax Springs"},{"name":"Clinton Sr. High","city":"Clinton"},{"name":"Clopton High","city":"Clarksville"},{"name":"Cole Camp High","city":"Cole Camp"},{"name":"Collegiate School of Med/bio","city":"St. Louis"},{"name":"Community Access Job Training","city":"St Louis"},{"name":"Community High","city":"Laddonia"},{"name":"Community Learning Ctr.","city":"Springfield"},{"name":"Concordia High","city":"Concordia"},{"name":"Confluence Preparatory Academy","city":"St Louis"},{"name":"Conway High Schools","city":"Conway"},{"name":"Cooter High","city":"Cooter"},{"name":"Cornerstone","city":"Columbia"},{"name":"Couch High","city":"Myrtle"},{"name":"Craig High","city":"Craig"},{"name":"Crane High","city":"Crane"},{"name":"Crest Ridge High","city":"Centerview"},{"name":"Crocker High","city":"Crocker"},{"name":"Crossroads Preparatory Academy","city":"Kansas City"},{"name":"Crystal City High","city":"Crystal City"},{"name":"Cuba High","city":"Cuba"},{"name":"Dadeville Sr. High","city":"Dadeville"},{"name":"Datema House","city":"Springfield"},{"name":"David H. Hickman High","city":"Columbia"},{"name":"Dekalb Jr.-sr. High","city":"Dekalb"},{"name":"DeLaSalle Charter High School","city":"Kansas City"},{"name":"Delmina Woods Youth Facility","city":"Forsyth"},{"name":"Delta C-7 High","city":"Deering"},{"name":"Delta High","city":"Delta"},{"name":"Desoto Sr. High","city":"Desoto"},{"name":"Dexter High","city":"Dexter"},{"name":"Diamond High","city":"Diamond"},{"name":"Discovery Hall","city":"St Louis"},{"name":"Dixon High","city":"Dixon"},{"name":"Doniphan High","city":"Doniphan"},{"name":"Dora High","city":"Dora"},{"name":"Drexel High","city":"Drexel"},{"name":"East Buchanan High","city":"Gower"},{"name":"East Carter Co. R-ii High","city":"Ellsinore"},{"name":"East High School","city":"Kansas City"},{"name":"East Newton High","city":"Granby"},{"name":"East Prairie High","city":"East Prairie"},{"name":"Echo Day Treatment Ctr.","city":"Cape Girardeau"},{"name":"El Dorado Springs High","city":"El Dorado Springs"},{"name":"Eldon High","city":"Eldon"},{"name":"Ellington High School","city":"Ellington"},{"name":"Elsberry High","city":"Elsberry"},{"name":"Emil E. Holt Sr. High","city":"Wentzville"},{"name":"Eminence High","city":"Eminence"},{"name":"Eugene High","city":"Eugene"},{"name":"Eureka Sr. High","city":"Eureka"},{"name":"Everton High","city":"Everton"},{"name":"Ewing Marion Kauffman High","city":"Kansas City"},{"name":"Excel School","city":"Springfield"},{"name":"Excelsior Springs High","city":"Excelsior Springs"},{"name":"Exeter High","city":"Exeter"},{"name":"Fair Grove High","city":"Fair Grove"},{"name":"Fair Play High","city":"Fair Play"},{"name":"Fairfax High","city":"Fairfax"},{"name":"Farmington Sr. High","city":"Farmington"},{"name":"Fatima High","city":"Westphalia"},{"name":"Fayette High","city":"Fayette"},{"name":"Festus Sr. High","city":"Festus"},{"name":"Fordland High","city":"Fordland"},{"name":"Forsyth High","city":"Forsyth"},{"name":"Fort Bellefontaine Campus","city":"St Louis"},{"name":"Fort Osage High","city":"Independence"},{"name":"Fox Sr. High","city":"Arnold"},{"name":"Francis Howell Central High","city":"St Charles"},{"name":"Francis Howell High","city":"St Charles"},{"name":"Francis Howell North High","city":"St Charles"},{"name":"Fredericktown High","city":"Fredericktown"},{"name":"Frontier Schl of Excellence-u","city":"Kansas City"},{"name":"Frontier Stem High School","city":"Kansas City"},{"name":"Ft. Zumwalt East High","city":"St Peters"},{"name":"Ft. Zumwalt North High","city":"O'fallon"},{"name":"Ft. Zumwalt South High","city":"St Peters"},{"name":"Ft. Zumwalt West High","city":"O'fallon"},{"name":"Fulton Sr. High","city":"Fulton"},{"name":"Fulton Treatment Ctr.","city":"Fulton"},{"name":"Gainesville High","city":"Gainesville"},{"name":"Galena High","city":"Galena"},{"name":"Gallatin High","city":"Gallatin"},{"name":"Gateway High","city":"St Louis"},{"name":"Gateway School","city":"Joplin"},{"name":"Gateway Science Academy High","city":"St. Louis"},{"name":"Gentry Residential Treat. Fac.","city":"Cabool"},{"name":"Gideon High","city":"Gideon"},{"name":"Gilman City High","city":"Gilman City"},{"name":"Girardot Center for Youth","city":"Cape Girardeau"},{"name":"Glasgow High","city":"Glasgow"},{"name":"Glendale High","city":"Springfield"},{"name":"Golden City High","city":"Golden City"},{"name":"Grain Valley High","city":"Grain Valley"},{"name":"Grand Center Arts Academy High","city":"St. Louis"},{"name":"Grandview High","city":"Hillsboro"},{"name":"Grandview Sr. High","city":"Grandview"},{"name":"Green City High","city":"Green City"},{"name":"Green Ridge High","city":"Green Ridge"},{"name":"Greenfield High","city":"Greenfield"},{"name":"Greenville High","city":"Greenville"},{"name":"Grundy Co. High","city":"Galt"},{"name":"Guadalupe Centers High School","city":"Kansas City"},{"name":"Hale High","city":"Hale"},{"name":"Halfway Secondary","city":"Halfway"},{"name":"Hallsville High","city":"Hallsville"},{"name":"Hancock Sr. High","city":"St Louis"},{"name":"Hannibal Sr. High","city":"Hannibal"},{"name":"Hardin-central High","city":"Hardin"},{"name":"Harrisburg High","city":"Harrisburg"},{"name":"Harrisonville High","city":"Harrisonville"},{"name":"Hartville High","city":"Hartville"},{"name":"Hawthorn High School","city":"St. Louis"},{"name":"Hayti High","city":"Hayti"},{"name":"Hazelwood Central High","city":"Florissant"},{"name":"Hazelwood East High","city":"St Louis"},{"name":"Hazelwood West High","city":"Hazelwood"},{"name":"Herculaneum High","city":"Herculaneum"},{"name":"Hermann High","city":"Hermann"},{"name":"Hermitage High","city":"Hermitage"},{"name":"Higbee High","city":"Higbee"},{"name":"Highland Jr.-sr. High","city":"Lewistown"},{"name":"Hillcrest High","city":"Springfield"},{"name":"Hillsboro High","city":"Hillsboro"},{"name":"Hillsboro Treatment Ctr.","city":"Hillsboro"},{"name":"Hiram Neuwoehner","city":"Town and Country"},{"name":"Hogan Preparatory Academy","city":"Kansas City"},{"name":"Hogan St Regional Youth Ctr.","city":"St Louis"},{"name":"Holcomb High","city":"Holcomb"},{"name":"Holden High","city":"Holden"},{"name":"Hollister High","city":"Hollister"},{"name":"Houston High","city":"Houston"},{"name":"Humansville High","city":"Humansville"},{"name":"Hume High","city":"Hume"},{"name":"Hurley High","city":"Hurley"},{"name":"Iberia High","city":"Iberia"},{"name":"Jackson Sr. High","city":"Jackson"},{"name":"Jamestown C-i High","city":"Jamestown"},{"name":"Jasper Co. High School","city":"Jasper"},{"name":"Jefferson City High","city":"Jefferson City"},{"name":"Jefferson High","city":"Conception Jct"},{"name":"Jefferson High School","city":"Festus"},{"name":"Jennings High","city":"Jennings"},{"name":"Joplin High","city":"Joplin"},{"name":"Kearney High","city":"Kearney"},{"name":"Kennett High","city":"Kennett"},{"name":"Keytesville High","city":"Keytesville"},{"name":"Kickapoo High","city":"Springfield"},{"name":"King City High","city":"King City"},{"name":"Kingston High","city":"Cadet"},{"name":"Kingsville High","city":"Kingsville"},{"name":"Kipp St. Louis High","city":"St. Louis"},{"name":"Kirksville Sr. High","city":"Kirksville"},{"name":"Kirkwood Sr. High","city":"Kirkwood"},{"name":"Knob Noster High","city":"Knob Noster"},{"name":"Knox Co. High","city":"Edina"},{"name":"Koshkonong High","city":"Koshkonong"},{"name":"La Monte High","city":"La Monte"},{"name":"La Plata High","city":"La Plata"},{"name":"Ladue Horton Watkins High","city":"St Louis"},{"name":"Lafayette Co. High","city":"Higginsville"},{"name":"Lafayette High","city":"St Joseph"},{"name":"Lafayette Sr. High","city":"Wildwood"},{"name":"Lakeland High","city":"Deepwater"},{"name":"Lamar High","city":"Lamar"},{"name":"Langsford House","city":"Lee's Summit"},{"name":"Laquey R-v High","city":"Laquey"},{"name":"Lathrop High School","city":"Lathrop"},{"name":"Lawson High","city":"Lawson"},{"name":"Lebanon Sr. High","city":"Lebanon"},{"name":"Lee's Summit North High","city":"Lee's Summit"},{"name":"Lee's Summit Sr. High","city":"Lee's Summit"},{"name":"Lee's Summit West High","city":"Lee's Summit"},{"name":"Leeton High","city":"Leeton"},{"name":"Leopold High","city":"Leopold"},{"name":"Lesterville High School","city":"Lesterville"},{"name":"Lewis and Clark Hall","city":"St Louis"},{"name":"Lexington High","city":"Lexington"},{"name":"Liberal High","city":"Liberal"},{"name":"Liberty High","city":"Liberty"},{"name":"Liberty High School","city":"Lake St. Louis"},{"name":"Liberty North High School","city":"Liberty"},{"name":"Liberty Sr. High","city":"Mountain View"},{"name":"Licking High","city":"Licking"},{"name":"Lift for Life Academy High Sch","city":"St Louis"},{"name":"Lincoln College Prep.","city":"Kansas City"},{"name":"Lincoln High","city":"Lincoln"},{"name":"Lindbergh Sr. High","city":"St. Louis"},{"name":"Linn Co. High","city":"Purdin"},{"name":"Linn High","city":"Linn"},{"name":"Lockwood High","city":"Lockwood"},{"name":"Logan-rogersville High","city":"Rogersville"},{"name":"Lone Jack High","city":"Lone Jack"},{"name":"Louisiana High","city":"Louisiana"},{"name":"Lutie High","city":"Theodosia"},{"name":"Macks Creek High","city":"Macks Creek"},{"name":"Macon Co. High","city":"New Cambria"},{"name":"Macon Senior High","city":"Macon"},{"name":"Madison High","city":"Madison"},{"name":"Malden High","city":"Malden"},{"name":"Malta Bend High School","city":"Malta Bend"},{"name":"Mansfield High","city":"Mansfield"},{"name":"Maplewood-richmond Hgts. High","city":"Maplewood"},{"name":"Marceline High","city":"Marceline"},{"name":"Marion C. Early High","city":"Morrisville"},{"name":"Marion Co. High","city":"Philadelphia"},{"name":"Marionville High","city":"Marionville"},{"name":"Mark Twain Sr. High","city":"Center"},{"name":"Marquand-zion High","city":"Marquand"},{"name":"Marquette Sr. High","city":"Chesterfield"},{"name":"Marshall Sr. High","city":"Marshall"},{"name":"Marshfield High","city":"Marshfield"},{"name":"Maryville High","city":"Maryville"},{"name":"Maysville Jr.-sr. High","city":"Maysville"},{"name":"Mccluer High","city":"Florissant"},{"name":"Mccluer North High","city":"Florissant"},{"name":"Mcdonald County High","city":"Anderson"},{"name":"Mckinley Class. Leadership Ac.","city":"St Louis"},{"name":"Meadow Heights High","city":"Patton"},{"name":"Meadville High","city":"Meadville"},{"name":"Mehlville High School","city":"St Louis"},{"name":"Mercer High","city":"Mercer"},{"name":"Met Day Treatment Center","city":"Wellston"},{"name":"Metro High","city":"St Louis"},{"name":"Mexico High","city":"Mexico"},{"name":"Miami High","city":"Amoret"},{"name":"Mid-buchanan Sr. High","city":"Faucett"},{"name":"Midway High","city":"Cleveland"},{"name":"Milan High","city":"Milan"},{"name":"Miller High","city":"Miller"},{"name":"Moberly Sr. High","city":"Moberly"},{"name":"Monett High","city":"Monett"},{"name":"Monroe City R-i High","city":"Monroe City"},{"name":"Montgomery Co. High","city":"Montgomery City"},{"name":"Montrose High","city":"Montrose"},{"name":"Morgan Co. High","city":"Versailles"},{"name":"Morgan Co. R-i High","city":"Stover"},{"name":"Mound City High","city":"Mound City"},{"name":"Mountain Grove High","city":"Mountain Grove"},{"name":"Mt. Vernon High","city":"Mt Vernon"},{"name":"Mt. Vernon Treatment Ctr.","city":"Mt Vernon"},{"name":"Muriel W. Battle High School","city":"Columbia"},{"name":"N.e. Community Treatment Ctr.","city":"Mexico"},{"name":"Naylor High School","city":"Naylor"},{"name":"Neelyville High","city":"Neelyville"},{"name":"Neosho High","city":"Neosho"},{"name":"Nevada High","city":"Nevada"},{"name":"New Bloomfield High","city":"New Bloomfield"},{"name":"New Day - Day Treatment","city":"Hillsboro"},{"name":"New Franklin Middle-High","city":"New Franklin"},{"name":"New Haven High","city":"New Haven"},{"name":"New Madrid Bend Youth Ctr.","city":"New Madrid"},{"name":"Newburg High","city":"Newburg"},{"name":"Newtown-harris High","city":"Newtown"},{"name":"Niangua High","city":"Niangua"},{"name":"Nixa High","city":"Nixa"},{"name":"Nodaway-Holt MS/HS","city":"Graham"},{"name":"Norborne High","city":"Norborne"},{"name":"Normandy High","city":"St Louis"},{"name":"North Andrew High","city":"Rosendale"},{"name":"North Callaway High","city":"Kingdom City"},{"name":"North Co. Sr. High","city":"Bonne Terre"},{"name":"North Daviess High","city":"Jameson"},{"name":"North Harrison High","city":"Eagleville"},{"name":"North High","city":"St Louis"},{"name":"North Kansas City High","city":"Kansas City"},{"name":"North Nodaway Jr.-sr. High","city":"Hopkins"},{"name":"North Pemiscot Sr. High","city":"Wardell"},{"name":"North Platte High","city":"Dearborn"},{"name":"North Point High School","city":"Wentzville"},{"name":"North Shelby High","city":"Shelbyville"},{"name":"Northeast High","city":"Kansas City"},{"name":"Northeast High","city":"Cairo"},{"name":"Northeast Nodaway High","city":"Ravenwood"},{"name":"Northeast Vernon Co. R-i High","city":"Walker"},{"name":"Northview","city":"Florissant"},{"name":"Northwest High","city":"Hughesville"},{"name":"Northwest High","city":"Cedar Hill"},{"name":"Northwest Reg. Youth Ctr.","city":"Kansas City"},{"name":"Northwestern High","city":"Mendon"},{"name":"Norwood High","city":"Norwood"},{"name":"Oak Grove High","city":"Oak Grove"},{"name":"Oak Park High","city":"Kansas City"},{"name":"Oak Ridge High","city":"Oak Ridge"},{"name":"Oakville Sr. High","city":"St Louis"},{"name":"Odessa High","city":"Odessa"},{"name":"Oran High School","city":"Oran"},{"name":"Orchard Farm High School","city":"St. Charles"},{"name":"Orrick High","city":"Orrick"},{"name":"Osage High","city":"Osage Beach"},{"name":"Osborn High","city":"Osborn"},{"name":"Osceola Jr.-sr. High","city":"Osceola"},{"name":"Otterville High","city":"Otterville"},{"name":"Owensville High","city":"Owensville"},{"name":"Ozark High","city":"Ozark"},{"name":"Pacific High","city":"Pacific"},{"name":"Palmyra High","city":"Palmyra"},{"name":"Paris High","city":"Paris"},{"name":"Park Hill High","city":"Kansas City"},{"name":"Park Hill South High","city":"Riverside"},{"name":"Parkview High","city":"Springfield"},{"name":"Paseo Acad. of Performing Arts","city":"Kansas City"},{"name":"Pattonsburg High","city":"Pattonsburg"},{"name":"Pattonville Sr. High","city":"Maryland Heights"},{"name":"Penney High","city":"Hamilton"},{"name":"Perryville Sr. High","city":"Perryville"},{"name":"Pierce City High","city":"Pierce City"},{"name":"Pilot Grove High","city":"Pilot Grove"},{"name":"Plato High","city":"Plato"},{"name":"Platte County High","city":"Platte City"},{"name":"Plattsburg High","city":"Plattsburg"},{"name":"Pleasant Hill High","city":"Pleasant Hill"},{"name":"Pleasant Hope High","city":"Pleasant Hope"},{"name":"Polo High","city":"Polo"},{"name":"Poplar Bluff High","city":"Poplar Bluff"},{"name":"Portageville High","city":"Portageville"},{"name":"Potosi High","city":"Potosi"},{"name":"Prairie Home High","city":"Prairie Home"},{"name":"Princeton R-v Jr.-sr. High","city":"Princeton"},{"name":"Purdy High","city":"Purdy"},{"name":"Putnam Co. High","city":"Unionville"},{"name":"Puxico High","city":"Puxico"},{"name":"Quest Day Treatment","city":"St Charles"},{"name":"Raymore-peculiar Sr. High","city":"Peculiar"},{"name":"Raytown South Sr. High","city":"Raytown"},{"name":"Raytown Sr. High","city":"Raytown"},{"name":"Reach St. Louis Day Treatment","city":"St Louis"},{"name":"Reeds Spring High","city":"Reeds Spring"},{"name":"Republic High","city":"Republic"},{"name":"Rich Hill High","city":"Rich Hill"},{"name":"Rich Hill Youth Dev. Ctr.","city":"Rich Hill"},{"name":"Richland High","city":"Essex"},{"name":"Richland High","city":"Richland"},{"name":"Richmond High","city":"Richmond"},{"name":"Ridgeway High","city":"Ridgeway"},{"name":"Risco High","city":"Risco"},{"name":"Ritenour Sr. High","city":"St Louis"},{"name":"Riverbend Treatment Ctr.","city":"St Joseph"},{"name":"Riverview Gardens Sr. High","city":"St Louis"},{"name":"Rock Bridge Sr. High","city":"Columbia"},{"name":"Rock Port High","city":"Rock Port"},{"name":"Rockwood Summit Sr. High","city":"Fenton"},{"name":"Rolla Sr. High","city":"Rolla"},{"name":"Roosevelt High","city":"St Louis"},{"name":"Rosa Parks Center","city":"Fulton"},{"name":"Ruskin High School","city":"Kansas City"},{"name":"Russellville High","city":"Russellville"},{"name":"S.t.a.r. Day Treatment Ctr.","city":"Gladstone"},{"name":"Salem Sr. High","city":"Salem"},{"name":"Salisbury High","city":"Salisbury"},{"name":"Santa Fe High","city":"Alma"},{"name":"Sarcoxie High","city":"Sarcoxie"},{"name":"Savannah High","city":"Savannah"},{"name":"Schuyler Co. High","city":"Queen City"},{"name":"Scotland Co. High","city":"Memphis"},{"name":"Scott City High","city":"Scott City"},{"name":"Scott Co. Central High","city":"Sikeston"},{"name":"Seckman Sr. High","city":"Imperial"},{"name":"Senath-hornersville High Schoo","city":"Senath"},{"name":"Seneca High","city":"Seneca"},{"name":"Seymour High","city":"Seymour"},{"name":"Sheldon High","city":"Sheldon"},{"name":"Sherwood High","city":"Creighton"},{"name":"Sierra-osage Treatment Ctr.","city":"Poplar Bluff"},{"name":"Sikeston Hope Ctr.","city":"Sikeston"},{"name":"Sikeston Senior High School","city":"Sikeston"},{"name":"Silex High","city":"Silex"},{"name":"Skyline High","city":"Urbana"},{"name":"Slater High","city":"Slater"},{"name":"Smith-cotton High School","city":"Sedalia"},{"name":"Smithton High","city":"Smithton"},{"name":"Smithville High","city":"Smithville"},{"name":"Soldan International Studies","city":"St Louis"},{"name":"South Callaway High","city":"Mokane"},{"name":"South Harrison High","city":"Bethany"},{"name":"South High","city":"Manchester"},{"name":"South Holt High","city":"Oregon"},{"name":"South Iron High","city":"Annapolis"},{"name":"South Nodaway High","city":"Barnard"},{"name":"South Pemiscot High","city":"Steele"},{"name":"South Shelby High","city":"Shelbina"},{"name":"Southeast High School","city":"Kansas City"},{"name":"Southern Boone High","city":"Ashland"},{"name":"Southland High","city":"Cardwell"},{"name":"Southview High","city":"Crestwood"},{"name":"Southwest High","city":"Washburn"},{"name":"Southwest Livingston Co R-1 Hs","city":"Ludlow"},{"name":"Spanish Lake Campus","city":"St Louis"},{"name":"Sparta High","city":"Sparta"},{"name":"Spokane High","city":"Spokane"},{"name":"St. Charles High","city":"St Charles"},{"name":"St. Charles West High","city":"St Charles"},{"name":"St. Clair High","city":"St Clair"},{"name":"St. Elizabeth High","city":"St Elizabeth"},{"name":"St. James High","city":"St James"},{"name":"Staley High","city":"Kansas City"},{"name":"Stanberry High","city":"Stanberry"},{"name":"Ste. Genevieve Sr. High","city":"Ste Genevieve"},{"name":"Steam Academy at Msb High Scho","city":"Ferguson"},{"name":"Steelville High","city":"Steelville"},{"name":"Stewartsville High","city":"Stewartsville"},{"name":"Stockton High","city":"Stockton"},{"name":"Stoutland High","city":"Stoutland"},{"name":"Strafford High","city":"Strafford"},{"name":"Sturgeon High","city":"Sturgeon"},{"name":"Sullivan Sr. High","city":"Sullivan"},{"name":"Summersville High","city":"Summersville"},{"name":"Sumner High","city":"St Louis"},{"name":"Sweet Springs High","city":"Sweet Springs"},{"name":"Tarkio High","city":"Tarkio"},{"name":"Thayer Sr. High","city":"Thayer"},{"name":"The Innovation School at Cv","city":"St Louis"},{"name":"Thomas W. Kelly High","city":"Benton"},{"name":"Timberland High","city":"Wentzville"},{"name":"Tina-avalon High","city":"Tina"},{"name":"Tipton High","city":"Tipton"},{"name":"Trenton Sr. High","city":"Trenton"},{"name":"Tri-county High","city":"Jamesport"},{"name":"Troy Buchanan High","city":"Troy"},{"name":"Truman High","city":"Independence"},{"name":"Tuscumbia High","city":"Tuscumbia"},{"name":"Twin Rivers","city":"St Louis"},{"name":"Twin Rivers High","city":"Broseley"},{"name":"Union High","city":"Union"},{"name":"Union Star High","city":"Union Star"},{"name":"University Academy-upper","city":"Kansas City"},{"name":"University City Sr. High","city":"University City"},{"name":"Valley High","city":"Caledonia"},{"name":"Valley Park Sr. High","city":"Valley Park"},{"name":"Van Buren High","city":"Van Buren"},{"name":"Van Horn High","city":"Independnce"},{"name":"Van-far Jr./sr. High","city":"Vandalia"},{"name":"Vashon High","city":"St Louis"},{"name":"Verona High","city":"Verona"},{"name":"Viburnum High","city":"Viburnum"},{"name":"Vienna High","city":"Vienna"},{"name":"W. E. Sears Youth Ctr.","city":"Poplar Bluff"},{"name":"Walnut Grove High","city":"Walnut Grove"},{"name":"Warrensburg High","city":"Warrensburg"},{"name":"Warrenton High","city":"Warrenton"},{"name":"Warsaw High School","city":"Warsaw"},{"name":"Washington High School","city":"Washington"},{"name":"Watkins Mill Park Camp","city":"Lawson"},{"name":"Waverly Regional Youth Ctr.","city":"Waverly"},{"name":"Waynesville Sr. High","city":"Waynesville"},{"name":"Weaubleau High","city":"Weaubleau"},{"name":"Webb City High","city":"Webb City"},{"name":"Webster Groves High","city":"St Louis"},{"name":"Wellington-napoleon High","city":"Wellington"},{"name":"Wellsville-middletown Hs","city":"Wellsville"},{"name":"West County High","city":"Park Hills"},{"name":"West High","city":"Ballwin"},{"name":"West Nodaway High","city":"Burlington Jct"},{"name":"West Plains Sr. High","city":"West Plains"},{"name":"West Platte High","city":"Weston"},{"name":"Westran High","city":"Huntsville"},{"name":"Wheatland High","city":"Wheatland"},{"name":"Wheaton High","city":"Wheaton"},{"name":"Willard High","city":"Willard"},{"name":"William Chrisman High","city":"Independence"},{"name":"Willow Springs High","city":"Willow Springs"},{"name":"Wilson Creek Group Home","city":"Springfield"},{"name":"Windsor High","city":"Imperial"},{"name":"Windsor High","city":"Windsor"},{"name":"Winfield High","city":"Winfield"},{"name":"Winnetonka High","city":"Kansas City"},{"name":"Winona High","city":"Winona"},{"name":"Winston High","city":"Winston"},{"name":"Woodland High","city":"Marble Hill"},{"name":"Worth Co. High","city":"Grant City"},{"name":"Wright City High","city":"Wright City"},{"name":"Zalma High","city":"Zalma"}]