[{"name":"A L Brown High","city":"Kannapolis"},{"name":"A&T Four Middle College","city":"Greensboro"},{"name":"ABSS Early College at ACC","city":"Graham"},{"name":"Academy at Smith","city":"Greensboro"},{"name":"Agriculture and Science Early College","city":"Olin"},{"name":"Albemarle High","city":"Albemarle"},{"name":"Alexander Central High","city":"Taylorsville"},{"name":"Alexander Early College","city":"Taylorsville"},{"name":"Alleghany High","city":"Sparta"},{"name":"Andrews High","city":"Andrews"},{"name":"Anson Co. Early College High","city":"Polkton"},{"name":"Anson High School","city":"Wadesboro"},{"name":"Apex Friendship High","city":"Apex"},{"name":"Apex High","city":"Apex"},{"name":"Apprentice Academy High School","city":"Monroe"},{"name":"Ardrey Kell High School","city":"Charlotte"},{"name":"Ascend Leadership Academy: Lee County","city":"Sanford"},{"name":"Ashbrook High","city":"Gastonia"},{"name":"Ashe County Early College High","city":"West Jefferson"},{"name":"Ashe County High","city":"West Jefferson"},{"name":"Asheboro High","city":"Asheboro"},{"name":"Asheville High","city":"Asheville"},{"name":"Athens Drive High","city":"Raleigh"},{"name":"Atkins Academic & Tech High","city":"Winston-Salem"},{"name":"Avery County High","city":"Newland"},{"name":"Ayden-Grifton High","city":"Ayden"},{"name":"Bandys High","city":"Catawba"},{"name":"Bartlett Yancey High","city":"Yanceyville"},{"name":"Bear Grass Charter School","city":"Williamston"},{"name":"Beaufort Co Early College High","city":"Washington"},{"name":"Beddingfield High","city":"Wilson"},{"name":"Ben L. Smith High School","city":"Greensboro"},{"name":"Bertie Early College High","city":"Windsor"},{"name":"Bertie High","city":"Windsor"},{"name":"Bessemer City High","city":"Bessemer City"},{"name":"Bethany Community School","city":"Summerfield"},{"name":"Bladen Early College","city":"Dublin"},{"name":"Blue Ridge Early College","city":"Cashiers"},{"name":"Brevard High","city":"Brevard"},{"name":"Brunswick County Early College","city":"Bolivia"},{"name":"Bunker Hill High","city":"Claremont"},{"name":"Bunn High","city":"Bunn"},{"name":"Burke Middle College","city":"Morganton"},{"name":"Burns High","city":"Lawndale"},{"name":"Butler High School","city":"Matthews"},{"name":"C E Jordan High","city":"Durham"},{"name":"Cabarrus Early College of Technology","city":"Concord"},{"name":"Cabarrus-Kannapolis Early Coll","city":"Concord"},{"name":"Caldwell Applied Sciences Academy","city":"Hudson"},{"name":"Caldwell Early College","city":"Hudson"},{"name":"Camden County High","city":"Camden"},{"name":"Camden Early College High","city":"Camden"},{"name":"Cape Fear High","city":"Fayetteville"},{"name":"Cape Hatteras Secondary School","city":"Buxton"},{"name":"Career Academy and Technical School","city":"Troutman"},{"name":"Carrboro High","city":"Carrboro"},{"name":"Carson High","city":"China Grove"},{"name":"Carver High","city":"Winston Salem"},{"name":"Cary High","city":"Cary"},{"name":"Cato Middle College High School","city":"Charlotte"},{"name":"Cedar Ridge High","city":"Hillsborough"},{"name":"Central Academy of Technology and Arts","city":"Monroe"},{"name":"Central Cabarrus High","city":"Concord"},{"name":"Central Davidson High","city":"Lexington"},{"name":"Challenger Early College High","city":"Hickory"},{"name":"Chapel Hill High","city":"Chapel Hill"},{"name":"Char Eng Early College-UNCC","city":"Charlotte"},{"name":"Charles B Aycock High","city":"Pikeville"},{"name":"Charlotte Secondary","city":"Charlotte"},{"name":"Charlotte Teacher Early College","city":"Charlotte"},{"name":"Chase High School","city":"Forest City"},{"name":"Chatham Central High","city":"Bear Creek"},{"name":"Chatham School of Science & Engineering","city":"Siler City"},{"name":"Cherryville High","city":"Cherryville"},{"name":"CITI High School","city":"Rocky Mount"},{"name":"City of Medicine Academy","city":"Durham"},{"name":"Clayton High","city":"Clayton"},{"name":"Cleveland ECHS","city":"Shelby"},{"name":"Cleveland High","city":"Clayton"},{"name":"Clinton High","city":"Clinton"},{"name":"Cochrane Collegiate Academy","city":"Charlotte"},{"name":"Collaborative College for Technology","city":"Statesville"},{"name":"Columbia High","city":"Columbia"},{"name":"Columbus Career and College Academy","city":"Whiteville"},{"name":"Concord High","city":"Concord"},{"name":"Corinth Holders High","city":"Wendell"},{"name":"Cox Mill High School","city":"Concord"},{"name":"Craven Early College High","city":"New Bern"},{"name":"Crest High","city":"Shelby"},{"name":"Croatan High","city":"Newport"},{"name":"Cross Creek Early College","city":"Fayetteville"},{"name":"Crossroads Arts Sciences Early College","city":"Statesville"},{"name":"Crossroads FLEX","city":"Cary"},{"name":"CS Brown High - STEM Program","city":"Winton"},{"name":"Cumberland Academy 6-12 Virtual School","city":"Fayetteville"},{"name":"Cumberland International Early College","city":"Fayetteville"},{"name":"Cumberland Polytechnic","city":"Fayetteville"},{"name":"Currituck County High","city":"Barco"},{"name":"Cuthbertson High","city":"Waxhaw"},{"name":"D H Conley High","city":"Greenville"},{"name":"Dalton McMichael High","city":"Mayodan"},{"name":"Davidson Early College","city":"Thomasville"},{"name":"Davie County Early College High","city":"Mocksville"},{"name":"Davie County High","city":"Mocksville"},{"name":"Discovery High School","city":"Newton"},{"name":"Dixon High","city":"Holly Ridge"},{"name":"Douglas Byrd High","city":"Fayetteville"},{"name":"Duplin Early College High","city":"Kenansville"},{"name":"Durham School of Technology","city":"Durham"},{"name":"Durham School of the Arts","city":"Durham"},{"name":"E E Smith High","city":"Fayetteville"},{"name":"Early College","city":"Asheville"},{"name":"Early College at Guilford","city":"Greensboro"},{"name":"Early College EAST High","city":"Havelock"},{"name":"Early College of Forsyth Co","city":"Winston Salem"},{"name":"East Bladen High","city":"Elizabethtown"},{"name":"East Burke High","city":"Connelly Springs"},{"name":"East Carteret High","city":"Beaufort"},{"name":"East Chapel Hill High","city":"Chapel Hill"},{"name":"East Columbus Junior-Senior High","city":"Lake Waccamaw"},{"name":"East Davidson High","city":"Thomasville"},{"name":"East Duplin High","city":"Beulaville"},{"name":"East Forsyth High","city":"Kernersville"},{"name":"East Gaston High","city":"Mount Holly"},{"name":"East Henderson High","city":"East Flat Rock"},{"name":"East Lincoln High","city":"Denver"},{"name":"East Mecklenburg High School","city":"Charlotte"},{"name":"East Rowan High","city":"Salisbury"},{"name":"East Rutherford High School","city":"Bostic"},{"name":"East Surry High","city":"Pilot Mountain"},{"name":"East Wake High","city":"Wendell"},{"name":"East Wilkes High School","city":"Ronda"},{"name":"Eastern Alamance High","city":"Mebane"},{"name":"Eastern Guilford High","city":"Gibsonville"},{"name":"Eastern Randolph High School","city":"Ramseur"},{"name":"Eastern Wayne High","city":"Goldsboro"},{"name":"Edgecombe Early College High","city":"Tarboro"},{"name":"Elizabeth City Pasquotank Early College","city":"Elizabeth City"},{"name":"Elkin High","city":"Elkin"},{"name":"Emsley A Laney High","city":"Wilmington"},{"name":"Enka High","city":"Candler"},{"name":"Enloe High","city":"Raleigh"},{"name":"Erwin High","city":"Asheville"},{"name":"Eugene Ashley High","city":"Wilmington"},{"name":"Fairmont High","city":"Fairmont"},{"name":"Farmville Central High","city":"Farmville"},{"name":"Fike High","city":"Wilson"},{"name":"First Flight High School","city":"Kill Devil Hills"},{"name":"Forbush High","city":"East Bend"},{"name":"Forest Hills High","city":"Marshville"},{"name":"Forestview High","city":"Gastonia"},{"name":"Franklin County Early College","city":"Louisburg"},{"name":"Franklin High","city":"Franklin"},{"name":"Franklinton High","city":"Franklinton"},{"name":"Fred T Foard High","city":"Newton"},{"name":"Freedom High","city":"Morganton"},{"name":"Fuquay-Varina High","city":"Fuquay-Varina"},{"name":"Garinger High School","city":"Charlotte"},{"name":"Garner High","city":"Garner"},{"name":"Gaston Early College High School","city":"Dallas"},{"name":"Gaston Early College of Medical Sciences","city":"Dallas"},{"name":"Gates County Senior High","city":"Gatesville"},{"name":"GC Middle College High","city":"Greensboro"},{"name":"Girls Leadership Academy of Wilmington","city":"Wilmington"},{"name":"Goldsboro High","city":"Goldsboro"},{"name":"Graham High","city":"Graham"},{"name":"Granville Central High","city":"Stem"},{"name":"Granville Early College High","city":"Creedmoor"},{"name":"Gray Stone Day","city":"Misenheimer"},{"name":"Gray's Creek High","city":"Hope Mills"},{"name":"Green Hope High","city":"Cary"},{"name":"Green Level High","city":"Cary"},{"name":"Greene Central High","city":"Snow Hill"},{"name":"Greene Early College High","city":"Snow Hill"},{"name":"Grimsley High","city":"Greensboro"},{"name":"GTCC Middle College High","city":"Jamestown"},{"name":"Halifax County Early College High","city":"Weldon"},{"name":"Harding University High School","city":"Charlotte"},{"name":"Harnett Central High","city":"Angier"},{"name":"Harnett County Early College","city":"Dunn"},{"name":"Harper Middle College High","city":"Charlotte"},{"name":"Havelock High","city":"Havelock"},{"name":"Hawthorne Academy of Health Sciences","city":"Charlotte"},{"name":"Hayesville High","city":"Hayesville"},{"name":"Haywood Early College","city":"Clyde"},{"name":"Heide Trask High","city":"Rocky Point"},{"name":"Henderson County Early College","city":"Flat Rock"},{"name":"Hendersonville High","city":"Hendersonville"},{"name":"Heritage High","city":"Wake Forest"},{"name":"Hertford Co Early College","city":"Ahoskie"},{"name":"Hertford County High","city":"Ahoskie"},{"name":"Hibriten High","city":"Lenoir"},{"name":"Hickory Career  Arts Magnet High School","city":"Hickory"},{"name":"Hickory High","city":"Hickory"},{"name":"Hickory Ridge High","city":"Harrisburg"},{"name":"High Point Central High","city":"High Point"},{"name":"Highland Sch of Technology","city":"Gastonia"},{"name":"Hillside High","city":"Durham"},{"name":"Hiwassee Dam High","city":"Murphy"},{"name":"Hobbton High","city":"Newton Grove"},{"name":"Hoke County High","city":"Raeford"},{"name":"Holly Springs High","city":"Holly Springs"},{"name":"Hopewell High School","city":"Huntersville"},{"name":"Hugh M Cummings High","city":"Burlington"},{"name":"Hunter Huss High","city":"Gastonia"},{"name":"Hyde Academy","city":"Swan Quarter"},{"name":"Independence High School","city":"Charlotte"},{"name":"Innovation Early College High","city":"Greenville"},{"name":"Isaac M Bear Early College High School","city":"Wilmington"},{"name":"J D Clement Early College HS","city":"Durham"},{"name":"J F Kennedy High","city":"Winston Salem"},{"name":"J. F. Webb High","city":"Oxford"},{"name":"Jack Britt High","city":"Fayetteville"},{"name":"Jackson Co Early College","city":"Sylva"},{"name":"Jacksonville High","city":"Jacksonville"},{"name":"James B Dudley High","city":"Greensboro"},{"name":"James Hunt High","city":"Wilson"},{"name":"James Kenan High","city":"Warsaw"},{"name":"Jay M Robinson High","city":"Concord"},{"name":"Jimmy C Draughn High School","city":"Valdese"},{"name":"John A Holmes High","city":"Edenton"},{"name":"John M Morehead High","city":"Eden"},{"name":"John T Hoggard High","city":"Wilmington"},{"name":"Johnston Co Early College Academy","city":"Smithfield"},{"name":"Jones Senior High School","city":"Trenton"},{"name":"Jordan Matthews High","city":"Siler City"},{"name":"Julius L. Chambers High School","city":"Charlotte"},{"name":"Junius H Rose High","city":"Greenville"},{"name":"Kearns Academy","city":"High Point"},{"name":"Kings Mountain High","city":"Kings Mountain"},{"name":"Kinston High","city":"Kinston"},{"name":"Knightdale High","city":"Knightdale"},{"name":"Lake Norman High","city":"Mooresville"},{"name":"Lakewood High","city":"Salemburg"},{"name":"Ledford Senior High","city":"Thomasville"},{"name":"Lee County High","city":"Sanford"},{"name":"Lee Early College","city":"Sanford"},{"name":"Leesville Road High","city":"Raleigh"},{"name":"Lenoir County Early College High","city":"Kinston"},{"name":"Levine Middle College High Sch","city":"Matthews"},{"name":"Lexington Senior High School","city":"Lexington"},{"name":"Lincolnton High","city":"Lincolnton"},{"name":"Longleaf School of the Arts","city":"Raleigh"},{"name":"Louisburg Magnet High","city":"Louisburg"},{"name":"Lucy Ragsdale High","city":"Jamestown"},{"name":"Lumberton Senior High","city":"Lumberton"},{"name":"Macon Early College High School","city":"Franklin"},{"name":"Madison Early College High","city":"Marshall"},{"name":"Madison High School","city":"Marshall"},{"name":"Maiden High","city":"Maiden"},{"name":"Mallard Creek High School","city":"Charlotte"},{"name":"Manteo High School","city":"Manteo"},{"name":"Marine Sci. and Tech. Early College HS","city":"Morehead City"},{"name":"Marvin Ridge High","city":"Waxhaw"},{"name":"Massey Hill Classical High","city":"Fayetteville"},{"name":"Mayland Early College","city":"Spruce Pine"},{"name":"McDowell Academy for Innovation","city":"Marion"},{"name":"McDowell Early College","city":"Marion"},{"name":"McDowell High School","city":"Marion"},{"name":"McDowell Virtual Academy","city":"Marion"},{"name":"Merancas Middle College-CPCC","city":"Huntersville"},{"name":"Middle College","city":"Asheville"},{"name":"Middle College at GTCC-Greensboro","city":"Greensboro"},{"name":"Middle College at GTCC-High Point","city":"High Point"},{"name":"Middle College High at Bennett","city":"Greensboro"},{"name":"Middle College HS @ DTCC","city":"Durham"},{"name":"Middle College of Forsyth Cnty","city":"Winston-Salem"},{"name":"Middle Creek High","city":"Apex"},{"name":"Midway High","city":"Newton Grove"},{"name":"Military and Global Leadership","city":"Charlotte"},{"name":"Millbrook High","city":"Raleigh"},{"name":"Mitchell High","city":"Bakersville"},{"name":"Monroe High","city":"Monroe"},{"name":"Montgomery Central High","city":"Troy"},{"name":"Montgomery County Early College","city":"Troy"},{"name":"Mooresville High School","city":"Mooresville"},{"name":"Mount Airy High","city":"Mount Airy"},{"name":"Mount Pleasant High","city":"Mount Pleasant"},{"name":"Mount Tabor High School","city":"Winston Salem"},{"name":"Mountain Heritage High","city":"Burnsville"},{"name":"Murphy High","city":"Murphy"},{"name":"Myers Park High School","city":"Charlotte"},{"name":"Nash Central High","city":"Rocky Mount"},{"name":"Ncvps","city":"Raleigh"},{"name":"Needham Broughton High","city":"Raleigh"},{"name":"Nesbitt Discovery Academy","city":"Asheville"},{"name":"New Bern High","city":"New Bern"},{"name":"New Hanover High","city":"Wilmington"},{"name":"Newton-Conover High","city":"Newton"},{"name":"North Brunswick High","city":"Leland"},{"name":"North Buncombe High","city":"Weaverville"},{"name":"North Davidson High","city":"Lexington"},{"name":"North Duplin Jr Sr High","city":"Mt. Olive"},{"name":"North Edgecombe High","city":"Tarboro"},{"name":"North Forsyth High","city":"Winston Salem"},{"name":"North Gaston High","city":"Dallas"},{"name":"North Henderson High","city":"Hendersonville"},{"name":"North Iredell High","city":"Olin"},{"name":"North Johnston High","city":"Kenly"},{"name":"North Lenoir High","city":"La Grange"},{"name":"North Lincoln High","city":"Lincolnton"},{"name":"North Mecklenburg High School","city":"Huntersville"},{"name":"North Moore High","city":"Robbins"},{"name":"North Pitt High","city":"Bethel"},{"name":"North Rowan High","city":"Spencer"},{"name":"North Stanly High","city":"New London"},{"name":"North Stokes High School","city":"Danbury"},{"name":"North Surry High","city":"Mount Airy"},{"name":"North Wake College and Career Academy","city":"Wake Forest"},{"name":"North Wilkes High School","city":"Hays"},{"name":"Northampton County High School","city":"Gaston"},{"name":"Northampton Early College","city":"Weldon"},{"name":"Northeast Academy of Aerospace & AdvTech","city":"Elizabeth City"},{"name":"Northeast Guilford High","city":"McLeansville"},{"name":"Northeastern High","city":"Elizabeth City"},{"name":"Northern Guilford High","city":"Greensboro"},{"name":"Northern High","city":"Durham"},{"name":"Northern Nash High","city":"Rocky Mount"},{"name":"Northside High","city":"Pinetown"},{"name":"Northside High","city":"Jacksonville"},{"name":"Northwest Cabarrus High","city":"Concord"},{"name":"Northwest Guilford High","city":"Greensboro"},{"name":"Northwest Halifax Collegiate and Technic","city":"Littleton"},{"name":"Northwest School of the Arts","city":"Charlotte"},{"name":"Northwood High","city":"Pittsboro"},{"name":"NRM Early College High School","city":"Rocky Mount"},{"name":"Oak Grove High","city":"Winston-Salem"},{"name":"Olympic High School","city":"Charlotte"},{"name":"Onslow Early College","city":"Jacksonville"},{"name":"Onslow Virtual Secondary","city":"Jacksonville"},{"name":"Orange High","city":"Hillsborough"},{"name":"Overhills High","city":"Spring Lake"},{"name":"Owen High","city":"Black Mountain"},{"name":"Page High","city":"Greensboro"},{"name":"Pamlico County High","city":"Bayboro"},{"name":"Panther Creek High","city":"Cary"},{"name":"Parkland High","city":"Winston Salem"},{"name":"Parkwood High","city":"Monroe"},{"name":"Pasquotank County High","city":"Elizabeth City"},{"name":"Paul R. Brown Leadership Academy","city":"Elizabethtown"},{"name":"PCS Early College High School","city":"Winterville"},{"name":"Pender Early College High","city":"Burgaw"},{"name":"Pender High","city":"Burgaw"},{"name":"Penn-Griffin Schools","city":"High Point"},{"name":"Performance Learning Center","city":"Charlotte"},{"name":"Perquimans County High","city":"Hertford"},{"name":"Person Early College Innovation & Ldrshp","city":"Roxboro"},{"name":"Person High","city":"Roxboro"},{"name":"Philip J Weaver Ed Center","city":"Greensboro"},{"name":"Phillip O Berry Academy of Technology","city":"Charlotte"},{"name":"Piedmont Classical High School","city":"Browns Summit"},{"name":"Piedmont High","city":"Monroe"},{"name":"Pine Forest High","city":"Fayetteville"},{"name":"Pinecrest High","city":"Southern Pines"},{"name":"Pisgah High","city":"Canton"},{"name":"Polk County Early College","city":"Columbus"},{"name":"Polk County High School","city":"Columbus"},{"name":"Porter Ridge High School","city":"Indian Trail"},{"name":"Princeton High","city":"Princeton"},{"name":"Providence Grove High School","city":"Climax"},{"name":"Providence High School","city":"Charlotte"},{"name":"PSRC Early College at RCC","city":"Lumberton"},{"name":"Purnell Swett High","city":"Pembroke"},{"name":"R J Reynolds High","city":"Winston Salem"},{"name":"R-S Central High School","city":"Rutherfordton"},{"name":"Raleigh Charter High School","city":"Raleigh"},{"name":"Randleman High School","city":"Randleman"},{"name":"Randolph Early College High School","city":"Asheboro"},{"name":"Red Springs High","city":"Red Springs"},{"name":"Reid Ross Classical High","city":"Fayetteville"},{"name":"Reidsville High","city":"Reidsville"},{"name":"Research Triangle High School","city":"Durham"},{"name":"Reynolds High","city":"Asheville"},{"name":"Richlands High","city":"Richlands"},{"name":"Richmond Early College High","city":"Hamlet"},{"name":"Richmond Senior High","city":"Rockingham"},{"name":"Riverside High","city":"Durham"},{"name":"Riverside High","city":"Williamston"},{"name":"Roanoke Rapids Early College High","city":"Roanoke Rapids"},{"name":"Roanoke Rapids High School","city":"Roanoke Rapids"},{"name":"Roanoke Valley Early College","city":"Weldon"},{"name":"Robbinsville High","city":"Robbinsville"},{"name":"Roberson High","city":"Asheville"},{"name":"Robert B Glenn High School","city":"Kernersville"},{"name":"Robert L. Patton High School","city":"Morganton"},{"name":"Rockingham Co Early College High","city":"Wentworth"},{"name":"Rockingham County High","city":"Reidsville"},{"name":"Rocky Mount High","city":"Rocky Mount"},{"name":"Rocky River High School","city":"Mint Hill"},{"name":"Rolesville High","city":"Rolesville"},{"name":"Ronald W Reagan High School","city":"Pfafftown"},{"name":"Rosewood High","city":"Goldsboro"},{"name":"Rosman High","city":"Rosman"},{"name":"Rowan Co Early College","city":"Salisbury"},{"name":"Roxboro Community School","city":"Roxboro"},{"name":"Rutherford Early College High School","city":"Spindale"},{"name":"Saint Pauls High","city":"Saint Pauls"},{"name":"Saint Stephens High","city":"Hickory"},{"name":"Salisbury High","city":"Salisbury"},{"name":"Sampson Early College High","city":"Clinton"},{"name":"Sanderson High","city":"Raleigh"},{"name":"SandHoke Early College High","city":"Raeford"},{"name":"School of Inquiry and Life Sciences","city":"Asheville"},{"name":"Scotland Early College High","city":"Laurinburg"},{"name":"Scotland High School","city":"Laurinburg"},{"name":"Seventy-First High","city":"Fayetteville"},{"name":"Shelby High","city":"Shelby"},{"name":"Smithfield-Selma High","city":"Smithfield"},{"name":"Smoky Mountain High School","city":"Sylva"},{"name":"South Brunswick High","city":"Southport"},{"name":"South Caldwell High","city":"Hudson"},{"name":"South Central","city":"Winterville"},{"name":"South Columbus High","city":"Tabor City"},{"name":"South Creek High","city":"Robersonville"},{"name":"South Davidson Middle and High","city":"Denton"},{"name":"South Garner High","city":"Garner"},{"name":"South Granville High","city":"Creedmoor"},{"name":"South Iredell High","city":"Statesville"},{"name":"South Johnston High","city":"Four Oaks"},{"name":"South Lenoir High","city":"Deep Run"},{"name":"South Mecklenburg High School","city":"Charlotte"},{"name":"South Point High","city":"Belmont"},{"name":"South Rowan High","city":"China Grove"},{"name":"South Stanly High","city":"Norwood"},{"name":"South Stokes High School","city":"Walnut Cove"},{"name":"South View High","city":"Hope Mills"},{"name":"Southeast Guilford High","city":"Greensboro"},{"name":"Southeast Halifax Collegiate Prep Academ","city":"Halifax"},{"name":"Southeast Raleigh High","city":"Raleigh"},{"name":"Southern Alamance High","city":"Graham"},{"name":"Southern Guilford High","city":"Greensboro"},{"name":"Southern Lee High School","city":"Sanford"},{"name":"Southern Nash High","city":"Bailey"},{"name":"Southern School of Energy and Sustainabi","city":"Durham"},{"name":"Southern Wake Academy","city":"Holly Springs"},{"name":"Southern Wayne High","city":"Dudley"},{"name":"Southside High","city":"Chocowinity"},{"name":"SouthWest Edgecombe High","city":"Pinetops"},{"name":"Southwest Guilford High","city":"High Point"},{"name":"Southwest High","city":"Jacksonville"},{"name":"Southwestern Randolph High School","city":"Asheboro"},{"name":"Spring Creek High","city":"Seven Springs"},{"name":"Stanly Early College High","city":"Albemarle"},{"name":"Stanly STEM Early College","city":"Albemarle"},{"name":"Starmount High","city":"Boonville"},{"name":"Statesville High","city":"Statesville"},{"name":"STEM Early College @ NC A&T SU","city":"Greensboro"},{"name":"Stokes Early College High School","city":"Walnut Cove"},{"name":"Stuart W Cramer High","city":"Belmont"},{"name":"Sun Valley High","city":"Monroe"},{"name":"Surry Central High","city":"Dobson"},{"name":"Surry Early College","city":"Dobson"},{"name":"Swain County High School","city":"Bryson City"},{"name":"Swansboro High","city":"Swansboro"},{"name":"T Wingate Andrews High","city":"High Point"},{"name":"Tarboro High","city":"Tarboro"},{"name":"Terry Sanford High","city":"Fayetteville"},{"name":"The Franklin School of Innovation","city":"Asheville"},{"name":"The JP Knapp ECH (i)School","city":"Currituck"},{"name":"The School for Creative Studies","city":"Durham"},{"name":"Thomasville High","city":"Thomasville"},{"name":"Topsail High","city":"Hampstead"},{"name":"Tri-County Early College High","city":"Murphy"},{"name":"Trinity High School","city":"Trinity"},{"name":"Triton High","city":"Erwin"},{"name":"Tuscola High","city":"Waynesville"},{"name":"UNCG Early/Middle College","city":"Greensboro"},{"name":"Union County Early College","city":"Monroe"},{"name":"Union High","city":"Rose Hill"},{"name":"Union Pines High","city":"Cameron"},{"name":"Uwharrie Ridge Six-Twelve","city":"Trinity"},{"name":"Vance Co Early College","city":"Henderson"},{"name":"Vance County High School","city":"Henderson"},{"name":"Vernon Malone College and Career Academy","city":"Raleigh"},{"name":"Wake Early College of Health and Science","city":"Raleigh"},{"name":"Wake Forest High School","city":"Wake Forest"},{"name":"Wake STEM Early College High School","city":"Cary"},{"name":"Wake Young Men's Leadership Academy","city":"Raleigh"},{"name":"Wake Young Women's Leadership Academy","city":"Raleigh"},{"name":"Wakefield High","city":"Raleigh"},{"name":"Walkertown High","city":"Walkertown"},{"name":"Wallace-Rose Hill High","city":"Teachey"},{"name":"Walter M Williams High","city":"Burlington"},{"name":"Warren County High","city":"Warrenton"},{"name":"Warren Early College High","city":"Warrenton"},{"name":"Warren New Tech High","city":"Warrenton"},{"name":"Washington County High","city":"Plymouth"},{"name":"Washington Early College High","city":"Creswell"},{"name":"Washington High","city":"Washington"},{"name":"Watauga High","city":"Boone"},{"name":"Watauga Innovation Academy","city":"Boone"},{"name":"Wayne Early / Middle College High","city":"Goldsboro"},{"name":"Wayne School of Engineering","city":"Goldsboro"},{"name":"Weddington High","city":"Matthews"},{"name":"Weldon STEM High School Career Academies","city":"Weldon"},{"name":"West Bladen High","city":"Bladenboro"},{"name":"West Brunswick High","city":"Shallotte"},{"name":"West Cabarrus High","city":"Concord"},{"name":"West Caldwell High","city":"Lenoir"},{"name":"West Carteret High","city":"Morehead City"},{"name":"West Charlotte High School","city":"Charlotte"},{"name":"West Columbus High","city":"Cerro Gordo"},{"name":"West Craven High","city":"Vanceboro"},{"name":"West Davidson High","city":"Lexington"},{"name":"West Forsyth High","city":"Clemmons"},{"name":"West Henderson High","city":"Hendersonville"},{"name":"West Iredell High","city":"Statesville"},{"name":"West Johnston High","city":"Benson"},{"name":"West Lincoln High","city":"Lincolnton"},{"name":"West Mecklenburg High School","city":"Charlotte"},{"name":"West Rowan High","city":"Mount Ulla"},{"name":"West Stanly High","city":"Oakboro"},{"name":"West Stokes High School","city":"King"},{"name":"West Wilkes High School","city":"Millers Creek"},{"name":"Western Alamance High","city":"Elon"},{"name":"Western Guilford High","city":"Greensboro"},{"name":"Western Harnett High","city":"Lillington"},{"name":"Westover High","city":"Fayetteville"},{"name":"Wheatmore High School","city":"Trinity"},{"name":"White Oak High","city":"Jacksonville"},{"name":"Whiteville High","city":"Whiteville"},{"name":"Wilkes Central High School","city":"Wilkesboro"},{"name":"Wilkes Early College High School","city":"Wilkesboro"},{"name":"William Amos Hough High","city":"Cornelius"},{"name":"Williams Secondary Montessori","city":"Charlotte"},{"name":"Wilmington Early College High","city":"Castle Hayne"},{"name":"Wilson Academy of Applied Technology","city":"Wilson"},{"name":"Wilson Early College Academy","city":"Wilson"},{"name":"Winston-Salem Preparatory Acad","city":"Winston-Salem"},{"name":"Yadkin Early College","city":"Yadkinville"},{"name":"Yadkin Valley Regional Career Academy","city":"Lexington"}]