[{"name":"Alexander High School","city":"Alexander"},{"name":"Ashley High School","city":"Ashley"},{"name":"Barnes County North High School","city":"Wimbledon"},{"name":"Beach High School","city":"Beach"},{"name":"Belfield High School","city":"Belfield"},{"name":"Berthold High School","city":"Berthold"},{"name":"Beulah High School","city":"Beulah"},{"name":"Bismarck High School","city":"Bismarck"},{"name":"Bismarck High Virtual Academy","city":"Bismarck"},{"name":"Bottineau Junior-senior High School","city":"Bottineau"},{"name":"Bowbells High School","city":"Bowbells"},{"name":"Bowman Co High School","city":"Bowman"},{"name":"Brave Center Academy","city":"Mandan"},{"name":"Burke Central High School","city":"Lignite"},{"name":"Carrington High School","city":"Carrington"},{"name":"Cavalier High School","city":"Cavalier"},{"name":"Center-stanton High School","city":"Center"},{"name":"Central Cass High School","city":"Casselton"},{"name":"Central High School","city":"Grand Forks"},{"name":"Central Valley High School","city":"Buxton"},{"name":"Century High School","city":"Bismarck"},{"name":"Community Alternative High School","city":"Grand Forks"},{"name":"Dakota High School","city":"Fargo"},{"name":"Dakota Prairie High School","city":"Petersburg"},{"name":"Del Easton Alternative High School","city":"Williston"},{"name":"Des Lacs-burlington High School","city":"Des Lacs"},{"name":"Devils Lake High School","city":"Devils Lake"},{"name":"Dickinson High School","city":"Dickinson"},{"name":"Divide County High School","city":"Crosby"},{"name":"Drake High School","city":"Drake"},{"name":"Drayton High School","city":"Drayton"},{"name":"Dunseith High School","city":"Dunseith"},{"name":"Edgeley High School","city":"Edgeley"},{"name":"Edmore High School","city":"Edmore"},{"name":"Eight Mile High School","city":"Trenton"},{"name":"Elgin-new Leipzig High School","city":"Elgin"},{"name":"Ellendale High School","city":"Ellendale"},{"name":"Ellendale High Virtual Academy","city":"Ellendale"},{"name":"Enderlin Area High School","city":"Enderlin"},{"name":"Fairmount High School","city":"Fairmount"},{"name":"Fargo 9-12 Virtual Academy","city":"Fargo"},{"name":"Fargo Davies High School","city":"Fargo"},{"name":"Fessenden-bowdon High School","city":"Fessenden"},{"name":"Finley-sharon High School","city":"Finley"},{"name":"Flasher High School","city":"Flasher"},{"name":"Fordville-lankin High School","city":"Fordville"},{"name":"Four Winds Community High School","city":"Fort Totten"},{"name":"Gackle-streeter High School","city":"Gackle"},{"name":"Garrison High School","city":"Garrison"},{"name":"Glen Ullin High School","city":"Glen Ullin"},{"name":"Glenburn High School","city":"Glenburn"},{"name":"Grafton High School","city":"Grafton"},{"name":"Grenora High School","city":"Grenora"},{"name":"Griggs County Central High School","city":"Cooperstown"},{"name":"Hankinson High School","city":"Hankinson"},{"name":"Harvey High School","city":"Harvey"},{"name":"Hatton Eielson High School","city":"Hatton"},{"name":"Hazelton-moffit-braddock High School","city":"Hazelton"},{"name":"Hazen High School","city":"Hazen"},{"name":"Hebron High School","city":"Hebron"},{"name":"Hettinger High School","city":"Hettinger"},{"name":"Hillsboro High School","city":"Hillsboro"},{"name":"Hope Page High School","city":"Hope"},{"name":"Jamestown High School","city":"Jamestown"},{"name":"Kenmare High School","city":"Kenmare"},{"name":"Kensal High School","city":"Kensal"},{"name":"Kidder County High School","city":"Steele"},{"name":"Killdeer High School","city":"Killdeer"},{"name":"Kindred High School","city":"Kindred"},{"name":"Kulm High School","city":"Kulm"},{"name":"Lakota High School","city":"Lakota"},{"name":"Lamoure High School","city":"LaMoure"},{"name":"Langdon Area High School","city":"Langdon"},{"name":"Larimore High School","city":"Larimore"},{"name":"Leeds High School","city":"Leeds"},{"name":"Legacy High School","city":"Bismarck"},{"name":"Lidgerwood High School","city":"Lidgerwood"},{"name":"Linton High School","city":"Linton"},{"name":"Lisbon High School","city":"Lisbon"},{"name":"Litchville-marion High School","city":"Marion"},{"name":"Maddock High School","city":"Maddock"},{"name":"Magic City Campus High School","city":"Minot"},{"name":"Mandan High School","city":"Mandan"},{"name":"Mandan Virtual High School","city":"Mandan"},{"name":"Mandaree High School","city":"Mandaree"},{"name":"Maple Valley High School","city":"Tower City"},{"name":"Marmot School 6-12","city":"Mandan"},{"name":"Max High School","city":"Max"},{"name":"May-port Cg High School","city":"Mayville"},{"name":"Mcclusky High School","city":"McClusky"},{"name":"Medina High School","city":"Medina"},{"name":"Midkota High School","city":"Glenfield"},{"name":"Midway High School","city":"Inkster"},{"name":"Milnor High School","city":"Milnor"},{"name":"Minnewaukan High School","city":"Minnewaukan"},{"name":"Minot Public Schools 9-12 Virtual Academy","city":"Minot"},{"name":"Minto High School","city":"Minto"},{"name":"Mls-mohall High School","city":"Mohall"},{"name":"Montpelier High School","city":"Montpelier"},{"name":"Mott-regent High School","city":"Mott"},{"name":"Mt Pleasant High School","city":"Rolla"},{"name":"Munich High School","city":"Munich"},{"name":"Napoleon High School","city":"Napoleon"},{"name":"Nedrose High School","city":"Minot"},{"name":"New England High School","city":"New England"},{"name":"New Rockford-sheyenne High School","city":"New Rockford"},{"name":"New Salem-almont High School","city":"New Salem"},{"name":"New Town High School","city":"New Town"},{"name":"Newburg-united High School","city":"Newburg"},{"name":"North Border-pembina High School","city":"Pembina"},{"name":"North Border-walhalla High School","city":"Walhalla"},{"name":"North High School","city":"Fargo"},{"name":"North Sargent High School","city":"Gwinner"},{"name":"North Shore Plaza High School","city":"Plaza"},{"name":"North Star High School","city":"Cando"},{"name":"Northern Cass High School","city":"Hunter"},{"name":"Northwood High School","city":"Northwood"},{"name":"Oakes High School","city":"Oakes"},{"name":"Park River Area High School","city":"Park River"},{"name":"Parshall High School","city":"Parshall"},{"name":"Pingree-buchanan High School","city":"Pingree"},{"name":"Powers Lake High School","city":"Powers Lake"},{"name":"Ray High School","city":"Ray"},{"name":"Red River High School","city":"Grand Forks"},{"name":"Richardton-taylor High School","city":"Richardton"},{"name":"Richland Junior-senior High School","city":"Colfax"},{"name":"Rolette High School","city":"Rolette"},{"name":"Roughrider High Virtual Academy","city":"Dickinson"},{"name":"Rugby High School","city":"Rugby"},{"name":"Saint John High School","city":"Saint John"},{"name":"Sargent Central High School","city":"Forman"},{"name":"Sawyer High School","city":"Sawyer"},{"name":"Scranton High School","city":"Scranton"},{"name":"Selfridge High School","city":"Selfridge"},{"name":"Solen High School","city":"Solen"},{"name":"Souris River Campus Alternative High School","city":"Minot"},{"name":"South Central Alternative High School","city":"Bismarck"},{"name":"South Heart High School","city":"South Heart"},{"name":"South Heart High Virtual Academy","city":"South Heart"},{"name":"South High School","city":"Fargo"},{"name":"South Prairie High School","city":"Minot"},{"name":"Southwest Community High School","city":"Dickinson"},{"name":"Stanley High School","city":"Stanley"},{"name":"Starkweather High School","city":"Starkweather"},{"name":"Strasburg High School","city":"Strasburg"},{"name":"Sundale Colony High School","city":"Milnor"},{"name":"Surrey High School","city":"Surrey"},{"name":"Tgu Virtual High School","city":"Towner"},{"name":"Tgu-granville High School","city":"Granville"},{"name":"Tgu-towner High School","city":"Towner"},{"name":"Thompson High School","city":"Thompson"},{"name":"Tioga High School","city":"Tioga"},{"name":"Turtle Lake-mercer High School","city":"Turtle Lake"},{"name":"Turtle Mountain Community High School","city":"Belcourt"},{"name":"Turtle Mountain Virtual High School","city":"Belcourt"},{"name":"Underwood High School","city":"Underwood"},{"name":"Valley City High School","city":"Valley City"},{"name":"Valley-edinburg High School","city":"Edinburg"},{"name":"Velva High School","city":"Velva"},{"name":"Wahpeton High School","city":"Wahpeton"},{"name":"Warwick High School","city":"Warwick"},{"name":"Washburn High School","city":"Washburn"},{"name":"Watford City High School","city":"Watford City"},{"name":"West Fargo High School","city":"West Fargo"},{"name":"West Fargo High Virtual Academy","city":"West Fargo"},{"name":"West Fargo Sheyenne High School","city":"West Fargo"},{"name":"Westhope High School","city":"Westhope"},{"name":"White Shield High School","city":"White Shield"},{"name":"Williston High School","city":"Williston"},{"name":"Wilton High School","city":"Wilton"},{"name":"Wing High School","city":"Wing"},{"name":"Wishek High School","city":"Wishek"},{"name":"Wolves Center Academy","city":"Watford City"},{"name":"Wyndmere High School","city":"Wyndmere"},{"name":"Zeeland High School","city":"Zeeland"}]