[{"name":"Adams Central Jr-sr High Sch","city":"Hastings"},{"name":"Ainsworth High School","city":"Ainsworth"},{"name":"Allen High School","city":"Allen"},{"name":"Alliance High School","city":"Alliance"},{"name":"Alma High School","city":"Alma"},{"name":"Amherst High School","city":"Amherst"},{"name":"Anselmo-merna High School","city":"Merna"},{"name":"Ansley High School","city":"Ansley"},{"name":"Arapahoe High School","city":"Arapahoe"},{"name":"Arcadia High School","city":"Arcadia"},{"name":"Arlington High School","city":"Arlington"},{"name":"Arnold High School","city":"Arnold"},{"name":"Arthur County High School","city":"Arthur"},{"name":"Ashland-greenwood High School","city":"Ashland"},{"name":"Auburn High School","city":"Auburn"},{"name":"Aurora High School","city":"Aurora"},{"name":"Axtell High School","city":"Axtell"},{"name":"Bancroft-rosalie Jr/sr High School","city":"Bancroft"},{"name":"Banner County High School","city":"Harrisburg"},{"name":"Battle Creek High School","city":"Battle Creek"},{"name":"Bayard Secondary School","city":"Bayard"},{"name":"Beatrice High School","city":"Beatrice"},{"name":"Bellevue East Sr High School","city":"Bellevue"},{"name":"Bellevue West Sr High School","city":"Bellevue"},{"name":"Bennington High School","city":"Bennington"},{"name":"Benson High School","city":"Omaha"},{"name":"Bertrand High School","city":"Bertrand"},{"name":"Blair High School","city":"Blair"},{"name":"Bloomfield Jr-sr High School","city":"Bloomfield"},{"name":"Blue Hill High School","city":"Blue Hill"},{"name":"Boone Central High School","city":"Albion"},{"name":"Boyd County High School (spencer)","city":"Spencer"},{"name":"Brady High School","city":"Brady"},{"name":"Bridgeport High School","city":"Bridgeport"},{"name":"Broken Bow High School","city":"Broken Bow"},{"name":"Bruning-davenport High School","city":"Bruning"},{"name":"Bryan High School","city":"Omaha"},{"name":"Burke High School","city":"Omaha"},{"name":"Burwell Jr-sr High School","city":"Burwell"},{"name":"Callaway High School","city":"Callaway"},{"name":"Cambridge High School","city":"Cambridge"},{"name":"Cedar Bluffs Secondary School","city":"Cedar Bluffs"},{"name":"Centennial Jr-sr High School","city":"Utica"},{"name":"Central City High School","city":"Central City"},{"name":"Central High School","city":"Omaha"},{"name":"Central Valley High School","city":"Greeley"},{"name":"Centura Secondary School","city":"Cairo"},{"name":"Chadron Senior High School","city":"Chadron"},{"name":"Chambers High School","city":"Chambers"},{"name":"Chase County High School","city":"Imperial"},{"name":"Clarkson Jr-sr High School","city":"Clarkson"},{"name":"Cody-kilgore High School","city":"Cody"},{"name":"Columbus High School","city":"Columbus"},{"name":"Conestoga Jr/sr High School","city":"Murray"},{"name":"Cozad High School","city":"Cozad"},{"name":"Crawford High School","city":"Crawford"},{"name":"Creek Valley High School","city":"Chappell"},{"name":"Creighton Community High Sch","city":"Creighton"},{"name":"Crete High School","city":"Crete"},{"name":"Crofton High School","city":"Crofton"},{"name":"Cross County High School","city":"Stromsburg"},{"name":"David City Secondary School","city":"David City"},{"name":"Deshler High School","city":"Deshler"},{"name":"Diller-odell Secondary School","city":"Odell"},{"name":"Doniphan-trumbull Secondary","city":"Doniphan"},{"name":"Dorchester High School","city":"Dorchester"},{"name":"Douglas Co West High School","city":"Valley"},{"name":"Dundy Co Stratton High School","city":"Benkelman"},{"name":"Elba Secondary School","city":"Elba"},{"name":"Elgin High School","city":"Elgin"},{"name":"Elkhorn High School","city":"Elkhorn"},{"name":"Elkhorn North High School","city":"Omaha"},{"name":"Elkhorn South High School","city":"Omaha"},{"name":"Elkhorn Valley High School","city":"Tilden"},{"name":"Elm Creek High School","city":"Elm Creek"},{"name":"Elmwood-murdock Jr/sr High Sch","city":"Murdock"},{"name":"Elwood High School","city":"Elwood"},{"name":"Emerson-hubbard High School","city":"Emerson"},{"name":"Eustis-farnam High School","city":"Eustis"},{"name":"Exeter-milligan High School","city":"Exeter"},{"name":"Fairbury Jr-sr High School","city":"Fairbury"},{"name":"Falls City Senior High","city":"Falls City"},{"name":"Fillmore Central High School","city":"Geneva"},{"name":"Fort Calhoun Jr-sr High School","city":"Fort Calhoun"},{"name":"Franklin High School","city":"Franklin"},{"name":"Freeman High School","city":"Adams"},{"name":"Fremont Senior High School","city":"Fremont"},{"name":"Friend High Schools","city":"Friend"},{"name":"Fullerton High School","city":"Fullerton"},{"name":"Garden County Junior/senior High School","city":"Oshkosh"},{"name":"Gering High School","city":"Gering"},{"name":"Gibbon High School","city":"Gibbon"},{"name":"Giltner High School","city":"Giltner"},{"name":"Gordon-rushville High School","city":"Gordon"},{"name":"Gothenburg Secondary School","city":"Gothenburg"},{"name":"Grand Island Senior High School","city":"Grand Island"},{"name":"Gretna High School","city":"Gretna"},{"name":"Hampton High School","city":"Hampton"},{"name":"Hartington Newcastle High School","city":"Hartington"},{"name":"Harvard High School","city":"Harvard"},{"name":"Hastings Senior High School","city":"Hastings"},{"name":"Hay Springs High School","city":"Hay Springs"},{"name":"Hayes Center Secondary School","city":"Hayes Center"},{"name":"Heartland Community High Sch","city":"Henderson"},{"name":"Hemingford High School","city":"Hemingford"},{"name":"Hershey High School","city":"Hershey"},{"name":"High Plains Community Jr/sr High School","city":"Polk"},{"name":"High School at Brainard","city":"Brainard"},{"name":"High School at Dunning","city":"Dunning"},{"name":"High School at Johnson","city":"Johnson"},{"name":"High School at Syracuse","city":"Syracuse"},{"name":"High School at Tekamah","city":"Tekamah"},{"name":"Hitchcock Co Jr/sr High School","city":"Trenton"},{"name":"Holdrege High School","city":"Holdrege"},{"name":"Homer High School","city":"Homer"},{"name":"Howells Senior High School","city":"Howells"},{"name":"Htrs High School","city":"Humboldt"},{"name":"Humphrey Jr-sr High School","city":"Humphrey"},{"name":"Hyannis High School","city":"Hyannis"},{"name":"Isanti High School","city":"Niobrara"},{"name":"Johnson Co Central High School","city":"Tecumseh"},{"name":"Jr-sr High School at Palmyra","city":"Palmyra"},{"name":"Junior-senior High at Sumner","city":"Sumner"},{"name":"Kearney High School","city":"Kearney"},{"name":"Kenesaw Secondary School","city":"Kenesaw"},{"name":"Keya Paha County High School","city":"Springview"},{"name":"Kimball Jr/sr High School","city":"Kimball"},{"name":"Lakeview High School","city":"Columbus"},{"name":"Laurel-concord-coleridge High School","city":"Laurel"},{"name":"Lawrence/nelson High Sch","city":"Nelson"},{"name":"Leigh High School","city":"Leigh"},{"name":"Lewiston High School","city":"Lewiston"},{"name":"Lexington High School","city":"Lexington"},{"name":"Leyton High School","city":"Dalton"},{"name":"Lincoln East High School","city":"Lincoln"},{"name":"Lincoln High School","city":"Lincoln"},{"name":"Lincoln Northeast High School","city":"Lincoln"},{"name":"Lincoln Southeast High School","city":"Lincoln"},{"name":"Litchfield High School","city":"Litchfield"},{"name":"Logan View Jr/sr High School","city":"Hooper"},{"name":"Loomis Secondary School","city":"Loomis"},{"name":"Louisville High School","city":"Louisville"},{"name":"Loup City High School","city":"Loup City"},{"name":"Loup County High School","city":"Taylor"},{"name":"Madison High School","city":"Madison"},{"name":"Malcolm Jr/sr High School","city":"Malcolm"},{"name":"Maxwell High School","city":"Maxwell"},{"name":"Maywood High School","city":"Maywood"},{"name":"Mc Cook Senior High School","city":"Mc Cook"},{"name":"Mc Pherson County Secondary School","city":"Tryon"},{"name":"Mccool Junction Jr-sr High Sch","city":"Mccool Junction"},{"name":"Mead High School","city":"Mead"},{"name":"Medicine Valley Jr-sr High School","city":"Curtis"},{"name":"Meridian High School","city":"Daykin"},{"name":"Milford High School","city":"Milford"},{"name":"Millard North High School","city":"Omaha"},{"name":"Millard South High School","city":"Omaha"},{"name":"Millard West High School","city":"Omaha"},{"name":"Minatare High School","city":"Minatare"},{"name":"Minden High School","city":"Minden"},{"name":"Mitchell Secondary School","city":"Mitchell"},{"name":"Morrill High School","city":"Morrill"},{"name":"Mullen High School","city":"Mullen"},{"name":"Ncyf Community High School","city":"Omaha"},{"name":"Nebraska City High School","city":"Nebraska City"},{"name":"Neligh-oakdale High School","city":"Neligh"},{"name":"Newman Grove High School","city":"Newman Grove"},{"name":"Niobrara Secondary School","city":"Niobrara"},{"name":"Norfolk Senior High School","city":"Norfolk"},{"name":"Norris High School","city":"Firth"},{"name":"North Bend Central High School","city":"North Bend"},{"name":"North High School","city":"Omaha"},{"name":"North Platte High School","city":"North Platte"},{"name":"North Star High School","city":"Lincoln"},{"name":"Northeast Secondary School","city":"Lyons"},{"name":"Northwest High School","city":"Grand Island"},{"name":"Northwest High School","city":"Omaha"},{"name":"O'neill High School","city":"O'neill"},{"name":"Oakland Craig Junior-senior High","city":"Oakland"},{"name":"Ogallala High School","city":"Ogallala"},{"name":"Ord Jr-sr High School","city":"Ord"},{"name":"Osceola High School","city":"Osceola"},{"name":"Osmond High School","city":"Osmond"},{"name":"Overton High School","city":"Overton"},{"name":"Palmer Junior-senior High","city":"Palmer"},{"name":"Papillion La Vista Senior High","city":"Papillion"},{"name":"Papillion La Vista South Hs","city":"Papillion"},{"name":"Pawnee City Secondary School","city":"Pawnee City"},{"name":"Paxton High School","city":"Paxton"},{"name":"Pender High School","city":"Pender"},{"name":"Perkins County Junior- Senior High School","city":"Grant"},{"name":"Pierce Jr/sr High School","city":"Pierce"},{"name":"Pine Ridge Job Corps","city":"Chadron"},{"name":"Plainview Secondary School","city":"Plainview"},{"name":"Platteview Senior High School","city":"Springfield"},{"name":"Plattsmouth High School","city":"Plattsmouth"},{"name":"Pleasanton High School","city":"Pleasanton"},{"name":"Ponca High School","city":"Ponca"},{"name":"Potter-dix Jr/sr High School","city":"Potter"},{"name":"Ralston High School","city":"Ralston"},{"name":"Randolph High School","city":"Randolph"},{"name":"Ravenna Senior High","city":"Ravenna"},{"name":"Red Cloud High School","city":"Red Cloud"},{"name":"Riverside High School","city":"Cedar Rapids"},{"name":"Rock County High School","city":"Bassett"},{"name":"Sandy Creek High School","city":"Fairfield"},{"name":"Sargent High School","city":"Sargent"},{"name":"Schuyler Central High School","city":"Schuyler"},{"name":"Scottsbluff Senior High School","city":"Scottsbluff"},{"name":"Scribner-snyder Secondary Sch","city":"Scribner"},{"name":"Secondary Sch at Raymond","city":"Raymond"},{"name":"Seward High School","city":"Seward"},{"name":"Shelby - Rising City High School","city":"Shelby"},{"name":"Shelton High School","city":"Shelton"},{"name":"Shickley High School","city":"Shickley"},{"name":"Sidney High School","city":"Sidney"},{"name":"Silver Lake High School","city":"Roseland"},{"name":"Sioux County High School","city":"Harrison"},{"name":"South High School","city":"Omaha"},{"name":"South Platte High School","city":"Big Springs"},{"name":"South Sioux High School","city":"So Sioux City"},{"name":"Southern Jr-sr High School","city":"Wymore"},{"name":"Southern Valley Jr/sr High","city":"Oxford"},{"name":"Southwest High School","city":"Lincoln"},{"name":"Southwest Jr/sr High School","city":"Bartley"},{"name":"St Edward High School","city":"St Edward"},{"name":"St Paul Jr/sr High School","city":"St Paul"},{"name":"Stanton High School","city":"Stanton"},{"name":"Stapleton High School","city":"Stapleton"},{"name":"Sterling High School","city":"Sterling"},{"name":"Stuart High School","city":"Stuart"},{"name":"Summerland High School","city":"Ewing"},{"name":"Superior Sr High School","city":"Superior"},{"name":"Sutherland High School","city":"Sutherland"},{"name":"Sutton Secondary School","city":"Sutton"},{"name":"Thayer Central High School","city":"Hebron"},{"name":"Thedford High School","city":"Thedford"},{"name":"Tri County Jr-sr High School","city":"Dewitt"},{"name":"Twin River Sr High School","city":"Genoa"},{"name":"Umo N Ho N Nation High School","city":"Macy"},{"name":"University of Nebraska High School","city":"Lincoln"},{"name":"Valentine High School","city":"Valentine"},{"name":"Verdigre High School","city":"Verdigre"},{"name":"Wahoo High School","city":"Wahoo"},{"name":"Wakefield High School","city":"Wakefield"},{"name":"Wallace High School","city":"Wallace"},{"name":"Walthill High School","city":"Walthill"},{"name":"Wauneta-palisade High School","city":"Wauneta"},{"name":"Wausa High School","city":"Wausa"},{"name":"Waverly High School","city":"Waverly"},{"name":"Wayne High School","city":"Wayne"},{"name":"Weeping Water High School","city":"Weeping Water"},{"name":"West Holt High School","city":"Atkinson"},{"name":"West Kearney High School","city":"Kearney"},{"name":"West Point-beemer High School","city":"West Point"},{"name":"Westside High School","city":"Omaha"},{"name":"Wheeler Central High","city":"Bartlett"},{"name":"Wilber-clatonia High School","city":"Wilber"},{"name":"Wilcox-hildreth Jr/sr High School","city":"Wilcox"},{"name":"Winnebago High School","city":"Winnebago"},{"name":"Winside High School","city":"Winside"},{"name":"Wisner-pilger High School","city":"Wisner"},{"name":"Wood River Rural High School","city":"Wood River"},{"name":"Wynot High School","city":"Wynot"},{"name":"York High School","city":"York"},{"name":"Yutan High School","city":"Yutan"}]