[{"name":"Academy for Science and Design Charter (H)","city":"Nashua"},{"name":"Alvirne High School","city":"Hudson"},{"name":"Arts Academy of New Hampshire Chartered Public High School","city":"Salem"},{"name":"Bedford High School","city":"Bedford"},{"name":"Belmont High School","city":"Belmont"},{"name":"Berlin Senior High School","city":"Berlin"},{"name":"Bow High School","city":"Bow"},{"name":"Bud Carlson Academy","city":"Rochester"},{"name":"Campbell High School","city":"Litchfield"},{"name":"Coe-Brown Northwood Academy","city":"Northwood"},{"name":"Colebrook Academy and Elementary School (H)","city":"Colebrook"},{"name":"Compass Classical Academy Charter School (H)","city":"Franklin"},{"name":"Conant High School","city":"Jaffrey"},{"name":"Concord High School","city":"Concord"},{"name":"Conval Regional High School","city":"Peterborough"},{"name":"CSI Charter School","city":"Penacook"},{"name":"Dover Senior High School","city":"Dover"},{"name":"Epping High School","city":"Epping"},{"name":"Exeter High School","city":"Exeter"},{"name":"Fall Mountain Regional High School","city":"Langdon"},{"name":"Farmington Senior High School","city":"Farmington"},{"name":"Franklin High School","city":"Franklin"},{"name":"Gathering Waters Charter School (H)","city":"Keene"},{"name":"Gilford High School","city":"Gilford"},{"name":"Goffstown High School","city":"Goffstown"},{"name":"Gorham High School","city":"Gorham"},{"name":"Great Bay Charter School (H)","city":"Exeter"},{"name":"Groveton High School","city":"Groveton"},{"name":"Hanover High School","city":"Hanover"},{"name":"Hillsboro-Deering High School","city":"Hillsborough"},{"name":"Hinsdale High School","city":"Hinsdale"},{"name":"Hollis-Brookline High School","city":"Hollis"},{"name":"Hopkinton High School","city":"Contoocook"},{"name":"Inter-Lakes High School","city":"Meredith"},{"name":"John Stark Regional High School","city":"Weare"},{"name":"Kearsarge Regional High School","city":"North Sutton"},{"name":"Keene High School","city":"Keene"},{"name":"Kennett High School","city":"North Conway"},{"name":"Kingswood Regional High School","city":"Wolfeboro"},{"name":"Kreiva Academy Public Charter School (H)","city":"Manchester"},{"name":"Laconia High School","city":"Laconia"},{"name":"LEAF Charter School","city":"Alstead"},{"name":"Lebanon High School","city":"Lebanon"},{"name":"Ledyard Charter School","city":"Lebanon"},{"name":"Lin-Wood Public School (High)","city":"Lincoln"},{"name":"Lisbon Regional School (High)","city":"Lisbon"},{"name":"Littleton High School","city":"Littleton"},{"name":"Londonderry Senior High School","city":"Londonderry"},{"name":"Making Community Connections Charter School - Monadnock","city":"Keene"},{"name":"Manchester Central High School","city":"Manchester"},{"name":"Manchester Memorial High School","city":"Manchester"},{"name":"Manchester School of Technology (High School)","city":"Manchester"},{"name":"Manchester West High School","city":"Manchester"},{"name":"Mascenic Regional High School","city":"New Ipswich"},{"name":"Mascoma Valley Regional High School","city":"Canaan"},{"name":"Merrimack High School","city":"Merrimack"},{"name":"Merrimack Valley High School","city":"Penacook"},{"name":"Milford High School","city":"Milford"},{"name":"Monadnock Regional High School","city":"E. Swanzey"},{"name":"Moultonborough Academy","city":"Moultonborough"},{"name":"Nashua High School North","city":"Nashua"},{"name":"Nashua High School South","city":"Nashua"},{"name":"Newfound Regional High School","city":"Bristol"},{"name":"Newmarket Jr.-Sr. High School","city":"Newmarket"},{"name":"Newport Middle High School (High)","city":"Newport"},{"name":"Next Charter School","city":"Derry"},{"name":"North Country Charter Academy (H)","city":"Littleton"},{"name":"Nute High School","city":"Milton"},{"name":"Oyster River High School","city":"Durham"},{"name":"Pelham High School","city":"Pelham"},{"name":"Pembroke Academy","city":"Pembroke"},{"name":"Pinkerton Academy","city":"Derry"},{"name":"Pittsburg School (High)","city":"Pittsburg"},{"name":"Pittsfield High School","city":"Pittsfield"},{"name":"Plymouth Regional High School","city":"Plymouth"},{"name":"Portsmouth High School","city":"Portsmouth"},{"name":"Profile Senior High School","city":"Bethlehem"},{"name":"Prospect Mountain High School","city":"Alton"},{"name":"Raymond High School","city":"Raymond"},{"name":"Salem High School","city":"Salem"},{"name":"Sanborn Regional High School","city":"Kingston"},{"name":"Somersworth High School","city":"Somersworth"},{"name":"Souhegan Coop High School","city":"Amherst"},{"name":"Spark Academy of Advanced Technologies Charter School","city":"Manchester"},{"name":"Spaulding High School","city":"Rochester"},{"name":"Stevens High School","city":"Claremont"},{"name":"Sunapee Sr. High School","city":"Sunapee"},{"name":"The Founders Academy Charter School (H)","city":"Manchester"},{"name":"Timberlane Regional High School","city":"Plaistow"},{"name":"Virtual Learning Academy (H)","city":"Exeter"},{"name":"White Mountains Regional High School","city":"Whitefield"},{"name":"Wilton-Lyndeboro Senior High School","city":"Wilton"},{"name":"Windham High School","city":"Windham"},{"name":"Winnacunnet High School","city":"Hampton"},{"name":"Winnisquam Regional High School","city":"Tilton"},{"name":"Woodsville High School","city":"Woodsville"}]