[{"name":"1st Cerebral Palsy of Nj","city":"Belleville","type":"private"},{"name":"Abraham Clark High School","city":"Roselle","type":"public"},{"name":"Absegami High School","city":"Galloway","type":"public"},{"name":"Abundant Life Academy","city":"Nutley","type":"private"},{"name":"Academy Charter High School","city":"Lake Como","type":"public"},{"name":"Academy for Urban Leadership Charter School","city":"Perth Amboy","type":"public"},{"name":"Academy of Greatness and Excellence","city":"Ridgefield","type":"private"},{"name":"Academy of Saint Elizabeth","city":"Convent Station","type":"private"},{"name":"Academy of the Holy Angels","city":"Demarest","type":"private"},{"name":"Aderes Bais Yaakov","city":"Lakewood","type":"private"},{"name":"Admiral William F. Halsey Jr. Health & Public Safety Academy","city":"Elizabeth","type":"public"},{"name":"Al-ghazaly Jr./sr. High School","city":"Wayne","type":"private"},{"name":"Alexander Hamilton Preparatory Academy","city":"Elizabeth","type":"public"},{"name":"Alif Muhammad Wia School","city":"Newark","type":"private"},{"name":"Allentown High School","city":"Allentown","type":"public"},{"name":"Alpha School","city":"Jackson","type":"private"},{"name":"Alpine Learning Group","city":"Paramus","type":"private"},{"name":"Alternative High School","city":"Cherry Hill","type":"public"},{"name":"American Christian School","city":"Succasunna","type":"private"},{"name":"American Christian School North Campus","city":"Wharton","type":"private"},{"name":"American History High School","city":"Newark","type":"public"},{"name":"An-noor Academy","city":"Piscataway","type":"private"},{"name":"Arthur L. Johnson High School","city":"Clark","type":"public"},{"name":"Arthur P. Schalick High School","city":"Pittsgrove","type":"public"},{"name":"Arts High School","city":"Newark","type":"public"},{"name":"Asbury Park High School","city":"Asbury Park","type":"public"},{"name":"Atlantic Christian School","city":"Egg Harbor Township","type":"private"},{"name":"Atlantic City High School","city":"Atlantic City","type":"public"},{"name":"Audubon Junior/Senior High School","city":"Audubon","type":"public"},{"name":"B.e.s.t. Academy","city":"Camden","type":"private"},{"name":"Bais Kaila Torah Preparatory High School for Girls","city":"Lakewood","type":"private"},{"name":"Bais Leah High School","city":"Howell","type":"private"},{"name":"Bais Yaakov High School of Lakewood","city":"Lakewood","type":"private"},{"name":"Bais Yaakov Machon Ora","city":"Passaic","type":"private"},{"name":"Banyan Upper School","city":"Little Falls","type":"private"},{"name":"Bard Early College High School","city":"Newark","type":"public"},{"name":"Barnegat High School","city":"Barnegat","type":"public"},{"name":"Barnstable Academy","city":"Oakland","type":"private"},{"name":"Barringer High School","city":"Newark","type":"public"},{"name":"Bayonne Alternative High School","city":"Bayonne","type":"public"},{"name":"Bayonne High School","city":"Bayonne","type":"public"},{"name":"Belleville High School","city":"Belleville","type":"public"},{"name":"Belvidere High School","city":"Belvidere","type":"public"},{"name":"Bergen Catholic High School","city":"Oradell","type":"private"},{"name":"Bergenfield High School","city":"Bergenfield","type":"public"},{"name":"Bernards High School","city":"Bernardsville","type":"public"},{"name":"Bethany Baptist Christian School","city":"Deptford","type":"private"},{"name":"Blair Academy","city":"Blairstown","type":"private"},{"name":"Bloomfield High School","city":"Bloomfield","type":"public"},{"name":"Bnot Yisrael Elementary & High School","city":"Lakewood","type":"private"},{"name":"Bogota Jr./Sr. High School","city":"Bogota","type":"public"},{"name":"Bonnie Brae School","city":"Liberty Corner","type":"private"},{"name":"Boonton High School","city":"Boonton","type":"public"},{"name":"Bordentown Regional High School","city":"Bordentown","type":"public"},{"name":"Bound Brook High School","city":"Bound Brook","type":"public"},{"name":"Brick Township High School","city":"Brick Town","type":"public"},{"name":"Brick Township Memorial High School","city":"Brick","type":"public"},{"name":"Bridgeton High School","city":"Bridgeton","type":"public"},{"name":"Bridgewater-Raritan High School","city":"Bridgewater","type":"public"},{"name":"Broadstep Academy","city":"Sparta","type":"private"},{"name":"Brookfield Academy","city":"Cherry Hill","type":"private"},{"name":"Bruriah High School for Girls","city":"Elizabeth","type":"private"},{"name":"Buena Regional High School","city":"Buena","type":"public"},{"name":"Burlington City High School","city":"Burlington","type":"public"},{"name":"Burlington Township High School","city":"Burlington","type":"public"},{"name":"Butler High School","city":"Butler","type":"public"},{"name":"Calvary Christian School","city":"Old Bridge","type":"private"},{"name":"Cambridge School","city":"Pennington","type":"private"},{"name":"Camden Big Picture Learning Academy","city":"Camden","type":"public"},{"name":"Camden High School","city":"Camden","type":"public"},{"name":"Carteret High School","city":"Carteret","type":"public"},{"name":"Cedar Creek High School","city":"Egg Harbor City","type":"public"},{"name":"Cedar Grove High School","city":"Cedar Grove","type":"public"},{"name":"Center for Education","city":"Marlton","type":"private"},{"name":"Central High School","city":"Newark","type":"public"},{"name":"Central Regional High School","city":"Bayville","type":"public"},{"name":"Chancellor Academy","city":"Pompton Plains","type":"private"},{"name":"Chartertech High School for the Performing Arts","city":"Somers Point","type":"public"},{"name":"Chatham High School","city":"Chatham","type":"public"},{"name":"Chedvas Bais Yaakov High School","city":"Lakewood","type":"private"},{"name":"Cherokee High School","city":"Marlton","type":"public"},{"name":"Cherry Hill High School East","city":"Cherry Hill","type":"public"},{"name":"Cherry Hill High School West","city":"Cherry Hill","type":"public"},{"name":"Childrens Center of Monmouth County","city":"Neptune","type":"private"},{"name":"Christian Brothers Academy","city":"Lincroft","type":"private"},{"name":"Cicely L. Tyson Community Middle/High School","city":"East Orange","type":"public"},{"name":"Cinnaminson High School","city":"Cinnaminson","type":"public"},{"name":"Clayton High School","city":"Clayton","type":"public"},{"name":"Clearview Regional High School","city":"Mullica Hill","type":"public"},{"name":"Cliffside Park High School","city":"Cliffside Park","type":"public"},{"name":"Clifton High School","city":"Clifton","type":"public"},{"name":"Coastal Learning Center - Monmouth","city":"Howell","type":"private"},{"name":"Coastal Learning Center Atlantic","city":"Northfield","type":"private"},{"name":"Collegiate School","city":"Passaic","type":"private"},{"name":"Collier School","city":"Wickatunk","type":"private"},{"name":"Collingswood High School","city":"Collingswood","type":"public"},{"name":"Colonia High School","city":"Colonia","type":"public"},{"name":"Colts Neck High School","city":"Colts Neck","type":"public"},{"name":"Columbia High School","city":"Maplewood","type":"public"},{"name":"Cong. Mikor Hatorah","city":"Lakewood","type":"private"},{"name":"Congregation Yeshiva Yesodei","city":"Lakewood","type":"private"},{"name":"Cornerstone Day School","city":"Cranford","type":"private"},{"name":"Craig School, High School","city":"Montville","type":"private"},{"name":"Cranford High School","city":"Cranford","type":"public"},{"name":"Creative Arts High School","city":"Camden","type":"public"},{"name":"Cresskill High School","city":"Cresskill","type":"public"},{"name":"Ctc","city":"Oakland","type":"private"},{"name":"Cumberland Regional High School","city":"Bridgeton","type":"public"},{"name":"Darul Arqam School","city":"South River","type":"private"},{"name":"David Brearley Middle/High School","city":"Kenilworth","type":"public"},{"name":"David Gregory School","city":"Paramus","type":"private"},{"name":"Daylight/Twilight High School","city":"Trenton","type":"public"},{"name":"De Paul Catholic High School","city":"Wayne","type":"private"},{"name":"Delaware Valley Regional High School","city":"Frenchtown","type":"public"},{"name":"Delaware Valley School for Exceptional Children","city":"Hamilton","type":"private"},{"name":"Delbarton School","city":"Morristown","type":"private"},{"name":"Delran High School","city":"Delran","type":"public"},{"name":"Delsea Regional High School","city":"Franklinville","type":"public"},{"name":"Deptford Township High School","city":"Deptford","type":"public"},{"name":"Doane Academy","city":"Burlington","type":"private"},{"name":"Don Bosco Preparatory High School","city":"Ramsey","type":"private"},{"name":"Donovan Catholic High School","city":"Toms River","type":"private"},{"name":"Dover High School","city":"Dover","type":"public"},{"name":"Dr Ronald McNair High School","city":"Jersey City","type":"public"},{"name":"Dr. Charles E. Brimm Medical Arts High School","city":"Camden","type":"public"},{"name":"Dumont High School","city":"Dumont","type":"public"},{"name":"Dunellen High School","city":"Dunellen","type":"public"},{"name":"Dwight Morrow High School/Academies@Englewood","city":"Englewood","type":"public"},{"name":"Dwight-Englewood School","city":"Englewood","type":"private"},{"name":"Eagle Academy for Young Men of Newark","city":"Newark","type":"public"},{"name":"East Brunswick High School","city":"East Brunswick","type":"public"},{"name":"East Orange Campus High School","city":"East Orange","type":"public"},{"name":"East Orange STEM Academy High School","city":"East Orange","type":"public"},{"name":"East Side High School","city":"Camden","type":"public"},{"name":"East Side High School","city":"Newark","type":"public"},{"name":"Eastern Christian High School","city":"North Haledon","type":"private"},{"name":"Eastern Regional High School","city":"Voorhees","type":"public"},{"name":"Eastside High School","city":"Paterson","type":"public"},{"name":"Edison High School","city":"Edison","type":"public"},{"name":"Egg Harbor Township High School","city":"Egg Harbor Township","type":"public"},{"name":"Elizabeth High School - Frank J Cicarell Academy","city":"Elizabeth","type":"public"},{"name":"Emerson Jr Sr High","city":"Emerson","type":"public"},{"name":"Epic School","city":"Paramus Borough","type":"private"},{"name":"Essex Valley School","city":"West Caldwell","type":"private"},{"name":"Ewing High School","city":"Ewing","type":"public"},{"name":"Fair Lawn High School","city":"Fair Lawn","type":"public"},{"name":"Fairton Christian Center","city":"Fairton","type":"private"},{"name":"Families United Network Academy","city":"Ocean View","type":"private"},{"name":"Fedcap - 4t","city":"West Orange","type":"private"},{"name":"First Children School","city":"Fanwood","type":"private"},{"name":"Flex School","city":"Berkeley Hts","type":"private"},{"name":"Flexschool","city":"Berkeley Heights","type":"private"},{"name":"Florence Township Memorial High School","city":"Burlington","type":"public"},{"name":"Fort Lee High School","city":"Fort Lee","type":"public"},{"name":"Foxman Torah Institute","city":"Cherry Hill","type":"private"},{"name":"Franklin High School","city":"Somerset","type":"public"},{"name":"Freehold Borough High School","city":"Freehold","type":"public"},{"name":"Freehold Township High School","city":"Freehold Twp.","type":"public"},{"name":"Fusion Academy","city":"Cherry Hill","type":"private"},{"name":"Fusion Academy - Montclair","city":"Montclair","type":"private"},{"name":"Fusion Academy Englewood","city":"Englewood","type":"private"},{"name":"Fusion Academy Princeton","city":"Princeton","type":"private"},{"name":"Garfield High School","city":"Garfield","type":"public"},{"name":"Garfield Park Academy","city":"Willingboro","type":"private"},{"name":"Gateway Regional High School","city":"Woodbury Hts","type":"public"},{"name":"Gateway School","city":"Carteret","type":"private"},{"name":"Gill St Bernard S School","city":"Gladstone","type":"private"},{"name":"Gill St. Bernard's School","city":"Gladstone","type":"private"},{"name":"Glassboro High School","city":"Glassboro","type":"public"},{"name":"Glen Ridge High School","city":"Glen Ridge","type":"public"},{"name":"Glen Rock High School","city":"Glen Rock","type":"public"},{"name":"Gloucester City High School","city":"Gloucester City","type":"public"},{"name":"Gloucester County Christian School","city":"Sewell","type":"private"},{"name":"Golda Och Academy","city":"West Orange","type":"private"},{"name":"Governor Livingston High School","city":"Berkeley Heights","type":"public"},{"name":"Hackensack High School","city":"Hackensack","type":"public"},{"name":"Hackettstown High School","city":"Hackettstown","type":"public"},{"name":"Haddon Heights Jr./Sr. High School","city":"Haddon Heights","type":"public"},{"name":"Haddon Township High School","city":"Westmont","type":"public"},{"name":"Haddonfield Memorial High School","city":"Haddonfield","type":"public"},{"name":"Hamilton East - Steinert","city":"Hamilton","type":"public"},{"name":"Hamilton North - Nottingham","city":"Hamilton","type":"public"},{"name":"Hamilton West-Watson","city":"Hamilton","type":"public"},{"name":"Hammonton High School","city":"Hammonton","type":"public"},{"name":"Hampton Academy","city":"Lumberton","type":"private"},{"name":"Hanover Park High School","city":"East Hanover","type":"public"},{"name":"Harbor Baptist Academy","city":"Hainesport","type":"private"},{"name":"Harrison High School","city":"Harrison","type":"public"},{"name":"Hasbrouck Heights High School","city":"Hasbrouck Heights","type":"public"},{"name":"Hawthorne Christian Academy","city":"Hawthorne","type":"private"},{"name":"Hawthorne High School","city":"Hawthorne","type":"public"},{"name":"Heichal Hatorah","city":"Teaneck","type":"private"},{"name":"Henry Hudson Regional School","city":"Highlands","type":"public"},{"name":"Henry P. Becton Regional High School","city":"East Rutherford","type":"public"},{"name":"Henry Snyder High School","city":"Jersey City","type":"public"},{"name":"High Point Regional High School District","city":"Sussex","type":"public"},{"name":"Highland Park High School","city":"Highland Park","type":"public"},{"name":"Highland Regional High School","city":"Blackwood","type":"public"},{"name":"Hightstown High School","city":"Hightstown","type":"public"},{"name":"Hillel Yeshiva High School","city":"Ocean","type":"private"},{"name":"Hillel Yeshiva School","city":"Ocean","type":"private"},{"name":"Hillsborough High School","city":"Hillsborough","type":"public"},{"name":"Hillside High School","city":"Hillside","type":"public"},{"name":"Hoboken High School","city":"Hoboken","type":"public"},{"name":"Hollydell School","city":"Sewell","type":"private"},{"name":"Holmdel High School","city":"Holmdel","type":"public"},{"name":"Holmstead School","city":"Ridgewood","type":"private"},{"name":"Holy Cross Preparatory Academy","city":"Delran","type":"private"},{"name":"Honor Ridge Academy","city":"Clark","type":"private"},{"name":"Hopatcong High School","city":"Hopatcong","type":"public"},{"name":"Hopewell Valley Central High School","city":"Pennington","type":"public"},{"name":"Howell High School","city":"Farmingdale","type":"public"},{"name":"Hudson Catholic Regional High School","city":"Jersey City","type":"private"},{"name":"Hunterdon Central Regional High School District","city":"Flemington","type":"public"},{"name":"Hunterdon Preparatory School","city":"Annandale","type":"private"},{"name":"Ilan High School","city":"Ocean","type":"private"},{"name":"Immaculata High School","city":"Somerville","type":"private"},{"name":"Immaculate Conception High School","city":"Lodi","type":"private"},{"name":"Immaculate Conception High School","city":"Montclair","type":"private"},{"name":"Immaculate Heart Academy","city":"Washington Township","type":"private"},{"name":"Inclusive Learning Academy","city":"Butler","type":"private"},{"name":"Indian Hills High School","city":"Oakland","type":"public"},{"name":"Infinity Institute","city":"Jersey City","type":"public"},{"name":"Innovation High School","city":"Jersey City","type":"public"},{"name":"International High School","city":"Paterson","type":"public"},{"name":"Irvington High School","city":"Irvington","type":"public"},{"name":"J. Christian Bollwage Finance Academy","city":"Elizabeth","type":"public"},{"name":"Jackson Liberty High School","city":"Jackson","type":"public"},{"name":"Jackson Memorial High School","city":"Jackson","type":"public"},{"name":"James Caldwell High School","city":"West Caldwell","type":"public"},{"name":"James J Ferris High School","city":"Jersey City","type":"public"},{"name":"Jdt Christian Academy","city":"Pennsauken","type":"private"},{"name":"Jefferson Township High School","city":"Oak Ridge","type":"public"},{"name":"John E. Dwyer Technology Academy","city":"Elizabeth","type":"public"},{"name":"John F. Kennedy High School","city":"Paterson","type":"public"},{"name":"John F. Kennedy Memorial High School","city":"Iselin","type":"public"},{"name":"John P. Stevens High School","city":"Edison","type":"public"},{"name":"Jonathan Dayton High School","city":"Springfield","type":"public"},{"name":"Jose Marti STEM Academy","city":"Union City","type":"public"},{"name":"Joseph Kushner Hebrew Academy Rae Kushner Yeshiva","city":"Livingston","type":"private"},{"name":"K. Johnson D. Vaughan and M. Jackson STEM Academy","city":"Elizabeth","type":"public"},{"name":"Keansburg High School","city":"Keansburg","type":"public"},{"name":"Kearny High School","city":"Kearny","type":"public"},{"name":"Kent Place School","city":"Summit","type":"private"},{"name":"Keyport High School","city":"Keyport","type":"public"},{"name":"Kingsway Learning Center","city":"Voorhees","type":"private"},{"name":"Kingsway Regional High School","city":"Woolwich Twp","type":"public"},{"name":"Kinnelon High School","city":"Kinnelon","type":"public"},{"name":"Kittatinny Regional High School","city":"Newton","type":"public"},{"name":"Knesses Bais Levi","city":"Lakewood","type":"private"},{"name":"Kohler Academy","city":"Mountainside","type":"private"},{"name":"Koinonia Academy","city":"Plainfield","type":"private"},{"name":"Lacey Township High School","city":"Lanoka Harbor","type":"public"},{"name":"Lacordaire Academy","city":"Upper Montclair","type":"private"},{"name":"Lakeland Andover School","city":"Newton","type":"private"},{"name":"Lakeland Regional High School","city":"Wanaque","type":"public"},{"name":"Lakeview Learning Center","city":"Wayne","type":"private"},{"name":"Lakewood High School","city":"Lakewood","type":"public"},{"name":"Larc School","city":"Bellmawr","type":"private"},{"name":"Lawrence High School","city":"Lawrenceville","type":"public"},{"name":"LEAD Charter School","city":"Newark","type":"public"},{"name":"Legacy Treatment Services, Mary A. Dobbins School","city":"Mount Holly","type":"private"},{"name":"Lenape High School","city":"Medford","type":"public"},{"name":"Lenape Valley Regional High School","city":"Stanhope","type":"public"},{"name":"Leonia High School","city":"Leonia","type":"public"},{"name":"Liberty High School","city":"Jersey City","type":"public"},{"name":"Life Center Academy","city":"Burlington","type":"private"},{"name":"Life Mission Training Center","city":"Hammonton","type":"private"},{"name":"Life Point Academy/ Life Point Church","city":"Galloway Twp","type":"private"},{"name":"Lincoln High School","city":"Jersey City","type":"public"},{"name":"Linden High School","city":"Linden","type":"public"},{"name":"Lindenwold High School","city":"Lindenwold","type":"public"},{"name":"Livingston High School","city":"Livingston","type":"public"},{"name":"Lodi High School","city":"Lodi","type":"public"},{"name":"Long Branch High School","city":"Long Branch","type":"public"},{"name":"Lower Cape May Regional High School","city":"Cape May","type":"public"},{"name":"Lyndhurst High School","city":"Lyndhurst","type":"public"},{"name":"Ma'or Yeshiva High School for Boys","city":"Long Branch","type":"private"},{"name":"Maarif School","city":"Wayne","type":"private"},{"name":"Maayanot Yeshiva High School for Girls","city":"Teaneck","type":"private"},{"name":"Madison High School","city":"Madison","type":"public"},{"name":"Mahwah High School","city":"Mahwah","type":"public"},{"name":"Mainland Regional High School","city":"Linwood","type":"public"},{"name":"Malcolm X Shabazz High School","city":"Newark","type":"public"},{"name":"Manalapan High School","city":"Englishtown","type":"public"},{"name":"Manasquan High School","city":"Manasquan","type":"public"},{"name":"Manchester Township High School","city":"Manchester","type":"public"},{"name":"Manville High School","city":"Manville","type":"public"},{"name":"Maple Shade High School","city":"Maple Shade","type":"public"},{"name":"Marlboro High School","city":"Marlboro","type":"public"},{"name":"Mary Help of Christians Academy","city":"North Haledon","type":"private"},{"name":"Matawan Regional High School","city":"Aberdeen","type":"public"},{"name":"Mater Del Prep High School","city":"Middletown","type":"private"},{"name":"Matheny School","city":"Peapack","type":"private"},{"name":"Meadow View Junior Academy","city":"Chesterfield","type":"private"},{"name":"Melamed Academy","city":"East Brunswick","type":"private"},{"name":"Memorial High School","city":"Millville","type":"public"},{"name":"Memorial High School","city":"West New York","type":"public"},{"name":"Memorial Senior High School","city":"Elmwood Park","type":"public"},{"name":"Mesivta Keren Orah","city":"Lakewood","type":"private"},{"name":"Mesivta Ner Moshe","city":"Lakewood","type":"private"},{"name":"Mesivta Nezer Hatorah","city":"Lakewood","type":"private"},{"name":"Mesivta of Central Jersey","city":"Lakewood","type":"private"},{"name":"Mesivta of Clifton","city":"Clifton","type":"private"},{"name":"Mesivta of Eatontown","city":"Lakewood","type":"private"},{"name":"Mesivta of North Jersey","city":"Passaic","type":"private"},{"name":"Mesivta Ohr Chaim Meir","city":"Lakewood","type":"private"},{"name":"Mesivta Torah Temimah of Lakewood","city":"Lakewood","type":"private"},{"name":"Metuchen High School","city":"Metuchen","type":"public"},{"name":"Middle Township High School","city":"Cape May Court House","type":"public"},{"name":"Middlesex High School","city":"Middlesex","type":"public"},{"name":"Middletown High School North","city":"Middletown","type":"public"},{"name":"Middletown High School South","city":"Middletown","type":"public"},{"name":"Midland Park Jr./Sr. High School","city":"Midland Park","type":"public"},{"name":"Miftaahul Uloom Academy","city":"Union City","type":"private"},{"name":"Mikor Hatorah","city":"Lakewood","type":"private"},{"name":"Millburn High School","city":"Millburn","type":"public"},{"name":"Millville Senior High School","city":"Millville","type":"public"},{"name":"Monmouth Regional High School","city":"Tinton Falls","type":"public"},{"name":"Monroe Township High School","city":"Monroe Township","type":"public"},{"name":"Montclair High School","city":"Montclair","type":"public"},{"name":"Montgomery Academy","city":"Basking Ridge","type":"private"},{"name":"Montgomery High School","city":"Skillman","type":"public"},{"name":"Montville Township High School","city":"Montville","type":"public"},{"name":"Moorestown Friends School","city":"Moorestown","type":"private"},{"name":"Moorestown High School","city":"Moorestown","type":"public"},{"name":"Morris Catholic High School","city":"Denville","type":"private"},{"name":"Morris Hills High School","city":"Rockaway","type":"public"},{"name":"Morris Knolls High School","city":"Denville","type":"public"},{"name":"Morristown High School","city":"Morristown","type":"public"},{"name":"Morristown-Beard School","city":"Morristown","type":"private"},{"name":"Mother Seton Regional High School","city":"Clark","type":"private"},{"name":"Mount Carmel Guild Academy","city":"West Orange","type":"private"},{"name":"Mount Olive High School","city":"Flanders","type":"public"},{"name":"Mount Saint Dominic Academy","city":"Caldwell","type":"private"},{"name":"Mountain Lakes High School","city":"Mountain Lakes","type":"public"},{"name":"Naaleh High School for Girls","city":"Fair Lawn","type":"private"},{"name":"Neptune High School","city":"Neptune","type":"public"},{"name":"Netherlands Reformed Christian School","city":"Pompton Plains","type":"private"},{"name":"New Alliance Academy the","city":"Paramus","type":"private"},{"name":"New Beginnings","city":"Fairfield","type":"private"},{"name":"New Brunswick Adult High School","city":"New Brunswick","type":"public"},{"name":"New Brunswick High School","city":"New Brunswick","type":"public"},{"name":"New Egypt High School","city":"New Egypt","type":"public"},{"name":"New Jersey Center for Judaic Stds","city":"Lakewood","type":"private"},{"name":"New Jersey United Christian Academy","city":"Cream Ridge","type":"private"},{"name":"New Milford High School","city":"New Milford","type":"public"},{"name":"New Providence High School","city":"New Providence","type":"public"},{"name":"New Road School of Parlin","city":"Parlin","type":"private"},{"name":"New Road School of Somerset","city":"Somerset","type":"private"},{"name":"Newark Academy","city":"Livingston","type":"private"},{"name":"Newark Vocational High School","city":"Newark","type":"public"},{"name":"Newmark High School","city":"Scotch Plains","type":"private"},{"name":"Newton High School","city":"Newton","type":"public"},{"name":"Noble Leadership Academy","city":"Fair Lawn","type":"private"},{"name":"Noor-ul-iman School","city":"Monmouth Junction","type":"private"},{"name":"North Arlington High School","city":"North Arlington","type":"public"},{"name":"North Bergen High School","city":"N Bergen","type":"public"},{"name":"North Brunswick Township High School","city":"North Brunswick","type":"public"},{"name":"North Hunterdon High School","city":"Annandale","type":"public"},{"name":"North Plainfield High School","city":"North Plainfield","type":"public"},{"name":"North Warren Regional School","city":"Blairstown","type":"public"},{"name":"Northern Burlington County Regional High School","city":"Columbus","type":"public"},{"name":"Northern Highlands Regional High School","city":"Allendale","type":"public"},{"name":"Northern Valley Regional High School at Demarest","city":"Demarest","type":"public"},{"name":"Northern Valley Regional High School at Old Tappan","city":"Old Tappan","type":"public"},{"name":"Nutley High School","city":"Nutley","type":"public"},{"name":"Oak Knoll School of the Holy Child","city":"Summit","type":"private"},{"name":"Oakcrest High School","city":"Mays Landing","type":"public"},{"name":"Oakwood School","city":"Tinton Falls","type":"private"},{"name":"Ocean Academy","city":"Bayville","type":"private"},{"name":"Ocean City High School","city":"Ocean City","type":"public"},{"name":"Ocean County Christian Academy","city":"Toms River","type":"private"},{"name":"Ocean Township High School","city":"Oakhurst","type":"public"},{"name":"Old Bridge High School","city":"Matawan","type":"public"},{"name":"Orange High School","city":"Orange","type":"public"},{"name":"Oratory Preparatory School","city":"Summit","type":"private"},{"name":"Orchard Friends School","city":"Riverton","type":"private"},{"name":"Oros Bais Yakov","city":"Lakewood","type":"private"},{"name":"Our Lady of Mercy Academy","city":"Newfield","type":"private"},{"name":"Overbrook Senior High School","city":"Pine Hill","type":"public"},{"name":"Palisades Park Jr-Sr High School","city":"Palisades Park","type":"public"},{"name":"Palmyra High School","city":"Palmyra","type":"public"},{"name":"Paramus High School","city":"Paramus","type":"public"},{"name":"Park Ridge High School","city":"Park Ridge","type":"public"},{"name":"Parsippany High School","city":"Parsippany","type":"public"},{"name":"Parsippany Hills High School","city":"Morris Plains","type":"public"},{"name":"Pascack Hills High School","city":"Montvale","type":"public"},{"name":"Pascack Valley High School","city":"Hillsdale","type":"public"},{"name":"Passaic Academy for Science and Engineering","city":"Passaic","type":"public"},{"name":"Passaic County-Manchester Regional High School","city":"Haledon","type":"public"},{"name":"Passaic High School No. 12","city":"Passaic","type":"public"},{"name":"Passaic Preparatory Academy","city":"Passaic","type":"public"},{"name":"Passaic Valley Regional High School","city":"Little Falls","type":"public"},{"name":"Paterson P-TECH","city":"Paterson","type":"public"},{"name":"Paterson STEAM High School","city":"Paterson","type":"public"},{"name":"Paul Vi High School","city":"Haddonfield","type":"private"},{"name":"Paulsboro High School","city":"Paulsboro","type":"public"},{"name":"Peddie School","city":"Hightstown","type":"private"},{"name":"Pemberton Township High School","city":"Pemberton","type":"public"},{"name":"Penns Grove High School","city":"Carneys Point","type":"public"},{"name":"Pennsauken High School","city":"Pennsauken","type":"public"},{"name":"Pennsville Memorial High School","city":"Pennsville","type":"public"},{"name":"Peoples Preparatory Charter School","city":"Newark","type":"public"},{"name":"Pequannock Township High School","city":"Pompton Plains","type":"public"},{"name":"Perth Amboy High School","city":"Perth Amboy","type":"public"},{"name":"Phillips Global Institute","city":"Jc","type":"private"},{"name":"Phillipsburg High School","city":"Phillipsburg","type":"public"},{"name":"Pillar High School (former Horizon High School)","city":"Livingston","type":"private"},{"name":"Pineland Learning Center, Inc.","city":"Vineland","type":"private"},{"name":"Pinelands Regional High School","city":"Little Egg Harbor","type":"public"},{"name":"Pioneer Academy","city":"Wayne","type":"private"},{"name":"Piscataway Township High School","city":"Piscataway","type":"public"},{"name":"Pitman High School","city":"Pitman","type":"public"},{"name":"Plainfield Academy  For The Arts & Advanced Studies","city":"Plainfield","type":"public"},{"name":"Plainfield High School","city":"Plainfield","type":"public"},{"name":"Pleasantville High School","city":"Pleasantville","type":"public"},{"name":"Point Pleasant Beach High School","city":"Point Pleasant Beach","type":"public"},{"name":"Point Pleasant Borough High School","city":"Point Pleasant","type":"public"},{"name":"Pompton Lakes High School","city":"Pompton Lakes","type":"public"},{"name":"Pope John Xxiii High School","city":"Sparta","type":"private"},{"name":"Primoris Academy","city":"Westwood","type":"private"},{"name":"Princeton Child Development Institute","city":"Princeton","type":"private"},{"name":"Princeton Day School","city":"Princeton","type":"private"},{"name":"Princeton High School","city":"Princeton","type":"public"},{"name":"Princeton International Schl of Math and Science","city":"Princeton","type":"private"},{"name":"Rahway High School","city":"Rahway","type":"public"},{"name":"Ramapo High School","city":"Franklin Lakes","type":"public"},{"name":"Ramsey High School","city":"Ramsey","type":"public"},{"name":"Rancocas Valley Regional High School","city":"Mount Holly","type":"public"},{"name":"Randolph High School","city":"Randolph","type":"public"},{"name":"Ranney School","city":"Tinton Falls","type":"private"},{"name":"Raritan High School","city":"Hazlet","type":"public"},{"name":"Red Bank Regional High School","city":"Little Silver","type":"public"},{"name":"Ridge High School","city":"Basking Ridge","type":"public"},{"name":"Ridgefield Memorial High School","city":"Ridgefield","type":"public"},{"name":"Ridgefield Park Jr Sr High School","city":"Ridgefield Park","type":"public"},{"name":"Ridgewood High School","city":"Ridgewood","type":"public"},{"name":"Rio Grande Baptist Academy","city":"Rio Grande","type":"private"},{"name":"Rising Star Academy","city":"Union City","type":"private"},{"name":"River Dell Regional High School","city":"Oradell","type":"public"},{"name":"Riverside High School","city":"Riverside","type":"public"},{"name":"Robbinsville High School","city":"Robbinsville","type":"public"},{"name":"Rosa L. Parks School of Fine and Performing Arts","city":"Paterson","type":"public"},{"name":"Roselle Park High School","city":"Roselle Park","type":"public"},{"name":"Roxbury High School","city":"Succasunna","type":"public"},{"name":"Rumson-Fair Haven Regional High School","city":"Rumson","type":"public"},{"name":"Rutgers Preparatory School","city":"Somerset","type":"private"},{"name":"Rutherford High School","city":"Rutherford","type":"public"},{"name":"Saddle Brook Middle/High School","city":"Saddle Brook","type":"public"},{"name":"Sage Day at Rochelle Park","city":"Rochelle Park","type":"private"},{"name":"Sage Day Princeton","city":"Rochelle Park","type":"private"},{"name":"Salem High School","city":"Salem","type":"public"},{"name":"Sawtelle Learning Center","city":"Montclair","type":"private"},{"name":"Sayreville War Memorial High School","city":"Parlin","type":"public"},{"name":"School for Children With Hidden Intelligence","city":"Lakewood","type":"private"},{"name":"Schroth School","city":"Wanamassa","type":"private"},{"name":"Scicore Academy","city":"Hightstown","type":"private"},{"name":"Science Park High School","city":"Newark","type":"public"},{"name":"Scotch Plains-Fanwood High School","city":"Scotch Plains","type":"public"},{"name":"Secaucus High School","city":"Secaucus","type":"public"},{"name":"Sedes Sapeintiae School Inc","city":"Randolph","type":"private"},{"name":"Seneca High School","city":"Tabernacle","type":"public"},{"name":"Sephardic Bet Yaakov","city":"Lakewood","type":"private"},{"name":"Seton Hall Preparatory School","city":"West Orange","type":"private"},{"name":"Shalva High School","city":"Lakewood","type":"private"},{"name":"Shawnee High School","city":"Medford","type":"public"},{"name":"Shepard Preparatory High School","city":"Morristown","type":"private"},{"name":"Shore Regional High School","city":"West Long Branch","type":"public"},{"name":"Somerset Bible Baptist Christian Ac","city":"Somerset","type":"private"},{"name":"Somerset Hills Learning Institute","city":"Bedminster","type":"private"},{"name":"Somerville High School","city":"Somerville","type":"public"},{"name":"South Amboy Middle/High School","city":"South Amboy","type":"public"},{"name":"South Brunswick High School","city":"Monmouth Junction","type":"public"},{"name":"South Hunterdon Regional High School","city":"Lambertville","type":"public"},{"name":"South Plainfield High School","city":"South Plainfield","type":"public"},{"name":"South River High School","city":"South River","type":"public"},{"name":"Southern Regional High School","city":"Manahawkin","type":"public"},{"name":"Sparta High School","city":"Sparta","type":"public"},{"name":"Spotswood High School","city":"Spotswood","type":"public"},{"name":"St Augustine Preparatory School","city":"Richland","type":"private"},{"name":"St Dominic Academy","city":"Jersey City","type":"private"},{"name":"St Joseph High School","city":"Hammonton","type":"private"},{"name":"St Joseph High School","city":"Metuchen","type":"private"},{"name":"St Joseph Regional High School","city":"Montvale","type":"private"},{"name":"St Peters Preparatory School","city":"Jersey City","type":"private"},{"name":"St Rose High School","city":"Belmar","type":"private"},{"name":"St Vincent Academy","city":"Newark","type":"private"},{"name":"STEM Innovation Academy of the Oranges","city":"South Orange","type":"public"},{"name":"Sterling High School","city":"Somerdale","type":"public"},{"name":"Strang School/ranch Hope","city":"Alloway","type":"private"},{"name":"Stuart Country Day School of the Sacred Heart","city":"Princeton","type":"private"},{"name":"Summit High School","city":"Summit","type":"public"},{"name":"Teaneck High School","city":"Teaneck","type":"public"},{"name":"Technology High School","city":"Newark","type":"public"},{"name":"Tenafly High School","city":"Tenafly","type":"public"},{"name":"Tet Christian Academy","city":"Jersey City","type":"private"},{"name":"The Barack Obama Green Charter High School","city":"Plainfield","type":"public"},{"name":"The Calais School","city":"Whippany","type":"private"},{"name":"The Center School","city":"Somerset","type":"private"},{"name":"The Community School Inc.","city":"Teaneck","type":"private"},{"name":"The Craig School","city":"Mountain Lakes","type":"private"},{"name":"The Craig School High School","city":"Montville (morris)","type":"private"},{"name":"The Durand School","city":"Woodbury","type":"private"},{"name":"The Frisch School","city":"Paramus","type":"private"},{"name":"The Hudson School","city":"Hoboken","type":"private"},{"name":"The Hun School of Princeton","city":"Princeton","type":"private"},{"name":"The Idea School","city":"Tenafly","type":"private"},{"name":"The Kings Christian School","city":"Cherry Hill","type":"private"},{"name":"The Lawrenceville School","city":"Lawrenceville","type":"private"},{"name":"The Learning Center for Exceptional Children","city":"Clifton","type":"private"},{"name":"The Montclair Kimberley Academy","city":"Montclair","type":"private"},{"name":"The Morristown Beard School","city":"Morristown","type":"private"},{"name":"The Newgrange School","city":"Pennington","type":"private"},{"name":"The Pennington School","city":"Pennington","type":"private"},{"name":"The Pilgrim Academy","city":"Egg Harbor City","type":"private"},{"name":"The Pingry School","city":"Basking Ridge","type":"private"},{"name":"The Titusville Academy","city":"Titusville","type":"private"},{"name":"The Wardlaw+Hartridge School","city":"Edison","type":"private"},{"name":"Thomas A. Edison Career and Technical Academy","city":"Elizabeth","type":"public"},{"name":"Thomas Jefferson Arts Academy","city":"Elizabeth","type":"public"},{"name":"Tiferes Chaim","city":"Lakewood","type":"private"},{"name":"Timber Creek Regional High School","city":"Erial","type":"public"},{"name":"Timothy Christian School","city":"Piscataway","type":"private"},{"name":"Toms River High School East","city":"Toms River","type":"public"},{"name":"Toms River High School North","city":"Toms River","type":"public"},{"name":"Toms River High School South","city":"Toms River","type":"public"},{"name":"Toras Imecha/bnos Bina-ateres Nechama","city":"Lakewood","type":"private"},{"name":"Trenton Catholic Preparatory Academy-upper","city":"Hamilton","type":"private"},{"name":"Trenton Central High School - Main Campus","city":"Trenton","type":"public"},{"name":"Trenton Stem-to-Civics Charter School","city":"Ewing","type":"public"},{"name":"Trinity Christian School","city":"Montville","type":"private"},{"name":"Trinity Preparatory School Inc.","city":"Voorhees","type":"private"},{"name":"Triton Regional High School","city":"Runnemede","type":"public"},{"name":"Union Catholic Regional High School","city":"Scotch Plains","type":"private"},{"name":"Union City High School","city":"Union City","type":"public"},{"name":"Union High School","city":"Union","type":"public"},{"name":"University Academy Charter High School","city":"Jersey City","type":"public"},{"name":"University High School","city":"Newark","type":"public"},{"name":"Urban Promise Academy","city":"Camden","type":"private"},{"name":"Veritas Christian Academy","city":"Sparta","type":"private"},{"name":"Vernon Township High School","city":"Vernon","type":"public"},{"name":"Verona High School","city":"Verona","type":"public"},{"name":"Villa Victoria Academy","city":"Ewing","type":"private"},{"name":"Villa Victoria Lower School","city":"Trenton","type":"private"},{"name":"Villa Walsh Academy","city":"Morristown","type":"private"},{"name":"Vineland Senior High School","city":"Vineland","type":"public"},{"name":"Voorhees High School","city":"Glen Gardner","type":"public"},{"name":"Waldwick High School","city":"Waldwick","type":"public"},{"name":"Wall High School","city":"Wall","type":"public"},{"name":"Wallington Junior Senior High School","city":"Wallington","type":"public"},{"name":"Wallkill Valley Regional High School","city":"Hardyston Township","type":"public"},{"name":"Wardlaw-hartridge School","city":"Edison","type":"private"},{"name":"Warren Glen Academy","city":"Bloomsbury","type":"private"},{"name":"Warren Hills Regional High School","city":"Washington","type":"public"},{"name":"Washington Township High School","city":"Sewell","type":"public"},{"name":"Watchung Hills Regional High School","city":"Warren","type":"public"},{"name":"Wayne Hills High School","city":"Wayne","type":"public"},{"name":"Wayne Valley High School","city":"Wayne","type":"public"},{"name":"Weehawken High School","city":"Weehawken","type":"public"},{"name":"Weequahic High School","city":"Newark","type":"public"},{"name":"West Deptford High School","city":"West Deptford","type":"public"},{"name":"West Essex High School","city":"North Caldwell","type":"public"},{"name":"West Milford High School","city":"West Milford","type":"public"},{"name":"West Morris Central High School","city":"Chester","type":"public"},{"name":"West Morris Mendham High School","city":"Mendham","type":"public"},{"name":"West Orange High School","city":"West Orange","type":"public"},{"name":"West Side High School","city":"Newark","type":"public"},{"name":"West Windsor-Plainsboro High School North","city":"Plainsboro","type":"public"},{"name":"West Windsor-Plainsboro High School South","city":"West Windsor","type":"public"},{"name":"Westbridge Academy","city":"Bloomfield","type":"private"},{"name":"Westfield Senior High School","city":"Westfield","type":"public"},{"name":"Westwood Regional High School","city":"Township of Washington","type":"public"},{"name":"Whippany Park High School","city":"Whippany","type":"public"},{"name":"Wildwood Catholic Academy","city":"North Wildwood","type":"private"},{"name":"Wildwood High School","city":"Wildwood","type":"public"},{"name":"William L Dickinson High School","city":"Jersey City","type":"public"},{"name":"Williamstown High School","city":"Williamstown","type":"public"},{"name":"Willingboro High School","city":"Willingboro","type":"public"},{"name":"Winslow Township High School","city":"Atco","type":"public"},{"name":"Winston Preparatory School","city":"Whippany","type":"private"},{"name":"Wood-Ridge Jr/Sr High School","city":"Wood Ridge","type":"public"},{"name":"Woodbridge High School","city":"Woodbridge","type":"public"},{"name":"Woodbury Jr-Sr High School","city":"Woodbury","type":"public"},{"name":"Woodstown High School","city":"Woodstown","type":"public"},{"name":"Yeshiva Bais Aharon","city":"Lakewood","type":"private"},{"name":"Yeshiva Bais Hachinuch","city":"Lakewood","type":"private"},{"name":"Yeshiva Birchas Chaim","city":"Lakewood","type":"private"},{"name":"Yeshiva Chayei Olam","city":"Lakewood","type":"private"},{"name":"Yeshiva Chemdat Hatorah","city":"Lakewood","type":"private"},{"name":"Yeshiva Cheshkas Hatorah","city":"Lakewood","type":"private"},{"name":"Yeshiva Gedola Ohr Chadosh","city":"Lakewood","type":"private"},{"name":"Yeshiva Gedolah Keren Hatorah","city":"Lakewood","type":"private"},{"name":"Yeshiva Gedolah of Bayonne","city":"Bayonne","type":"private"},{"name":"Yeshiva Gedolah of Carteret Inc.","city":"Carteret","type":"private"},{"name":"Yeshiva Shaar Hatalmud","city":"Lakewood","type":"private"},{"name":"Yeshiva Shaarei Oorah","city":"Lakewood","type":"private"},{"name":"Yeshiva Shaarei Orah","city":"Lakewood","type":"private"},{"name":"Yeshiva Toras Chaim","city":"Lakewood","type":"private"},{"name":"Yeshiva Toras Yisroel Inc","city":"Lakewood","type":"private"},{"name":"Yeshiva Yaaros Devash","city":"Lakewood","type":"private"}]