[{"name":"Academy For Career Education","city":"Reno"},{"name":"Academy of Arts Careers & Tech","city":"Reno"},{"name":"Advanced Technologies Academy HS","city":"Las Vegas"},{"name":"Albert M. Lowry High School","city":"Winnemucca"},{"name":"Alpine Academy High School","city":"Sparks"},{"name":"Arbor View HS","city":"Las Vegas"},{"name":"Basic Academy of Int'l Studies HS","city":"Henderson"},{"name":"Battle Mountain High School","city":"Battle Mountain"},{"name":"Beacon Academy of Nevada","city":"Las Vegas"},{"name":"Beatty High School","city":"Beatty"},{"name":"Bonanza HS","city":"Las Vegas"},{"name":"Boulder City HS","city":"Boulder City"},{"name":"Canyon Springs HS","city":"N  Las Vegas"},{"name":"Carlin High School","city":"Carlin"},{"name":"Carson High School","city":"Carson City"},{"name":"Centennial HS","city":"Las Vegas"},{"name":"Chaparral HS","city":"Las Vegas"},{"name":"Cheyenne HS","city":"N  Las Vegas"},{"name":"Churchill County High School","city":"Fallon"},{"name":"Cimarron-Memorial HS","city":"Las Vegas"},{"name":"Clark  Ed W HS","city":"Las Vegas"},{"name":"College of So NV HS East","city":"N  Las Vegas"},{"name":"College of So NV HS South","city":"Henderson"},{"name":"College of So NV HS West","city":"Las Vegas"},{"name":"Coral Academy High School","city":"Reno"},{"name":"Coral Academy Sandy Ridge","city":"Henderson"},{"name":"Coronado HS","city":"Henderson"},{"name":"Damonte Ranch High School","city":"Reno"},{"name":"Davidson Academy","city":"Reno"},{"name":"Dayton High School","city":"Dayton"},{"name":"Del Sol Academy of Performing Arts HS","city":"Las Vegas"},{"name":"Democracy Prep at Agassi High","city":"Las Vegas"},{"name":"Desert Oasis HS","city":"Las Vegas"},{"name":"Desert Pines HS","city":"Las Vegas"},{"name":"Douglas High School","city":"Minden"},{"name":"Durango HS","city":"Las Vegas"},{"name":"Earl Wooster High School","city":"Reno"},{"name":"East Career and Technical Academy HS","city":"Las Vegas"},{"name":"Edward C. Reed High School","city":"Sparks"},{"name":"Eldorado HS","city":"Las Vegas"},{"name":"Elko High School","city":"Elko"},{"name":"enCompass Academy","city":"Reno"},{"name":"Equipo Academy","city":"Las Vegas"},{"name":"Eureka County High School","city":"Eureka"},{"name":"Explore Knowledge Academy J-SHS","city":"Las Vegas"},{"name":"Fernley High School","city":"Fernley"},{"name":"Foothill HS","city":"Henderson"},{"name":"Gabbs High School","city":"Gabbs"},{"name":"Galena High School","city":"Reno"},{"name":"George Whittell High School","city":"Zephyr Cove"},{"name":"Green Valley HS","city":"Henderson"},{"name":"Incline High School","city":"Incline Village"},{"name":"Indian Springs HS","city":"Indian Springs"},{"name":"Innovations Int'l Charter J-SHS","city":"Las Vegas"},{"name":"Jackpot High School","city":"Jackpot"},{"name":"Las Vegas Academy of the Arts HS","city":"Las Vegas"},{"name":"Las Vegas HS","city":"Las Vegas"},{"name":"Laughlin J-SHS","city":"Laughlin"},{"name":"Leadership Academy of Nevada","city":"Las Vegas"},{"name":"Legacy HS","city":"N  Las Vegas"},{"name":"Liberty HS","city":"Henderson"},{"name":"Lincoln County High School","city":"Panaca"},{"name":"Lund High School","city":"Lund"},{"name":"McDermitt High School","city":"McDermitt"},{"name":"Mineral County High School","city":"Hawthorne"},{"name":"Moapa Valley HS","city":"Overton"},{"name":"Mojave HS","city":"N  Las Vegas"},{"name":"Nevada Connections Academy","city":"Reno"},{"name":"Nevada State High School Downtown","city":"Las Vegas"},{"name":"Nevada State High School Downtown Henderson","city":"Henderson"},{"name":"Nevada State High School Henderson","city":"Henderson"},{"name":"Nevada State High School II Meadowwood","city":"Reno"},{"name":"Nevada State High School Northwest","city":"Las Vegas"},{"name":"Nevada State High School Southwest","city":"Las Vegas"},{"name":"Nevada State High School Summerlin","city":"Las Vegas"},{"name":"Nevada State High School Sunrise","city":"Las Vegas"},{"name":"Nevada Virtual Academy","city":"Las Vegas"},{"name":"North Valleys High School","city":"Reno"},{"name":"Northwest Career-Technical Academy HS","city":"Las Vegas"},{"name":"NV Learning Academy J-SHS","city":"Las Vegas"},{"name":"Odyssey Charter Schools 9-12 HS","city":"Las Vegas"},{"name":"Owyhee High School","city":"Owyhee"},{"name":"Pahranagat Valley High School","city":"Alamo"},{"name":"Pahrump Valley High School","city":"Pahrump"},{"name":"Palo Verde HS","city":"Las Vegas"},{"name":"Pershing County High School","city":"Lovelock"},{"name":"Procter R. Hug High School","city":"Sparks"},{"name":"Rancho HS","city":"Las Vegas"},{"name":"Reno High School","city":"Reno"},{"name":"Robert Mcqueen High School","city":"Reno"},{"name":"Round Mountain High School","city":"Round Mountain"},{"name":"Sandy Valley J-SHS","city":"Sandy Valley"},{"name":"Shadow Ridge HS","city":"Las Vegas"},{"name":"Sierra Vista HS","city":"Las Vegas"},{"name":"Silver Stage High School","city":"Silver Springs"},{"name":"Silverado HS","city":"Las Vegas"},{"name":"Southeast Career Technical Academy HS","city":"Las Vegas"},{"name":"Southwest Career & Technical Academy HS","city":"Las Vegas"},{"name":"Spanish Springs High School","city":"Sparks"},{"name":"Sparks High School","city":"Sparks"},{"name":"Spring Creek High School","city":"Spring Creek"},{"name":"Spring Valley HS","city":"Las Vegas"},{"name":"Sunrise Mountain HS","city":"Las Vegas"},{"name":"The Delta Academy J-SHS","city":"North Las Vegas"},{"name":"Tmcc Magnet School","city":"Reno"},{"name":"Tonopah High School","city":"Tonopah"},{"name":"Valley HS","city":"Las Vegas"},{"name":"Veterans Tribute CTA HS","city":"Las Vegas"},{"name":"Virgin Valley HS","city":"Mesquite"},{"name":"Virginia City High School","city":"Virginia City"},{"name":"Wells High School","city":"Wells"},{"name":"West Career & Technical Academy HS","city":"Las Vegas"},{"name":"West Preparatory Institute J-SHS","city":"Las Vegas"},{"name":"West Wendover High School","city":"West Wendover"},{"name":"Western HS","city":"Las Vegas"},{"name":"White Pine High School","city":"Ely"},{"name":"Yerington High School","city":"Yerington"}]