[{"name":"A Philip Randolph Campus High School","city":"New York"},{"name":"Abraham Lincoln High School","city":"Brooklyn"},{"name":"Acad for College Prep and Career Exp","city":"Brooklyn"},{"name":"Acad-scholarship & Entrepreneurship","city":"Bronx"},{"name":"Academy for Conservation and the Environment","city":"Brooklyn"},{"name":"Academy for Excellence in Leadership","city":"Brooklyn"},{"name":"Academy for Language and Technology","city":"Bronx"},{"name":"Academy for Young Writers","city":"Brooklyn"},{"name":"Academy of American Studies","city":"Long Island City"},{"name":"Academy of Finance and Enterprise","city":"Long Island City"},{"name":"Academy of Hospitality and Tourism","city":"Brooklyn"},{"name":"Academy of Medical Technology - a College Board School","city":"Far Rockaway"},{"name":"Academy of Urban Planning and Engineering (the)","city":"Brooklyn"},{"name":"Addison Middle/high School","city":"Addison"},{"name":"Adirondack High School","city":"Boonville"},{"name":"Aeci Ii: Nyc Charter Hs","city":"Bronx"},{"name":"Afton Junior/senior High School","city":"Afton"},{"name":"Akron High School","city":"Akron"},{"name":"Albany High School","city":"Albany"},{"name":"Albany Leadership Charter School for Girls","city":"Albany"},{"name":"Alden Senior High School","city":"Alden"},{"name":"Alexander Hamilton High School","city":"Elmsford"},{"name":"Alexander Middle School-high School","city":"Alexander"},{"name":"Alexandria Central High School","city":"Alexandria Bay"},{"name":"Alfred-almond Junior-senior High School","city":"Almond"},{"name":"All City Leadership Secondary School","city":"Brooklyn"},{"name":"Allegany-limestone Middle-high School","city":"Allegany"},{"name":"Altmar-parish-williamstown Jr/sr High School","city":"Parish"},{"name":"American Dream Charter School","city":"Bronx"},{"name":"Amherst Central High School","city":"Amherst"},{"name":"Amityville Memorial High School","city":"Amityville"},{"name":"Amsterdam High School","city":"Amsterdam"},{"name":"Antonia Pantoja Preparatory Academy - a College Board School","city":"Bronx"},{"name":"Arcadia High School","city":"Rochester"},{"name":"Archimedes Acad-math Sci Tech","city":"Bronx"},{"name":"Ardsley High School","city":"Ardsley"},{"name":"Argyle Junior/senior High School","city":"Argyle"},{"name":"Arlington High School","city":"Lagrangeville"},{"name":"Arturo a Schomburg Satellite Academy Bronx","city":"Bronx"},{"name":"Aspirations Diploma Plus High School","city":"Brooklyn"},{"name":"Astor Collegiate Academy","city":"Bronx"},{"name":"Athena High School","city":"Rochester"},{"name":"Attica Senior High School","city":"Attica"},{"name":"Auburn High School","city":"Auburn"},{"name":"August Martin High School","city":"Jamaica"},{"name":"Ausable Valley High School","city":"Clintonville"},{"name":"Averill Park High School","city":"Averill Park"},{"name":"Avon High School","city":"Avon"},{"name":"Babylon Junior-senior High School","city":"Babylon"},{"name":"Baccalaureate School for Global Education","city":"Long Island City"},{"name":"Bainbridge-guilford High School","city":"Bainbridge"},{"name":"Baldwin Senior High School","city":"Baldwin"},{"name":"Ballston Spa Senior High School","city":"Ballston Spa"},{"name":"Barack Obama School for Social Justice","city":"Yonkers"},{"name":"Bard High School Early College","city":"New York"},{"name":"Bard High School Early College Queens","city":"Long Island City"},{"name":"Barker Junior/senior High School","city":"Barker"},{"name":"Baruch College Campus High School","city":"New York"},{"name":"Batavia High School","city":"Batavia"},{"name":"Bay Shore Senior High School","city":"Bay Shore"},{"name":"Bayport-blue Point High School","city":"Bayport"},{"name":"Bayside High School","city":"Bayside"},{"name":"Beacon High School","city":"New York"},{"name":"Beacon High School","city":"Beacon"},{"name":"Beaver River Senior High School","city":"Beaver Falls"},{"name":"Bedford Academy High School","city":"Brooklyn"},{"name":"Beekmantown High School","city":"West Chazy"},{"name":"Bellport Senior High School","city":"Brookhaven"},{"name":"Belmont Preparatory High School","city":"Bronx"},{"name":"Benjamin Banneker Academy","city":"Brooklyn"},{"name":"Benjamin N Cardozo High School","city":"Bayside"},{"name":"Berlin Middle School/high School","city":"Cherry Plain"},{"name":"Berne-knox-westerlo Junior-senior High School","city":"Berne"},{"name":"Bethlehem Central Senior High School","city":"Delmar"},{"name":"Bethpage Senior High School","city":"Bethpage"},{"name":"Binghamton High School","city":"Binghamton"},{"name":"Blind Brook High School","city":"Rye Brook"},{"name":"Bloomfield High School","city":"Bloomfield"},{"name":"Boerum Hill School for International Studies (the)","city":"Brooklyn"},{"name":"Bolivar-richburg Junior-senior High School","city":"Bolivar"},{"name":"Boys and Girls High School","city":"Brooklyn"},{"name":"Brentwood High School","city":"Brentwood"},{"name":"Brewster High School","city":"Brewster"},{"name":"Briarcliff High School","city":"Briarcliff Manor"},{"name":"Brighton High School","city":"Rochester"},{"name":"Broadalbin-perth Junior-senior High School","city":"Broadalbin"},{"name":"Brockport High School","city":"Brockport"},{"name":"Brocton Middle High School","city":"Brocton"},{"name":"Bronx Academy of Health Careers","city":"Bronx"},{"name":"Bronx Aerospace High School","city":"Bronx"},{"name":"Bronx Arena High School","city":"Bronx"},{"name":"Bronx Bridges High School","city":"Bronx"},{"name":"Bronx Career and College Preparatory High School","city":"Bronx"},{"name":"Bronx Center for Science and Mathematics","city":"Bronx"},{"name":"Bronx Collaborative High School","city":"Bronx"},{"name":"Bronx Collegiate Academy","city":"Bronx"},{"name":"Bronx Community High School","city":"Bronx"},{"name":"Bronx Compass High School","city":"Bronx"},{"name":"Bronx Early College Academy for Teaching and Learning","city":"Bronx"},{"name":"Bronx Engineering and Technology Academy","city":"Bronx"},{"name":"Bronx Envision Academy","city":"Bronx"},{"name":"Bronx Haven High School","city":"Bronx"},{"name":"Bronx Health Sciences High School","city":"Bronx"},{"name":"Bronx High School for Law and Community Service","city":"Bronx"},{"name":"Bronx High School for Medical Science","city":"Bronx"},{"name":"Bronx High School for the Visual Arts","city":"Bronx"},{"name":"Bronx High School for Writing and Communication Arts","city":"Bronx"},{"name":"Bronx High School of Business","city":"Bronx"},{"name":"Bronx High School of Science (the)","city":"Bronx"},{"name":"Bronx International High School","city":"Bronx"},{"name":"Bronx Lab School","city":"Bronx"},{"name":"Bronx Latin School","city":"Bronx"},{"name":"Bronx Leadership Academy High School","city":"Bronx"},{"name":"Bronx Leadership Academy Ii High School","city":"Bronx"},{"name":"Bronx Regional High School","city":"Bronx"},{"name":"Bronx River High School","city":"Bronx"},{"name":"Bronx School for Law Government and Justice","city":"Bronx"},{"name":"Bronx School of Law and Finance","city":"Bronx"},{"name":"Bronx Studio School for Writers and Artists","city":"Bronx"},{"name":"Bronx Theatre High School","city":"Bronx"},{"name":"Bronxdale High School","city":"Bronx"},{"name":"Bronxville High School","city":"Bronxville"},{"name":"Bronxwood Preparatory Academy (the)","city":"Bronx"},{"name":"Brooklyn Academy High School","city":"Brooklyn"},{"name":"Brooklyn Academy of Global Finance (the)","city":"Brooklyn"},{"name":"Brooklyn Academy of Science and the Environment","city":"Brooklyn"},{"name":"Brooklyn Bridge Academy","city":"Brooklyn"},{"name":"Brooklyn Collaborative Studies","city":"Brooklyn"},{"name":"Brooklyn College Academy","city":"Brooklyn"},{"name":"Brooklyn Collegiate: a College Board School","city":"Brooklyn"},{"name":"Brooklyn Community Arts and Media High School (bcam)","city":"Brooklyn"},{"name":"Brooklyn Community High School for Excellence and Equity","city":"Brooklyn"},{"name":"Brooklyn Democracy Academy","city":"Brooklyn"},{"name":"Brooklyn Emerging Leaders Academy Charter School","city":"Brooklyn"},{"name":"Brooklyn Frontiers High School","city":"Brooklyn"},{"name":"Brooklyn High School for Law and Technology","city":"Brooklyn"},{"name":"Brooklyn High School for Leadership and Community Service","city":"Brooklyn"},{"name":"Brooklyn High School of the Arts","city":"Brooklyn"},{"name":"Brooklyn Institute for Liberal Arts","city":"Brooklyn"},{"name":"Brooklyn International High School","city":"Brooklyn"},{"name":"Brooklyn Lab School","city":"Brooklyn"},{"name":"Brooklyn Laboratory Charter School","city":"Brooklyn"},{"name":"Brooklyn Latin School (the)","city":"Brooklyn"},{"name":"Brooklyn Preparatory High School","city":"Brooklyn"},{"name":"Brooklyn School for Math and Research (the)","city":"Brooklyn"},{"name":"Brooklyn School for Music & Theater","city":"Brooklyn"},{"name":"Brooklyn School for Social Justice (the)","city":"Brooklyn"},{"name":"Brooklyn Studio Secondary School","city":"Brooklyn"},{"name":"Brooklyn Technical High School","city":"Brooklyn"},{"name":"Brooklyn Theatre Arts High School","city":"Brooklyn"},{"name":"Broome Street Academy Charter High School","city":"New York"},{"name":"Brownsville Academy High School","city":"Brooklyn"},{"name":"Brushton-moira High School","city":"Brushton"},{"name":"Buffalo Academy for the Visual & Performing Arts","city":"Buffalo"},{"name":"Burnt Hills-ballston Lake Senior High School","city":"Burnt Hills"},{"name":"Bushwick Community High School","city":"Brooklyn"},{"name":"Bushwick Leaders High School for Academic Excellence","city":"Brooklyn"},{"name":"Byram Hills High School","city":"Armonk"},{"name":"Byron-bergen Junior/senior High School","city":"Bergen"},{"name":"Cairo-durham High School","city":"Cairo"},{"name":"Caledonia-mumford Middle/high School","city":"Caledonia"},{"name":"Cambria Heights Academy","city":"Hollis"},{"name":"Cambridge Junior-senior High School","city":"Cambridge"},{"name":"Camden Senior High School","city":"Camden"},{"name":"Campbell-savona Junior/senior High School","city":"Campbell"},{"name":"Canajoharie Senior High School","city":"Canajoharie"},{"name":"Canandaigua Academy","city":"Canandaigua"},{"name":"Canastota High School","city":"Canastota"},{"name":"Candor Junior-senior High School","city":"Candor"},{"name":"Canisteo-greenwood High School","city":"Canisteo"},{"name":"Capital Preparatory (cp) Harlem Charter School","city":"New York"},{"name":"Careers in Sports High School","city":"Bronx"},{"name":"Carle Place Middle Senior High School","city":"Carle Place"},{"name":"Carmel High School","city":"Carmel"},{"name":"Carthage Senior High School","city":"Carthage"},{"name":"Cascades High School","city":"New York"},{"name":"Cassadaga Valley Middle/high School","city":"Sinclairville"},{"name":"Castleton Academy High School of Oceanside","city":"Oceanside"},{"name":"Cato-meridian Junior-senior High School","city":"Cato"},{"name":"Catskill Senior High School","city":"Catskill"},{"name":"Cattaraugus-little Valley High School","city":"Cattaraugus"},{"name":"Cazenovia High School","city":"Cazenovia"},{"name":"Celia Cruz Bronx High School of Music (the)","city":"Bronx"},{"name":"Center Moriches High School","city":"Center Moriches"},{"name":"Centereach High School","city":"Centereach"},{"name":"Central Islip Senior High School","city":"Central Islip"},{"name":"Central Park East High School","city":"New York"},{"name":"Central Valley Academy","city":"Ilion"},{"name":"Channel View School for Research","city":"Rockaway Park"},{"name":"Charles D'amico High School","city":"Albion"},{"name":"Charles O Dickerson High School","city":"Trumansburg"},{"name":"Charles W Baker High School","city":"Baldwinsville"},{"name":"Charter High School for Law and Social Justice","city":"Bronx"},{"name":"Chateaugay High School","city":"Chateaugay"},{"name":"Chatham High School","city":"Chatham"},{"name":"Chautauqua Lake Secondary School","city":"Mayville"},{"name":"Cheektowaga High School","city":"Cheektowaga"},{"name":"Chenango Forks High School","city":"Binghamton"},{"name":"Chenango Valley High School","city":"Binghamton"},{"name":"Chester Academy-middle/high School","city":"Chester"},{"name":"Chittenango High School","city":"Chittenango"},{"name":"Churchville-chili Senior High School","city":"Churchville"},{"name":"Cicero-north Syracuse High School","city":"Cicero"},{"name":"Cincinnatus High School","city":"Cincinnatus"},{"name":"Cinema School (the)","city":"Bronx"},{"name":"City College Academy of the Arts","city":"New York"},{"name":"City Honors School","city":"Buffalo"},{"name":"Civic Leadership Academy","city":"Elmhurst"},{"name":"Claremont International High School","city":"Bronx"},{"name":"Clarence Senior High School","city":"Clarence"},{"name":"Clarkstown North Senior High School","city":"New City"},{"name":"Clarkstown South Senior High School","city":"West Nyack"},{"name":"Clayton a Bouton High School","city":"Voorheesville"},{"name":"Cleveland Hill High School","city":"Cheektowaga"},{"name":"Clifton-fine Junior-senior High School","city":"Star Lake"},{"name":"Clinton School (the)","city":"New York"},{"name":"Clinton Senior High School","city":"Clinton"},{"name":"Clyde-savannah High School","city":"Clyde"},{"name":"Cobble Hill School of American Studies","city":"Brooklyn"},{"name":"Cobleskill-richmondville High School","city":"Richmondville"},{"name":"Cohoes High School","city":"Cohoes"},{"name":"Cold Spring Harbor High School","city":"Cold Spring Harbor"},{"name":"College Academy (the)","city":"New York"},{"name":"Collegiate Institute for Math and Science","city":"Bronx"},{"name":"Colonie Central High School","city":"Albany"},{"name":"Columbia High School","city":"East Greenbush"},{"name":"Columbia Secondary School","city":"New York"},{"name":"Commack High School","city":"Commack"},{"name":"Community Health Academy of the Heights","city":"New York"},{"name":"Community School for Social Justice","city":"Bronx"},{"name":"Comprehensive Model School Project Ms 327","city":"Bronx"},{"name":"Comsewogue High School","city":"Port Jefferson Sta"},{"name":"Concord High School","city":"Staten Island"},{"name":"Connetquot High School","city":"Bohemia"},{"name":"Cooperstown Junior/senior High School","city":"Cooperstown"},{"name":"Corcoran High School","city":"Syracuse"},{"name":"Corinth High School","city":"Corinth"},{"name":"Corning-painted Post High School","city":"Corning"},{"name":"Cornwall Central High School","city":"New Windsor"},{"name":"Cortland High School","city":"Cortland"},{"name":"Coxsackie-athens High School","city":"Coxsackie"},{"name":"Croton-harmon High School","city":"Croton On Hudson"},{"name":"Csi High School for International Studies","city":"Staten Island"},{"name":"Cuba-rushford High School","city":"Cuba"},{"name":"Cultural Academy for the Arts and Sciences","city":"Brooklyn"},{"name":"Curtis High School","city":"Staten Island"},{"name":"Cyberarts Studio Academy","city":"Brooklyn"},{"name":"Cypress Hills Collegiate Preparatory School","city":"Brooklyn"},{"name":"Dalton-nunda Secondary School","city":"Nunda"},{"name":"Dansville High School","city":"Dansville"},{"name":"Deer Park High School","city":"Deer Park"},{"name":"Delaware Academy High School","city":"Delhi"},{"name":"Democracy Preparatory Charter School","city":"New York"},{"name":"Denzel Washington School-arts","city":"Mount Vernon"},{"name":"Depew High School","city":"Depew"},{"name":"Deposit Middle-senior High School","city":"Deposit"},{"name":"Deruyter High School","city":"Deruyter"},{"name":"Dewitt Clinton High School","city":"Bronx"},{"name":"Digital Arts and Cinema Technology High School","city":"Brooklyn"},{"name":"Discovery High School","city":"Bronx"},{"name":"Division Avenue Senior High School","city":"Levittown"},{"name":"Dobbs Ferry High School","city":"Dobbs Ferry"},{"name":"Donald H Crane Junior/senior High School","city":"Westmoreland"},{"name":"Dover High School","city":"Dover Plains"},{"name":"Dr Richard Izquierdo Health and Science Charter School","city":"Bronx"},{"name":"Dr Susan S Mckinney Secondary School of the Arts","city":"Brooklyn"},{"name":"Dreamyard Preparatory School","city":"Bronx"},{"name":"Dryden High School","city":"Dryden"},{"name":"Duanesburg High School","city":"Delanson"},{"name":"Dundee Junior-senior High School","city":"Dundee"},{"name":"Dunkirk Senior High School","city":"Dunkirk"},{"name":"Eagle Academy for Young Men","city":"Bronx"},{"name":"Eagle Academy for Young Men Ii","city":"Brooklyn"},{"name":"Eagle Academy for Young Men Iii","city":"Jamaica"},{"name":"Eagle Academy for Young Men of Harlem","city":"New York"},{"name":"Eagle Academy for Young Men of Staten Island (the)","city":"Staten Island"},{"name":"Earl L Vandermeulen High School","city":"Port Jefferson"},{"name":"East Aurora High School","city":"East Aurora"},{"name":"East Bronx Academy for the Future","city":"Bronx"},{"name":"East Brooklyn Community High School","city":"Brooklyn"},{"name":"East Community School","city":"Buffalo"},{"name":"East Hampton High School","city":"East Hampton"},{"name":"East Islip High School","city":"Islip Terrace"},{"name":"East Meadow High School","city":"East Meadow"},{"name":"East New York Arts and Civics High School (the)","city":"Brooklyn"},{"name":"East New York Family Academy","city":"Brooklyn"},{"name":"East Rochester Junior-senior High School","city":"East Rochester"},{"name":"East Rockaway Junior-senior High School","city":"East Rockaway"},{"name":"East Side Community School","city":"New York"},{"name":"East Syracuse Minoa Central High School","city":"East Syracuse"},{"name":"East Upper High School","city":"Rochester"},{"name":"East Williamsburg Scholars Academy","city":"Brooklyn"},{"name":"East-west School of International Studies","city":"Flushing"},{"name":"Eastchester Senior High School","city":"Eastchester"},{"name":"Eastport-south Manor Junior Senior High School","city":"Manorville"},{"name":"Eastridge Senior High School","city":"Rochester"},{"name":"Ebc High School for Public Service-bushwick","city":"Brooklyn"},{"name":"Eden Middle & High School","city":"Eden"},{"name":"Edgemont Junior-senior High School","city":"Scarsdale"},{"name":"Edmund W Gordon Brooklyn Laboratory Charter School","city":"Brooklyn"},{"name":"Edward a Reynolds West Side High School","city":"New York"},{"name":"Edward R Murrow High School","city":"Brooklyn"},{"name":"Edwards-knox Junior-senior High School","city":"Hermon"},{"name":"El Puente Academy for Peace and Justice","city":"Brooklyn"},{"name":"Elba Junior-senior High School","city":"Elba"},{"name":"Eldred Junior-senior High School","city":"Eldred"},{"name":"Eleanor Roosevelt High School","city":"New York"},{"name":"Ellenville Junior/senior High School","city":"Ellenville"},{"name":"Ellicottville Middle School High School","city":"Ellicottville"},{"name":"Elmira High School","city":"Elmira"},{"name":"Elmont Memorial High School","city":"Elmont"},{"name":"Elwood/john Glenn High School","city":"Elwood"},{"name":"Emerson School of Hospitality","city":"Buffalo"},{"name":"Emma Lazarus High School","city":"New York"},{"name":"English Language Learners-inter Supp","city":"Bronx"},{"name":"Epic High School - North","city":"South Richmond Hill"},{"name":"Epic High School-south","city":"South Ozone Park"},{"name":"Equality Charter School","city":"Bronx"},{"name":"Esperanza Preparatory Academy","city":"New York"},{"name":"Essex Street Academy","city":"New York"},{"name":"Excelsior Preparatory High School","city":"Springfield Gardens"},{"name":"Eximius College Preparatory Academy: a College Board School","city":"Bronx"},{"name":"Explorations Academy High School","city":"Bronx"},{"name":"Fabius-pompey Middle School High School","city":"Fabius"},{"name":"Facing History School (the)","city":"New York"},{"name":"Fairport Senior High School","city":"Fairport"},{"name":"Falconer Middle/high School","city":"Falconer"},{"name":"Fallsburg Junior Senior High School","city":"Fallsburg"},{"name":"Fannie Lou Hamer Freedom High School","city":"Bronx"},{"name":"Farmingdale Senior High School","city":"Farmingdale"},{"name":"Fayetteville-manlius Senior High School","city":"Manlius"},{"name":"Fdny-captain Vernon a Richards Hs","city":"Brooklyn"},{"name":"Fiorello H Laguardia High School","city":"New York"},{"name":"Floral Park Memorial High School","city":"Floral Park"},{"name":"Flushing High School","city":"Flushing"},{"name":"Flushing International High School","city":"Flushing"},{"name":"Fonda-fultonville Senior High School","city":"Fonda"},{"name":"Fordham High School for the Arts","city":"Bronx"},{"name":"Fordham Leadership Academy","city":"Bronx"},{"name":"Forest Hills High School","city":"Forest Hills"},{"name":"Forestville Central High School","city":"Forestville"},{"name":"Forsythe Satellite Academy","city":"New York"},{"name":"Fort Ann Middle/high School","city":"Fort Ann"},{"name":"Fort Hamilton High School","city":"Brooklyn"},{"name":"Fort Plain Junior-senior High School","city":"Fort Plain"},{"name":"Fox Lane High School","city":"Bedford"},{"name":"Francis Lewis High School","city":"Fresh Meadows"},{"name":"Frank Mccourt High School","city":"New York"},{"name":"Frank Sinatra School of the Arts High School","city":"Long Island City"},{"name":"Frankfort-schuyler Central High School","city":"Frankfort"},{"name":"Franklin Academy High School","city":"Malone"},{"name":"Franklin D Roosevelt Senior High School","city":"Hyde Park"},{"name":"Franklin Delano Roosevelt High School","city":"Brooklyn"},{"name":"Franklin Upper School","city":"Rochester"},{"name":"Franklinville Junior-senior High School","city":"Franklinville"},{"name":"Frederick Douglass Academy","city":"New York"},{"name":"Frederick Douglass Academy Ii Secondary School","city":"New York"},{"name":"Frederick Douglass Academy Iii Secondary School","city":"Bronx"},{"name":"Frederick Douglass Academy Vi High School","city":"Far Rockaway"},{"name":"Frederick Douglass Academy Vii High School","city":"Brooklyn"},{"name":"Frederick Olmsted #156","city":"Buffalo"},{"name":"Fredonia High School","city":"Fredonia"},{"name":"Freeport High School","city":"Freeport"},{"name":"Frewsburg Junior-senior High School","city":"Frewsburg"},{"name":"Frontier Senior High School","city":"Hamburg"},{"name":"G Ray Bodley High School","city":"Fulton"},{"name":"Galway Junior/senior High School","city":"Galway"},{"name":"Garden City High School","city":"Garden City"},{"name":"Gates-chili High School","city":"Rochester"},{"name":"Gaynor Mccown Expeditionary Learning School","city":"Staten Island"},{"name":"Gen Douglas Macarthur Senior High School","city":"Levittown"},{"name":"General Brown Junior-senior High School","city":"Dexter"},{"name":"Geneseo Middle School High School","city":"Geneseo"},{"name":"Geneva High School","city":"Geneva"},{"name":"George F Baker High School","city":"Tuxedo Park"},{"name":"George W Hewlett High School","city":"Hewlett"},{"name":"George Washington Carver High School for the Sciences","city":"Springfield Gardens"},{"name":"Germantown Junior-senior High School","city":"Germantown"},{"name":"Gilbertsville-mount Upton Junior-senior High School","city":"Gilbertsville"},{"name":"Glen Cove High School","city":"Glen Cove"},{"name":"Glens Falls Senior High School","city":"Glens Falls"},{"name":"Global Learning Collaborative (the)","city":"New York"},{"name":"Gloversville High School","city":"Gloversville"},{"name":"Gorton High School","city":"Yonkers"},{"name":"Goshen Central High School","city":"Goshen"},{"name":"Gotham Collaborative High School","city":"Bronx"},{"name":"Gotham Professional Arts Academy","city":"Brooklyn"},{"name":"Gouverneur High School","city":"Gouverneur"},{"name":"Gowanda High School","city":"Gowanda"},{"name":"Gramercy Arts High School","city":"New York"},{"name":"Grand Island Senior High School","city":"Grand Island"},{"name":"Granville Junior-senior High School","city":"Granville"},{"name":"Great Neck North High School","city":"Great Neck"},{"name":"Great Neck South High School","city":"Great Neck"},{"name":"Green Tech High Charter School","city":"Albany"},{"name":"Greene High School","city":"Greene"},{"name":"Greenport High School","city":"Greenport"},{"name":"Greenville High School","city":"Greenville"},{"name":"Greenwich Junior-senior High School","city":"Greenwich"},{"name":"Gregorio Luperon High School for Science and Mathematics","city":"New York"},{"name":"Griffith Institute High School","city":"Springville"},{"name":"Groton Junior/senior High School","city":"Groton"},{"name":"Grover Cleveland High School","city":"Ridgewood"},{"name":"Guilderland High School","city":"Guilderland Center"},{"name":"H C Williams Senior High School","city":"Canton"},{"name":"H Frank Carey High School","city":"Franklin Square"},{"name":"Hadley-luzerne Junior-senior High School","city":"Lake Luzerne"},{"name":"Haldane High School","city":"Cold Spring"},{"name":"Half Hollow Hills High School East","city":"Dix Hills"},{"name":"Half Hollow Hills High School West","city":"Dix Hills"},{"name":"Hamburg High School","city":"Hamburg"},{"name":"Hamilton Junior-senior High School","city":"Hamilton"},{"name":"Hammondsport Junior-senior High School","city":"Hammondsport"},{"name":"Hampton Bays High School","city":"Hampton Bays"},{"name":"Hancock Junior-senior High School","city":"Hancock"},{"name":"Hannibal High School","city":"Hannibal"},{"name":"Harborfields High School","city":"Greenlawn"},{"name":"Harlem Renaissance High School","city":"New York"},{"name":"Harpursville Junior-senior High School","city":"Harpursville"},{"name":"Harrison High School","city":"Harrison"},{"name":"Harrisville Junior-senior High School","city":"Harrisville"},{"name":"Harry S Truman High School","city":"Bronx"},{"name":"Hartford Middle/high School","city":"Hartford"},{"name":"Harvest Collegiate High School","city":"New York"},{"name":"Harvey Milk High School","city":"New York"},{"name":"Hastings High School","city":"Hastings On Hudson"},{"name":"Hauppauge High School","city":"Hauppauge"},{"name":"Haverling Senior High School","city":"Bath"},{"name":"Health Arts Robotics and Technology High School","city":"Cambria Heights"},{"name":"Health Opportunities High School","city":"Bronx"},{"name":"Health Sciences Charter School","city":"Buffalo"},{"name":"Hempstead High School","city":"Hempstead"},{"name":"Hendrick Hudson High School","city":"Montrose"},{"name":"Henninger High School","city":"Syracuse"},{"name":"Herbert H Lehman High School","city":"Bronx"},{"name":"Heritage School (the)","city":"New York"},{"name":"Herkimer High School","city":"Herkimer"},{"name":"Herricks High School","city":"New Hyde Park"},{"name":"Hicksville High School","city":"Hicksville"},{"name":"High School 560 City-as-school","city":"New York"},{"name":"High School for Arts and Business","city":"Corona"},{"name":"High School for Civil Rights","city":"Brooklyn"},{"name":"High School for Climate Justice (the)","city":"New York"},{"name":"High School for Community Leadership","city":"Jamaica"},{"name":"High School for Contemporary Arts","city":"Bronx"},{"name":"High School for Dual Language and Asian Studies","city":"New York"},{"name":"High School for Enterprise Business & Technology (the)","city":"Brooklyn"},{"name":"High School for Environmental Studies","city":"New York"},{"name":"High School for Excellence and Innovation","city":"New York"},{"name":"High School for Global Citizenship (the)","city":"Brooklyn"},{"name":"High School for Health Careers & Sciences","city":"New York"},{"name":"High School for Health Professions & Human Services","city":"New York"},{"name":"High School for Language and Diplomacy (the)","city":"New York"},{"name":"High School for Language and Innovation","city":"Bronx"},{"name":"High School for Law & Public Service","city":"New York"},{"name":"High School for Law Advocacy and Community Justice","city":"New York"},{"name":"High School for Media & Communications","city":"New York"},{"name":"High School for Medical Professions","city":"Brooklyn"},{"name":"High School for Public Service-heroes of Tomorrow","city":"Brooklyn"},{"name":"High School for Service and Learning at Erasmus","city":"Brooklyn"},{"name":"High School for Teaching and the Professions","city":"Bronx"},{"name":"High School for Violin and Dance","city":"Bronx"},{"name":"High School for Youth and Community Development at Erasmus","city":"Brooklyn"},{"name":"High School Mathematics Science and Engineering at Ccny","city":"New York"},{"name":"High School of American Studies at Lehman College","city":"Bronx"},{"name":"High School of Applied Communications","city":"Long Island City"},{"name":"High School of Arts and Technology","city":"New York"},{"name":"High School of Economics & Finance","city":"New York"},{"name":"High School of Hospitality Management","city":"New York"},{"name":"High School of Sports Management","city":"Brooklyn"},{"name":"High School of Telecommunication Arts and Technology","city":"Brooklyn"},{"name":"High School of World Cultures","city":"Bronx"},{"name":"Highland High School","city":"Highland"},{"name":"Hillcrest High School","city":"Jamaica"},{"name":"Hillside Arts & Letters Academy","city":"Jamaica"},{"name":"Hilton High School","city":"Hilton"},{"name":"Holland High School","city":"Holland"},{"name":"Holland Patent Central High School","city":"Holland Patent"},{"name":"Holley Junior Senior High School","city":"Holley"},{"name":"Homer Senior High School","city":"Homer"},{"name":"Honeoye Falls-lima Senior High School","city":"Honeoye Falls"},{"name":"Honeoye Middle/high School","city":"Honeoye"},{"name":"Hoosic Valley Junior Senior High School","city":"Schaghticoke"},{"name":"Hoosick Falls High School","city":"Hoosick Falls"},{"name":"Horace Greeley High School","city":"Chappaqua"},{"name":"Hornell Junior-senior High School","city":"Hornell"},{"name":"Horseheads Senior High School","city":"Horseheads"},{"name":"Hostos-lincoln Academy of Science","city":"Bronx"},{"name":"Hs for Law Enforcement and Public Safety","city":"Jamaica"},{"name":"Hudson Falls High School","city":"Hudson Falls"},{"name":"Hudson High School","city":"Hudson"},{"name":"Hudson High School of Learning Technologies","city":"New York"},{"name":"Humanities Preparatory Academy","city":"New York"},{"name":"Hunter-tannersville Middle School High School","city":"Tannersville"},{"name":"Huntington High School","city":"Huntington"},{"name":"Hutchinson Central Technical High School","city":"Buffalo"},{"name":"Ichabod Crane Senior High School","city":"Valatie"},{"name":"In-tech Academy (ms/hs 368)","city":"Bronx"},{"name":"Independence High School","city":"New York"},{"name":"Indian River High School","city":"Philadelphia"},{"name":"Information Technology High School","city":"Long Island City"},{"name":"Innovation Charter High School","city":"New York"},{"name":"Innovation Diploma Plus","city":"New York"},{"name":"Institute for Collaborative Education","city":"New York"},{"name":"Institute of Technology at Syracuse Central","city":"Syracuse"},{"name":"International Community High School","city":"Bronx"},{"name":"International High School at Lafayette","city":"Brooklyn"},{"name":"International High School at Laguardia Community College","city":"Long Island City"},{"name":"International High School at Prospect Heights","city":"Brooklyn"},{"name":"International High School at Union Square","city":"New York"},{"name":"International High School for Health Sciences","city":"Elmhurst"},{"name":"International Leadership Charter High School","city":"Bronx"},{"name":"International Preparatory School (the)","city":"Buffalo"},{"name":"International School for Liberal Arts","city":"Bronx"},{"name":"Inwood Academy for Leadership Charter School","city":"New York"},{"name":"Irondequoit High School","city":"Rochester"},{"name":"Iroquois Senior High School","city":"Elma"},{"name":"Irvington High School","city":"Irvington"},{"name":"Island Trees High School","city":"Levittown"},{"name":"Islip High School","city":"Islip"},{"name":"It Takes a Village Academy","city":"Brooklyn"},{"name":"Ithaca Senior High School","city":"Ithaca"},{"name":"Jacqueline Kennedy-onassis High School","city":"New York"},{"name":"Jamaica Gateway To the Sciences","city":"Jamaica"},{"name":"James a Green Junior-senior High School","city":"Dolgeville"},{"name":"James Baldwin School-a School for Expeditionary Lrning","city":"New York"},{"name":"James I O'neill High School","city":"Fort Montgomery"},{"name":"James Madison High School","city":"Brooklyn"},{"name":"James Monroe Upper School","city":"Rochester"},{"name":"Jamestown High School","city":"Jamestown"},{"name":"Jamesville-dewitt High School","city":"Dewitt"},{"name":"Jasper-troupsburg Junior-senior High School","city":"Greenwood"},{"name":"Jericho Senior High School","city":"Jericho"},{"name":"Jill Chaifetz Transfer High School","city":"Bronx"},{"name":"John Adams High School","city":"Ozone Park"},{"name":"John Bowne High School","city":"Flushing"},{"name":"John C Birdlebough High School","city":"Phoenix"},{"name":"John Dewey High School","city":"Brooklyn"},{"name":"John F Kennedy High School","city":"Bellmore"},{"name":"John F Kennedy Senior High School","city":"Cheektowaga"},{"name":"John Jay High School","city":"Cross River"},{"name":"John Jay School for Law","city":"Brooklyn"},{"name":"John Jay Senior High School","city":"Hopewell Junction"},{"name":"Johnson City Senior High School","city":"Johnson City"},{"name":"Johnstown Junior-senior High School","city":"Johnstown"},{"name":"Jordan-elbridge High School","city":"Jordan"},{"name":"Joseph C Wilson Magnet High School","city":"Rochester"},{"name":"Juan Morel Campos Secondary School","city":"Brooklyn"},{"name":"Judith S Kaye School (the)","city":"New York"},{"name":"Kendall Junior-senior High School","city":"Kendall"},{"name":"Kenmore East Senior High School","city":"Tonawanda"},{"name":"Kenmore West Senior High School","city":"Buffalo"},{"name":"Khalil Gibran International Academy","city":"Brooklyn"},{"name":"Kings Park High School","city":"Kings Park"},{"name":"Kingsborough Early College School","city":"Brooklyn"},{"name":"Kingsbridge International High School","city":"Bronx"},{"name":"Kingston High School","city":"Kingston"},{"name":"Knowledge and Power Prep Academy International High School","city":"Bronx"},{"name":"Kurt Hahn Expeditionary Learning School","city":"Brooklyn"},{"name":"L a Webber Middle-high School","city":"Lyndonville"},{"name":"La Fayette Junior-senior High School","city":"Lafayette"},{"name":"Laboratory School of Finance and Technology (the): X223","city":"Bronx"},{"name":"Lackawanna High School","city":"Lackawanna"},{"name":"Lafayette International School","city":"Buffalo"},{"name":"Lake George Junior-senior High School","city":"Lake George"},{"name":"Lake Placid Junior-senior High School","city":"Lake Placid"},{"name":"Lake Shore Senior High School","city":"Angola"},{"name":"Lakeland High School","city":"Shrub Oak"},{"name":"Lancaster High School","city":"Lancaster"},{"name":"Landmark High School","city":"New York"},{"name":"Lansing High School","city":"Lansing"},{"name":"Lansingburgh Senior High School","city":"Troy"},{"name":"Lawrence Senior High School","city":"Cedarhurst"},{"name":"Le Roy Junior-senior High School","city":"Le Roy"},{"name":"Leaders High School","city":"Brooklyn"},{"name":"Leadership & Public Service High School","city":"New York"},{"name":"Lehman Alternative Community School","city":"Ithaca"},{"name":"Leon M Goldstein High School for the Sciences","city":"Brooklyn"},{"name":"Leonardo Da Vinci High School","city":"Buffalo"},{"name":"Letchworth Senior High School","city":"Gainesville"},{"name":"Lewis J Bennett High School of Innovative Technolgy","city":"Buffalo"},{"name":"Lewiston Porter Senior High School","city":"Youngstown"},{"name":"Liberation Diploma Plus","city":"Brooklyn"},{"name":"Liberty High School","city":"Liberty"},{"name":"Liberty High School Academy for Newcomers","city":"New York"},{"name":"Life Academy High School for Film and Music","city":"Brooklyn"},{"name":"Lincoln High School","city":"Yonkers"},{"name":"Lindenhurst Senior High School","city":"Lindenhurst"},{"name":"Linnaeus W West School","city":"Endicott"},{"name":"Little Falls High School","city":"Little Falls"},{"name":"Liverpool High School","city":"Liverpool"},{"name":"Livingston Manor High School","city":"Livingston Manor"},{"name":"Livonia Middle/high School","city":"Livonia"},{"name":"Lockport High School","city":"Lockport"},{"name":"Locust Valley High School","city":"Locust Valley"},{"name":"Lois and Richard Nicotra Early College Charter School","city":"Staten Island"},{"name":"Long Beach High School","city":"Long Beach"},{"name":"Long Island City High School","city":"Long Island City"},{"name":"Longwood High School","city":"Middle Island"},{"name":"Longwood Preparatory Academy","city":"Bronx"},{"name":"Lower East Side Preparatory High School","city":"New York"},{"name":"Lower Manhattan Arts Academy","city":"New York"},{"name":"Lowville High School","city":"Lowville"},{"name":"Lynbrook Senior High School","city":"Lynbrook"},{"name":"Lyons Community School","city":"Brooklyn"},{"name":"Lyons Senior High School","city":"Lyons"},{"name":"Madrid-waddington Junior-senior High School","city":"Madrid"},{"name":"Mahopac High School","city":"Mahopac"},{"name":"Maine-endwell Senior High School","city":"Endwell"},{"name":"Malverne Senior High School","city":"Malverne"},{"name":"Mamaroneck High School","city":"Mamaroneck"},{"name":"Manhasset Secondary School","city":"Manhasset"},{"name":"Manhattan Academy for Arts and Languages","city":"New York"},{"name":"Manhattan Bridges High School","city":"New York"},{"name":"Manhattan Business Academy","city":"New York"},{"name":"Manhattan Center for Science & Mathematics","city":"New York"},{"name":"Manhattan Comprehensive Night and Day High School","city":"New York"},{"name":"Manhattan International High School","city":"New York"},{"name":"Manhattan Village Academy","city":"New York"},{"name":"Manhattan/hunter Science High School","city":"New York"},{"name":"Maple Grove Junior/senior High School","city":"Bemus Point"},{"name":"Maple Hill Junior/senior High School","city":"Castleton"},{"name":"Marathon High School","city":"Marathon"},{"name":"Marble Hill High School of International Studies","city":"Bronx"},{"name":"Marcellus High School","city":"Marcellus"},{"name":"Marcus Whitman High School","city":"Rushville"},{"name":"Marie Curie High School-nursing","city":"Bronx"},{"name":"Marion Junior-senior High School","city":"Marion"},{"name":"Marlboro Central High School","city":"Marlboro"},{"name":"Martin Van Buren High School","city":"Queens Village"},{"name":"Maryvale High School","city":"Cheektowaga"},{"name":"Maspeth High School","city":"Elmhurst"},{"name":"Massapequa High School","city":"Massapequa"},{"name":"Massena Senior High School","city":"Massena"},{"name":"Math Engineering and Science Academy Charter High School","city":"Brooklyn"},{"name":"Math Science Technology Preparatory School at 197","city":"Buffalo"},{"name":"Math/science Research/tech Magnet","city":"Cambria Heights"},{"name":"Mattituck Junior-senior High School","city":"Mattituck"},{"name":"Maxine Greene High School for Imaginative Inquiry (the)","city":"New York"},{"name":"Mayfield Jr/sr High School","city":"Mayfield"},{"name":"Mcgraw Secondary School","city":"Mcgraw"},{"name":"Mechanicville Junior/senior High School","city":"Mechanicville"},{"name":"Medgar Evers College Preparatory School","city":"Brooklyn"},{"name":"Medina Junior-senior High School","city":"Medina"},{"name":"Metropolitan Diploma Plus High School","city":"Brooklyn"},{"name":"Metropolitan Expeditionary Learning School","city":"Forest Hills"},{"name":"Metropolitan High School (the)","city":"Bronx"},{"name":"Metropolitan Soundview High School (the)","city":"Bronx"},{"name":"Mexico High School","city":"Mexico"},{"name":"Middle College High School at Laguardia Community College","city":"Long Island City"},{"name":"Middle Early College High School","city":"Buffalo"},{"name":"Middleburgh Junior/senior High School","city":"Middleburgh"},{"name":"Middletown High School","city":"Middletown"},{"name":"Midlakes Middle/high School","city":"Clifton Springs"},{"name":"Midwood High School","city":"Brooklyn"},{"name":"Millbrook High School","city":"Millbrook"},{"name":"Millenium Art Academy","city":"Bronx"},{"name":"Millennium Brooklyn High School","city":"Brooklyn"},{"name":"Millennium High School","city":"New York"},{"name":"Miller Place High School","city":"Miller Place"},{"name":"Mineola High School","city":"Garden City Park"},{"name":"Minisink Valley High School","city":"Middletown"},{"name":"Mohonasen Senior High School","city":"Schenectady"},{"name":"Monroe-woodbury High School","city":"Central Valley"},{"name":"Monticello High School","city":"Monticello"},{"name":"Moravia Junior-senior High School","city":"Moravia"},{"name":"Moriah Junior-senior High School","city":"Port Henry"},{"name":"Morris Academy for Collaborative Studies","city":"Bronx"},{"name":"Morrisville Middle School High School","city":"Morrisville"},{"name":"Mott Hall Bronx High School","city":"Bronx"},{"name":"Mott Hall High School","city":"New York"},{"name":"Mott Hall V","city":"Bronx"},{"name":"Mott Haven Community High School","city":"Bronx"},{"name":"Mott Haven Village Preparatory High School","city":"Bronx"},{"name":"Mount Markham Senior High School","city":"West Winfield"},{"name":"Mount Morris Middle/senior High School","city":"Mount Morris"},{"name":"Mount Vernon High School","city":"Mount Vernon"},{"name":"Mount Vernon Steam Academy","city":"Mount Vernon"},{"name":"Mountain View Campus","city":"Elizabethtown"},{"name":"Multicultural High School","city":"Brooklyn"},{"name":"Murray Hill Academy","city":"New York"},{"name":"Murry Bergtraum High School for Business Careers","city":"New York"},{"name":"Mynderse Academy","city":"Seneca Falls"},{"name":"Nanuet Senior High School","city":"Nanuet"},{"name":"Naples High School","city":"Naples"},{"name":"Nelson Mandela High School","city":"Brooklyn"},{"name":"New Dawn Charter High School Ii","city":"Jamaica"},{"name":"New Design High School","city":"New York"},{"name":"New Directions Secondary School","city":"Bronx"},{"name":"New Dorp High School","city":"Staten Island"},{"name":"New Hartford Senior High School","city":"New Hartford"},{"name":"New Heights Academy Charter School","city":"New York"},{"name":"New Hyde Park Memorial High School","city":"New Hyde Park"},{"name":"New Lebanon Junior-senior High School","city":"New Lebanon"},{"name":"New Paltz Senior High School","city":"New Paltz"},{"name":"New Rochelle High School","city":"New Rochelle"},{"name":"New Roots Charter School","city":"Ithaca"},{"name":"New Utrecht High School","city":"Brooklyn"},{"name":"New Ventures Charter School","city":"Staten Island"},{"name":"New Visions Aim Charter High School I","city":"Brooklyn"},{"name":"New Visions Aim Charter High School Ii","city":"Bronx"},{"name":"New Visions Charter High School for the Humanities","city":"Bronx"},{"name":"New Visions Charter High School for the Humanities Ii","city":"Bronx"},{"name":"New Visions Charter High School for the Humanities Iv","city":"Rockaway Park"},{"name":"New Visions Charter Hs-adv Math/scie","city":"Bronx"},{"name":"New Visions Chtr Hs-adv Ma/sci Ii","city":"Bronx"},{"name":"New Visions Chtr Hs-adv Ma/sci Iii","city":"Brooklyn"},{"name":"New Visions Chtr Hs-adv Ma/sci Iv","city":"Jamaica"},{"name":"New World High School","city":"Bronx"},{"name":"Newark Senior High School","city":"Newark"},{"name":"Newark Valley Senior High School","city":"Newark Valley"},{"name":"Newburgh Free Academy","city":"Newburgh"},{"name":"Newcomers High School","city":"Long Island City"},{"name":"Newfane Senior High School","city":"Newfane"},{"name":"Newfield High School","city":"Selden"},{"name":"Newfield Senior High School","city":"Newfield"},{"name":"Newtown High School","city":"Elmhurst"},{"name":"Niagara Falls High School","city":"Niagara Falls"},{"name":"Niagara-wheatfield Senior High School","city":"Sanborn"},{"name":"Niskayuna High School","city":"Schenectady"},{"name":"North Babylon High School","city":"North Babylon"},{"name":"North Collins Junior-senior High School","city":"North Collins"},{"name":"North Queens Community High School","city":"Flushing"},{"name":"North Rockland High School","city":"Thiells"},{"name":"North Rose-wolcott High School","city":"Wolcott"},{"name":"North Salem Middle School/high School","city":"North Salem"},{"name":"North Tonawanda High School","city":"North Tonawanda"},{"name":"Northeast College Preparatory High School","city":"Rochester"},{"name":"Northern Adirondack Middle/high School","city":"Ellenburg Depot"},{"name":"Northport Senior High School","city":"Northport"},{"name":"Northside Charter High School","city":"Brooklyn"},{"name":"Northville High School","city":"Northville"},{"name":"Norwich High School","city":"Norwich"},{"name":"Norwood-norfolk School","city":"Norwood"},{"name":"Nottingham High School","city":"Syracuse"},{"name":"Nyack Senior High School","city":"Nyack"},{"name":"Nyc Charter Hs - Aeci","city":"Bronx"},{"name":"Nyc Ischool","city":"New York"},{"name":"Nyc Lab High School for Collaborative Studies","city":"New York"},{"name":"Nyc Museum School","city":"New York"},{"name":"Oakfield-alabama Middle School High School","city":"Oakfield"},{"name":"Odessa-montour Junior/senior High School","city":"Odessa"},{"name":"Odyssey Academy","city":"Rochester"},{"name":"Ogdensburg Free Academy","city":"Ogdensburg"},{"name":"Olean Senior High School","city":"Olean"},{"name":"Olympia High School","city":"Rochester"},{"name":"Olympus Academy","city":"Brooklyn"},{"name":"Oneida Senior High School","city":"Oneida"},{"name":"Oneonta Senior High School","city":"Oneonta"},{"name":"Onondaga Senior High School","city":"Nedrow"},{"name":"Ontech Charter High School","city":"Syracuse"},{"name":"Onteora High School","city":"Boiceville"},{"name":"Oppenheim-ephratah-st Johnsville Junior/senior High School","city":"St Johnsville"},{"name":"Opportunity Charter School","city":"New York"},{"name":"Orchard Collegiate Academy","city":"New York"},{"name":"Orchard Park High School","city":"Orchard Park"},{"name":"Origins High School","city":"Brooklyn"},{"name":"Oriskany Junior-senior High School","city":"Oriskany"},{"name":"Ossining High School","city":"Ossining"},{"name":"Oswego High School","city":"Oswego"},{"name":"Owego Free Academy","city":"Owego"},{"name":"Oxford Academy High School","city":"Oxford"},{"name":"Oyster Bay High School","city":"Oyster Bay"},{"name":"Pace High School","city":"New York"},{"name":"Palmyra-macedon Senior High School","city":"Palmyra"},{"name":"Pan American International High School","city":"Elmhurst"},{"name":"Pan American International High School at Monroe","city":"Bronx"},{"name":"Panama High School","city":"Panama"},{"name":"Parishville-hopkinton Junior-senior High School","city":"Parishville"},{"name":"Park East High School","city":"New York"},{"name":"Park Slope Collegiate","city":"Brooklyn"},{"name":"Patchogue-medford High School","city":"Medford"},{"name":"Pathways College Preparatory School: a College Board School","city":"Saint Albans"},{"name":"Paul D Schreiber Senior High School","city":"Port Washington"},{"name":"Paul V Moore High School","city":"Central Square"},{"name":"Pavilion Junior-senior High School","city":"Pavilion"},{"name":"Pawling High School","city":"Pawling"},{"name":"Pearl River High School","city":"Pearl River"},{"name":"Peekskill High School","city":"Peekskill"},{"name":"Pelham Lab High School","city":"Bronx"},{"name":"Pelham Memorial High School","city":"Pelham"},{"name":"Pelham Preparatory Academy","city":"Bronx"},{"name":"Pembroke Junior-senior High School","city":"Corfu"},{"name":"Penfield Senior High School","city":"Penfield"},{"name":"Penn Yan Academy","city":"Penn Yan"},{"name":"Performing Arts and Technology High School","city":"Brooklyn"},{"name":"Perry Junior-senior High School","city":"Perry"},{"name":"Peru High School","city":"Peru"},{"name":"Pierson Middle/high School","city":"Sag Harbor"},{"name":"Pine Bush Senior High School","city":"Pine Bush"},{"name":"Pine Valley Central Junior-senior High School","city":"South Dayton"},{"name":"Pioneer Senior High School","city":"Yorkshire"},{"name":"Pittsford Sutherland High School","city":"Pittsford"},{"name":"Pittsford-mendon High School","city":"Pittsford"},{"name":"Plainedge Senior High School","city":"Massapequa"},{"name":"Plainview-old Bethpage/jfk High School","city":"Plainview"},{"name":"Plattsburgh Senior High School","city":"Plattsburgh"},{"name":"Pleasantville High School","city":"Pleasantville"},{"name":"Poland Junior-senior High School","city":"Poland"},{"name":"Port Byron Senior High School","city":"Port Byron"},{"name":"Port Chester Senior High School","city":"Port Chester"},{"name":"Port Jervis Senior High School","city":"Port Jervis"},{"name":"Port Richmond High School","city":"Staten Island"},{"name":"Portville Junior-senior High School","city":"Portville"},{"name":"Potsdam Senior High School","city":"Potsdam"},{"name":"Poughkeepsie High School","city":"Poughkeepsie"},{"name":"Preparatory Academy for Writers: a College Board School","city":"Springfield Gardens"},{"name":"Professional Pathways High School","city":"Brooklyn"},{"name":"Professional Performing Arts High School","city":"New York"},{"name":"Progress High School for Professional Careers","city":"Brooklyn"},{"name":"Providing Urban Learners Success in Education High School","city":"Bronx"},{"name":"Public Service Leadership Academy at Fowler","city":"Syracuse"},{"name":"Pulaski Middle-high School","city":"Pulaski"},{"name":"Putnam Valley High School","city":"Putnam Valley"},{"name":"Queens Academy High School","city":"Flushing"},{"name":"Queens Collegiate - a College Board School","city":"Jamaica"},{"name":"Queens Gateway To Health Sciences Secondary School","city":"Jamaica"},{"name":"Queens High School for Information Research and Technology","city":"Far Rockaway"},{"name":"Queens High School for Language Studies","city":"Flushing"},{"name":"Queens High School for the Sciences at York College","city":"Jamaica"},{"name":"Queens High School of Teaching Liberal Arts and Sciences","city":"Bellerose"},{"name":"Queens Metropolitan High School","city":"Forest Hills"},{"name":"Queens Preparatory Academy","city":"Springfield Gardens"},{"name":"Queens Satellite High School for Opportunity","city":"Jamaica"},{"name":"Queens School of Inquiry (the)","city":"Flushing"},{"name":"Queensbury Senior High School","city":"Queensbury"},{"name":"Quest To Learn","city":"New York"},{"name":"Rachel Carson High School for Coastal Studies","city":"Brooklyn"},{"name":"Ramapo High School","city":"Spring Valley"},{"name":"Randolph Senior High School","city":"Randolph"},{"name":"Ravena-coeymans-selkirk Senior High School","city":"Ravena"},{"name":"Red Creek High School","city":"Red Creek"},{"name":"Red Hook Senior High School","city":"Red Hook"},{"name":"Red Jacket High School","city":"Shortsville"},{"name":"Remsen Junior-senior High School","city":"Remsen"},{"name":"Renaissance High School for Musical Theater and the Arts","city":"Bronx"},{"name":"Rensselaer Junior/senior High School","city":"Rensselaer"},{"name":"Repertory Company High School for Theatre Arts","city":"New York"},{"name":"Research and Service High School","city":"Brooklyn"},{"name":"Research Laboratory Hs-bioinformatic","city":"Buffalo"},{"name":"Rhinebeck Senior High School","city":"Rhinebeck"},{"name":"Richard R Green High School of Teaching","city":"New York"},{"name":"Richmond Hill High School","city":"Richmond Hill"},{"name":"Riverdale/kingsbridge Academy (ms/hs 141)","city":"Bronx"},{"name":"Riverhead Senior High School","city":"Riverhead"},{"name":"Riverside Academy High School","city":"Buffalo"},{"name":"Riverside High School","city":"Yonkers"},{"name":"Robert F Kennedy Community High School","city":"Flushing"},{"name":"Robert F Wagner Jr Secondary School for Arts and Technology","city":"Long Island City"},{"name":"Robert H Goddard Hs-comm/tech","city":"Ozone Park"},{"name":"Robert M Grable Jr Mount Sinai High School","city":"Mount Sinai"},{"name":"Rochester Early College International High School","city":"Rochester"},{"name":"Rockaway Collegiate High School","city":"Rockaway Park"},{"name":"Rockaway Park High School for Environmental Sustainability","city":"Rockaway Park"},{"name":"Rocky Point High School","city":"Rocky Point"},{"name":"Rome Free Academy","city":"Rome"},{"name":"Rondout Valley High School","city":"Accord"},{"name":"Roosevelt High School","city":"Roosevelt"},{"name":"Roosevelt High School - Early College Studies","city":"Yonkers"},{"name":"Roslyn High School","city":"Roslyn Heights"},{"name":"Roy C Ketcham Senior High School","city":"Wappingers Falls"},{"name":"Royalton-hartland High School","city":"Middleport"},{"name":"Ruben a Cirillo High School","city":"Walworth"},{"name":"Rush-henrietta Senior High School","city":"Henrietta"},{"name":"Rye High School","city":"Rye"},{"name":"Rye Neck Senior High School","city":"Mamaroneck"},{"name":"S S Seward Institute","city":"Florida"},{"name":"Sachem High School East","city":"Farmingville"},{"name":"Sachem High School North","city":"Lake Ronkonkoma"},{"name":"Saint Lawrence High School","city":"Brasher Falls"},{"name":"Salamanca High School","city":"Salamanca"},{"name":"Salem High School","city":"Salem"},{"name":"Salmon River High School","city":"Fort Covington"},{"name":"Sandy Creek High School","city":"Sandy Creek"},{"name":"Sanford H Calhoun High School","city":"Merrick"},{"name":"Saranac High School","city":"Saranac"},{"name":"Saranac Lake Senior High School","city":"Saranac Lake"},{"name":"Saratoga Springs High School","city":"Saratoga Springs"},{"name":"Satellite Academy High School","city":"New York"},{"name":"Saugerties Senior High School","city":"Saugerties"},{"name":"Saunders Trades & Technical High School","city":"Yonkers"},{"name":"Sauquoit Valley High School","city":"Sauquoit"},{"name":"Sayville High School","city":"West Sayville"},{"name":"Scarsdale Senior High School","city":"Scarsdale"},{"name":"Schalmont High School","city":"Schenectady"},{"name":"Schenectady High School","city":"Schenectady"},{"name":"Schoharie High School","city":"Schoharie"},{"name":"Scholars' Academy","city":"Rockaway Park"},{"name":"School 7-oceanside Senior High School","city":"Oceanside"},{"name":"School for Classics High School","city":"Brooklyn"},{"name":"School for Excellence","city":"Bronx"},{"name":"School for Human Rights (the)","city":"Brooklyn"},{"name":"School of the Arts","city":"Rochester"},{"name":"School of the Future High School","city":"New York"},{"name":"School Without Walls","city":"Rochester"},{"name":"Schuylerville High School","city":"Schuylerville"},{"name":"Schuylerville Preparatory High School","city":"Bronx"},{"name":"Science Skills Center High School","city":"Brooklyn"},{"name":"Science Technology & Research Early College","city":"Brooklyn"},{"name":"Scotia-glenville Senior High School","city":"Scotia"},{"name":"Seaford Senior High School","city":"Seaford"},{"name":"Sewanhaka High School","city":"Floral Park"},{"name":"Shaker High School","city":"Latham"},{"name":"Shenendehowa High School","city":"Clifton Park"},{"name":"Sherburne-earlville Senior High School","city":"Sherburne"},{"name":"Sherman High School","city":"Sherman"},{"name":"Shoreham-wading River High School","city":"Shoreham"},{"name":"Sidney High School","city":"Sidney"},{"name":"Silver Creek High School","city":"Silver Creek"},{"name":"Skaneateles Senior High School","city":"Skaneateles"},{"name":"Sleepy Hollow High School","city":"Sleepy Hollow"},{"name":"Smithtown High School East","city":"Saint James"},{"name":"Smithtown High School-west","city":"Smithtown"},{"name":"Sodus Jr/sr High School","city":"Sodus"},{"name":"Solvay High School","city":"Solvay"},{"name":"Somers Senior High School","city":"Lincolndale"},{"name":"South Bronx Community Charter High School","city":"Bronx"},{"name":"South Bronx Preparatory - a College Board School","city":"Bronx"},{"name":"South Brooklyn Community High School","city":"Brooklyn"},{"name":"South Glens Falls Senior High School","city":"South Glens Falls"},{"name":"South Jefferson High School","city":"Adams"},{"name":"South Lewis High School","city":"Turin"},{"name":"South Park High School","city":"Buffalo"},{"name":"South Seneca Middle/high School","city":"Ovid"},{"name":"South Side High School","city":"Rockville Centre"},{"name":"Southampton High School","city":"Southampton"},{"name":"Southern Cayuga 7-12 Secondary School","city":"Aurora"},{"name":"Southold Junior-senior High School","city":"Southold"},{"name":"Southwestern Senior High School","city":"Jamestown"},{"name":"Spackenkill High School","city":"Poughkeepsie"},{"name":"Spencer-van Etten High School","city":"Spencer"},{"name":"Spencerport High School","city":"Spencerport"},{"name":"Spring Creek Community School","city":"Brooklyn"},{"name":"Spring Valley High School","city":"Spring Valley"},{"name":"Starpoint High School","city":"Lockport"},{"name":"Staten Island Technical High School","city":"Staten Island"},{"name":"Stephen and Harriet Myers Middle School","city":"Albany"},{"name":"Stillwater Middle School High School","city":"Stillwater"},{"name":"Stissing Mountain Junior/senior High School","city":"Pine Plains"},{"name":"Stuyvesant High School","city":"New York"},{"name":"Suffern Senior High School","city":"Suffern"},{"name":"Sullivan West High School at Lake Huntington","city":"Lake Huntington"},{"name":"Summit Academy Charter School","city":"Brooklyn"},{"name":"Sunset Park High School","city":"Brooklyn"},{"name":"Susan E Wagner High School","city":"Staten Island"},{"name":"Susquehanna Valley Senior High School","city":"Conklin"},{"name":"Sweet Home Senior High School","city":"Amherst"},{"name":"Syosset Senior High School","city":"Syosset"},{"name":"Taconic Hillsjunior/senior High School","city":"Craryville"},{"name":"Talent Unlimited High School","city":"New York"},{"name":"Tappan Zee High School","city":"Orangeburg"},{"name":"Teachers Preparatory High School","city":"Brooklyn"},{"name":"Theatre Arts Production Company School","city":"Bronx"},{"name":"Thomas a Edison High School","city":"Elmira Heights"},{"name":"Thomas High School","city":"Webster"},{"name":"Thomas R Proctor High School","city":"Utica"},{"name":"Thousand Islands High School","city":"Clayton"},{"name":"Thurgood Marshall Academy for Learning & Social Change","city":"New York"},{"name":"Ticonderoga Junior-senior High School","city":"Ticonderoga"},{"name":"Tioga Senior High School","city":"Tioga Center"},{"name":"Tonawanda Middle/high School","city":"Tonawanda"},{"name":"Tottenville High School","city":"Staten Island"},{"name":"Townsend Harris High School","city":"Flushing"},{"name":"Tri-valley Secondary School","city":"Grahamsville"},{"name":"Troy High School","city":"Troy"},{"name":"Tuckahoe High School","city":"Eastchester"},{"name":"Tully Junior-senior High School","city":"Tully"},{"name":"Tupper Lake Middle-high School","city":"Tupper Lake"},{"name":"Unatego Junior-senior High School","city":"Otego"},{"name":"Union Springs High School","city":"Union Springs"},{"name":"Union-endicott High School","city":"Endicott"},{"name":"Uniondale High School","city":"Uniondale"},{"name":"Unity Center for Urban Technologies","city":"New York"},{"name":"Unity Preparatory Charter School of Brooklyn","city":"Brooklyn"},{"name":"University Heights Secondary School-bronx Community College","city":"Bronx"},{"name":"University Neighborhood High School","city":"New York"},{"name":"University Prep Charter High School","city":"Bronx"},{"name":"University Preparatory Charter School for Young Men","city":"Rochester"},{"name":"Urban Academy Laboratory High School","city":"New York"},{"name":"Urban Action Academy","city":"Brooklyn"},{"name":"Urban Assembly Academy of Government and Law","city":"New York"},{"name":"Urban Assembly Bronx Academy of Letters (the)","city":"Bronx"},{"name":"Urban Assembly Charter School for Computer Science","city":"Bronx"},{"name":"Urban Assembly Institute of Math and Science for Young Women","city":"Brooklyn"},{"name":"Urban Assembly School for Applied Math and Science (the)","city":"Bronx"},{"name":"Urban Assembly School for Law and Justice (the)","city":"Brooklyn"},{"name":"Urban Assembly School for Leadership and Empowerment","city":"Brooklyn"},{"name":"Urban Assembly School for Media Studies","city":"New York"},{"name":"Urban Assembly School for Music and Art","city":"Brooklyn"},{"name":"Urban Assembly School for the Performing Arts","city":"New York"},{"name":"Urban Assembly School of Business for Young Women","city":"New York"},{"name":"Urban Assembly School of Design and Construction","city":"New York"},{"name":"Urban Dove Team Charter School Ii","city":"Bronx"},{"name":"Valhalla High School","city":"Valhalla"},{"name":"Validus Preparatory Academy","city":"Bronx"},{"name":"Valley Central High School","city":"Montgomery"},{"name":"Valley Stream Central High School","city":"Valley Stream"},{"name":"Valley Stream North High School","city":"Franklin Square"},{"name":"Valley Stream South High School","city":"Valley Stream"},{"name":"Vanguard High School","city":"New York"},{"name":"Veritas Academy","city":"Flushing"},{"name":"Vernon-verona-sherrill Senior High School","city":"Verona"},{"name":"Vertus Charter School","city":"Rochester"},{"name":"Vestal Senior High School","city":"Vestal"},{"name":"Victor Senior High School","city":"Victor"},{"name":"Victory Collegiate High School","city":"Brooklyn"},{"name":"Voyages Prep-south Queens","city":"Jamaica"},{"name":"Voyages Preparatory","city":"Elmhurst"},{"name":"W Tresper Clarke High School","city":"Westbury"},{"name":"Wadleigh Perf and Visual Arts","city":"New York"},{"name":"Wallkill Senior High School","city":"Wallkill"},{"name":"Walt Whitman High School","city":"Huntington Station"},{"name":"Walter G O'connell Copiague High School","city":"Copiague"},{"name":"Walter Panas High School","city":"Cortlandt Manor"},{"name":"Walton High School","city":"Walton"},{"name":"Wantagh Senior High School","city":"Wantagh"},{"name":"Ward Melville Senior High School","city":"East Setauket"},{"name":"Warrensburg Junior-senior High School","city":"Warrensburg"},{"name":"Warsaw Senior High School","city":"Warsaw"},{"name":"Warwick Valley High School","city":"Warwick"},{"name":"Washingtonville Senior High School","city":"Washingtonville"},{"name":"Waterford-halfmoon Junior-senior High School","city":"Waterford"},{"name":"Waterloo High School","city":"Waterloo"},{"name":"Watertown Senior High School","city":"Watertown"},{"name":"Waterville Jr/sr High School","city":"Waterville"},{"name":"Watervliet Junior-senior High School","city":"Watervliet"},{"name":"Watkins Glen Central High School","city":"Watkins Glen"},{"name":"Waverly High School","city":"Waverly"},{"name":"Wayland-cohocton High School","city":"Wayland"},{"name":"Wayne Senior High School","city":"Ontario Center"},{"name":"Webster-schroeder High School","city":"Webster"},{"name":"Webutuck High School","city":"Amenia"},{"name":"Weedsport Junior-senior High School","city":"Weedsport"},{"name":"Wellington C Mepham High School","city":"Bellmore"},{"name":"Wellsville Secondary School","city":"Wellsville"},{"name":"West Babylon Senior High School","city":"West Babylon"},{"name":"West Bronx Academy for the Future","city":"Bronx"},{"name":"West Brooklyn Community High School","city":"Brooklyn"},{"name":"West Canada Valley Junior-senior High School","city":"Newport"},{"name":"West End Secondary School","city":"New York"},{"name":"West Genesee Senior High School","city":"Camillus"},{"name":"West Hempstead Secondary School","city":"West Hempstead"},{"name":"West Islip Senior High School","city":"West Islip"},{"name":"West Seneca East Senior High School","city":"West Seneca"},{"name":"West Seneca West Senior High School","city":"West Seneca"},{"name":"Westbury High School","city":"Old Westbury"},{"name":"Westchester Square Academy","city":"Bronx"},{"name":"Western New York Maritime Charter School","city":"Buffalo"},{"name":"Westfield High School","city":"Westfield"},{"name":"Westhampton Beach Senior High School","city":"Westhampton Beach"},{"name":"Westhill High School","city":"Syracuse"},{"name":"Westlake High School","city":"Thornwood"},{"name":"Wheatland-chili High School","city":"Scottsville"},{"name":"Wheatley School","city":"Old Westbury"},{"name":"White Plains Senior High School","city":"White Plains"},{"name":"Whitehall Junior-senior High School","city":"Whitehall"},{"name":"Whitesboro High School","city":"Marcy"},{"name":"Whitney Point Senior High School","city":"Whitney Point"},{"name":"William Cullen Bryant High School","city":"Long Island City"},{"name":"William Floyd High School","city":"Mastic Beach"},{"name":"Williamsburg Charter High School","city":"Brooklyn"},{"name":"Williamsburg High School of Art and Technology (the)","city":"Brooklyn"},{"name":"Williamsburg Preparatory School","city":"Brooklyn"},{"name":"Williamson Senior High School","city":"Williamson"},{"name":"Williamsville East High School","city":"East Amherst"},{"name":"Williamsville North High School","city":"Williamsville"},{"name":"Williamsville South High School","city":"Williamsville"},{"name":"Wilson Middle/high School","city":"Wilson"},{"name":"Windsor Central High School","city":"Windsor"},{"name":"Wings Academy","city":"Bronx"},{"name":"Women's Academy of Excellence","city":"Bronx"},{"name":"Woodlands Middle/high School","city":"Hartsdale"},{"name":"World Academy for Total Community Health High School","city":"Brooklyn"},{"name":"World Journalism Preparatory: a College Board School","city":"Flushing"},{"name":"World View High School","city":"Bronx"},{"name":"Wyandanch Memorial High School","city":"Wyandanch"},{"name":"Yonkers High School","city":"Yonkers"},{"name":"York Early College Academy","city":"Jamaica"},{"name":"York Middle/high School","city":"Retsof"},{"name":"Yorktown High School","city":"Yorktown Heights"},{"name":"Young Women's College Prep Cs","city":"Rochester"},{"name":"Young Women's Leadership School","city":"New York"},{"name":"Young Women's Leadership School of Brooklyn","city":"Brooklyn"},{"name":"Young Women's Leadership School of the Bronx","city":"Bronx"},{"name":"Young Women's Leadership School-queens","city":"Jamaica"},{"name":"Young Womens Leadership School - Astoria","city":"Long Island City"}]