[{"name":"3ea","city":"Dayton"},{"name":"Academy for Urban Scholars Youngstown","city":"Youngstown"},{"name":"Achieve Career Preparatory Academy","city":"Toledo"},{"name":"AchievePoint Career Academy - Cincinnati","city":"Cincinnati"},{"name":"Ada Bulldog Academy","city":"Ada"},{"name":"Ada High School","city":"Ada"},{"name":"Adena High School","city":"Frankfort"},{"name":"Akron Alternative Academy","city":"Akron"},{"name":"Akron Career Tech High School","city":"Akron"},{"name":"Akron Early College High School","city":"Akron"},{"name":"Akron STEM High School","city":"Akron"},{"name":"Alexander Jr. / Sr. High School","city":"Albany"},{"name":"Allen East High School","city":"Harrod"},{"name":"Alliance High School","city":"Alliance"},{"name":"Amanda-Clearcreek High School","city":"Amanda"},{"name":"Anderson High School","city":"Cincinnati"},{"name":"Anna High School","city":"Anna"},{"name":"Ansonia High School","city":"Ansonia"},{"name":"Anthony Wayne High School","city":"Whitehouse"},{"name":"Antwerp Local High School","city":"Antwerp"},{"name":"Arcadia High School","city":"Arcadia"},{"name":"Arcanum High School","city":"Arcanum"},{"name":"Archbold High School","city":"Archbold"},{"name":"Arlington Local High School","city":"Arlington"},{"name":"Arts & College Preparatory Academy","city":"Columbus"},{"name":"Ashland County Community Academy","city":"Ashland"},{"name":"Ashland High School","city":"Ashland"},{"name":"Athens High School","city":"The Plains"},{"name":"Auglaize County Educational Academy","city":"Wapakoneta"},{"name":"Aurora High School","city":"Aurora"},{"name":"Avon High School","city":"Avon"},{"name":"Avon Lake High School","city":"Avon Lake"},{"name":"Ayersville High School","city":"Defiance"},{"name":"Badger High School","city":"Kinsman"},{"name":"Barberton High School","city":"Barberton"},{"name":"Bard Early College Cleveland","city":"Cleveland"},{"name":"Barnesville High School","city":"Barnesville"},{"name":"Batavia High School","city":"Batavia"},{"name":"Bath Digital Academy","city":"Lima"},{"name":"Bath High School","city":"Lima"},{"name":"Bay High School","city":"Bay Village"},{"name":"Beachwood High School","city":"Beachwood"},{"name":"Beacon Hill Academy","city":"Dundee"},{"name":"Beallsville High School","city":"Beallsville"},{"name":"Beaver Local High School","city":"East Liverpool"},{"name":"Beavercreek High School","city":"Beavercreek"},{"name":"Bedford High School","city":"Bedford"},{"name":"Beechcroft High School","city":"Columbus"},{"name":"Bellaire High School","city":"Bellaire"},{"name":"Bellbrook High School","city":"Bellbrook"},{"name":"Bellefontaine High School","city":"Bellefontaine"},{"name":"Bellevue High School","city":"Bellevue"},{"name":"Belmont High School","city":"Dayton"},{"name":"Belpre High School","city":"Belpre"},{"name":"Benjamin Logan High School","city":"Bellefontaine"},{"name":"Berea-Midpark High School","city":"Berea"},{"name":"Berkshire High School","city":"Burton"},{"name":"Berne Union High School","city":"Sugar Grove"},{"name":"Bethel High School","city":"Tipp City"},{"name":"Bethel Tate High School","city":"Bethel"},{"name":"Bexley High School","city":"Bexley"},{"name":"Big Walnut High School","city":"Sunbury"},{"name":"Black River Career Prep High School","city":"Elyria"},{"name":"Black River High School","city":"Sullivan"},{"name":"Blanchester High School","city":"Blanchester"},{"name":"Bloom-Carroll High School","city":"Carroll"},{"name":"Bloomfield High School","city":"North Bloomfield"},{"name":"BlueSky Virtual Academy","city":"Waterford"},{"name":"Bluffton High School","city":"Bluffton"},{"name":"Boardman High School","city":"Youngstown"},{"name":"Botkins High School","city":"Botkins"},{"name":"Bowling Green High School","city":"Bowling Green"},{"name":"Bowsher High School","city":"Toledo"},{"name":"Bradford High School","city":"Bradford"},{"name":"Brecksville-Broadview Heights High School","city":"Broadview Heights"},{"name":"Briggs High School","city":"Columbus"},{"name":"Bristol High School","city":"Bristolville"},{"name":"Brookfield High School","city":"Brookfield"},{"name":"Brooklyn High School","city":"Brooklyn"},{"name":"Brookside High School","city":"Sheffield Village"},{"name":"Brookville High School","city":"Brookville"},{"name":"Brunswick High School","city":"Brunswick"},{"name":"Brush High School","city":"Lyndhurst"},{"name":"Bryan Middle School/High School","city":"Bryan"},{"name":"Buchtel Community Learning Center","city":"Akron"},{"name":"Buckeye Central High School","city":"New Washington"},{"name":"Buckeye Community School","city":"Ontario"},{"name":"Buckeye Community School - London","city":"London"},{"name":"Buckeye Community School - Marion","city":"Marion"},{"name":"Buckeye High School","city":"Medina"},{"name":"Buckeye Local High School","city":"Rayland"},{"name":"Buckeye Trail High School","city":"Lore City"},{"name":"Buckeye Valley Local High School","city":"Delaware"},{"name":"Bucyrus Secondary School","city":"Bucyrus"},{"name":"Butler High School","city":"Vandalia"},{"name":"Caldwell High School","city":"Caldwell"},{"name":"Cambridge High School","city":"Cambridge"},{"name":"Campus International High School","city":"Cleveland"},{"name":"Canal Winchester High School","city":"Canal Winchester"},{"name":"Canfield High School","city":"Canfield"},{"name":"Canton Harbor High School","city":"Canton"},{"name":"Canton South High School","city":"Canton"},{"name":"Capital City Career Prep High School","city":"Columbus"},{"name":"Cardinal High School","city":"Middlefield"},{"name":"Cardington-Lincoln High School","city":"Cardington"},{"name":"Carey High School","city":"Carey"},{"name":"Carlisle High School","city":"Carlisle"},{"name":"Carrollton High School-Carrollton Middle School","city":"Carrollton"},{"name":"Cascade Career Prep High School","city":"Akron"},{"name":"Cedarville High School","city":"Cedarville"},{"name":"Celina High School","city":"Celina"},{"name":"Centennial High School","city":"Columbus"},{"name":"Centerburg High School","city":"Centerburg"},{"name":"Centerville High School","city":"Centerville"},{"name":"Central Crossing High School","city":"Grove City"},{"name":"Central High School","city":"Columbus"},{"name":"Chagrin Falls High School","city":"Chagrin Falls"},{"name":"Chalker High School","city":"Southington"},{"name":"Champion High School","city":"Warren"},{"name":"Chaney High","city":"Youngstown"},{"name":"Chardon High School","city":"Chardon"},{"name":"Charles School at Ohio Dominican University","city":"Columbus"},{"name":"Chesapeake High School","city":"Chesapeake"},{"name":"Chillicothe High School","city":"Chillicothe"},{"name":"Chippewa Jr./Sr. High School","city":"Doylestown"},{"name":"Chippewa Virtual Learning Academy","city":"Doylestown"},{"name":"Choices Alternative School","city":"Canton"},{"name":"Circleville High School","city":"Circleville"},{"name":"Clark Montessori High School","city":"Cincinnati"},{"name":"Clay High School","city":"Oregon"},{"name":"Clay High School","city":"Portsmouth"},{"name":"Claymont High School","city":"Uhrichsville"},{"name":"Clear Fork High School","city":"Bellville"},{"name":"Clearview High School","city":"Lorain"},{"name":"Clearview Local Schools","city":"Lorain"},{"name":"Clermont Northeastern High School","city":"Batavia"},{"name":"Cleveland Academy for Scholarship Technology and Leadership","city":"Cleveland"},{"name":"Cleveland Early College High","city":"Cleveland"},{"name":"Cleveland Heights High School","city":"Cleveland Heights"},{"name":"Cleveland High School for the Digital Arts","city":"Cleveland"},{"name":"Cleveland School of Architecture & Design","city":"Cleveland"},{"name":"Cleveland School of Science & Medicine","city":"Cleveland"},{"name":"Cleveland School Of The Arts High School","city":"Cleveland"},{"name":"Cliff Park High School","city":"Springfield"},{"name":"Clinton-Massie High School","city":"Clarksville"},{"name":"Cloverleaf High School","city":"Lodi"},{"name":"Clyde High School","city":"Clyde"},{"name":"Col Crawford High School","city":"Crestline"},{"name":"Coldwater High School","city":"Coldwater"},{"name":"Colerain High School","city":"Cincinnati"},{"name":"Columbia High School","city":"Columbia Station"},{"name":"Columbian High School","city":"Tiffin"},{"name":"Columbiana High School","city":"Columbiana"},{"name":"Columbus Africentric Early College High School","city":"Columbus"},{"name":"Columbus Alternative High School","city":"Columbus"},{"name":"Columbus Grove High School","city":"Columbus Grove"},{"name":"Columbus North International School (7-12)","city":"Columbus"},{"name":"Conneaut High School","city":"Conneaut"},{"name":"Conotton Valley High School","city":"Bowerston"},{"name":"Continental Local High School","city":"Continental"},{"name":"Copley High School","city":"Copley"},{"name":"Cory-Rawson High School","city":"Rawson"},{"name":"Coshocton High School","city":"Coshocton"},{"name":"Coshocton Opportunity School","city":"Coshocton"},{"name":"Coventry High School","city":"Akron"},{"name":"Covington High School","city":"Covington"},{"name":"Crestline Bulldog Academy","city":"Crestline"},{"name":"Crestline High School","city":"Crestline"},{"name":"Crestview High School","city":"Columbiana"},{"name":"Crestview High School","city":"Ashland"},{"name":"Crestview High School","city":"Convoy"},{"name":"Crestwood High School","city":"Mantua"},{"name":"Crooksville High School","city":"Crooksville"},{"name":"Cuyahoga Falls High School","city":"Cuyahoga Falls"},{"name":"Cuyahoga Hts High School","city":"Cuyahoga Heights"},{"name":"Cypress High School","city":"Mansfield"},{"name":"Dalton High School","city":"Dalton"},{"name":"Danbury High School","city":"Lakeside Marblehead"},{"name":"Danville High School","city":"Danville"},{"name":"David Anderson Jr/Sr High School","city":"Lisbon"},{"name":"David H. Ponitz Career Technology  Center","city":"Dayton"},{"name":"Davis Aerospace & Maritime High School","city":"Cleveland"},{"name":"Dawson-Bryant High School","city":"Coal Grove"},{"name":"Dayton Athletic Vocational Academy","city":"Dayton"},{"name":"Dayton Business Technology High School","city":"Dayton"},{"name":"Dayton Career Tech High School","city":"Dayton"},{"name":"Dayton Digital Academy","city":"Dayton"},{"name":"Dayton Early College Academy Inc","city":"Dayton"},{"name":"Dayton Regional STEM School","city":"Kettering"},{"name":"Deer Park  Jr/Sr High School","city":"Cincinnati"},{"name":"Defiance High School","city":"Defiance"},{"name":"Design Lab @ Health Careers","city":"Cleveland"},{"name":"Dixie High School","city":"New Lebanon"},{"name":"Dohn Community","city":"Cincinnati"},{"name":"Dover High School","city":"Dover"},{"name":"Dublin Coffman High School","city":"Dublin"},{"name":"Dublin Jerome High School","city":"Dublin"},{"name":"Dublin Scioto High School","city":"Dublin"},{"name":"Dunbar Early College High School","city":"Dayton"},{"name":"Eagle Learning Center","city":"Oregon"},{"name":"Early College Academy","city":"Columbus"},{"name":"East Canton High School","city":"East Canton"},{"name":"East Clinton High School","city":"Sabina"},{"name":"East Community Learning Center","city":"Akron"},{"name":"East High School","city":"Columbus"},{"name":"East High School","city":"Youngstown"},{"name":"East Knox Junior/Senior High School","city":"Howard"},{"name":"East Liverpool High School","city":"East Liverpool"},{"name":"East Palestine High School","city":"East Palestine"},{"name":"Eastern High School","city":"Winchester"},{"name":"Eastern High School","city":"Reedsville"},{"name":"Eastern High School","city":"Beaver"},{"name":"Eastmoor Academy","city":"Columbus"},{"name":"Eastwood I High School","city":"Pemberville"},{"name":"Eaton High School","city":"Eaton"},{"name":"Edgerton High School","city":"Edgerton"},{"name":"Edgewood High School","city":"Ashtabula"},{"name":"Edgewood High School","city":"Trenton"},{"name":"Edison High School","city":"Milan"},{"name":"Edison High School","city":"Richmond"},{"name":"Edon High School","city":"Edon"},{"name":"Elgin High School","city":"Marion"},{"name":"Elida High School","city":"Elida"},{"name":"Ellet Community Learning Center","city":"Akron"},{"name":"Elmwood High School","city":"Bloomdale"},{"name":"Elyria High School","city":"Elyria"},{"name":"Euclid High School","city":"Euclid"},{"name":"Evergreen High School","city":"Metamora"},{"name":"Fairbanks High School","city":"Milford Center"},{"name":"Fairborn Digital Academy","city":"Fairborn"},{"name":"Fairborn High School","city":"Fairborn"},{"name":"Fairfield High School","city":"Fairfield"},{"name":"Fairfield Local High School","city":"Leesburg"},{"name":"Fairfield Union High School","city":"Lancaster"},{"name":"Fairland High School","city":"Proctorville"},{"name":"Fairlawn High School","city":"Sidney"},{"name":"Fairless High School","city":"Navarre"},{"name":"Fairport Harding High School","city":"Fairport Harbor"},{"name":"Fairview High School","city":"Fairview Park"},{"name":"Fairview High School","city":"Sherwood"},{"name":"Fayette Jr/Sr High School","city":"Fayette"},{"name":"Fayetteville-Perry High School","city":"Fayetteville"},{"name":"Federal Hocking High School","city":"Stewart"},{"name":"Federal Hocking Local Schools","city":"Stewart"},{"name":"Felicity-Franklin Local  High School","city":"Felicity"},{"name":"Field High School","city":"Mogadore"},{"name":"Findlay Digital Academy","city":"Findlay"},{"name":"Findlay High School","city":"Findlay"},{"name":"Finneytown Secondary Campus","city":"Cincinnati"},{"name":"Firelands High School","city":"Oberlin"},{"name":"Firestone Community Learning Center","city":"Akron"},{"name":"Fitch High School","city":"Youngstown"},{"name":"Flex High School","city":"Columbus"},{"name":"Flex High School Cleveland","city":"Richmond Heights"},{"name":"Focus Learning Academy of Southeastern Columbus","city":"Columbus"},{"name":"Focus Learning Academy of Southwest Columbus","city":"Columbus"},{"name":"Focus North High School","city":"Columbus"},{"name":"Fort Frye High School","city":"Beverly"},{"name":"Fort Hayes Arts and Academic HS","city":"Columbus"},{"name":"Fort Jennings High School","city":"Fort Jennings"},{"name":"Fort Loramie Junior-Senior High School","city":"Fort Loramie"},{"name":"Fort Recovery High School","city":"Fort Recovery"},{"name":"Fostoria Junior/Senior High School","city":"Fostoria"},{"name":"Foxfire High School","city":"Zanesville"},{"name":"Franklin Heights High School","city":"Columbus"},{"name":"Franklin High School","city":"Franklin"},{"name":"Franklin Local Community School","city":"Roseville"},{"name":"Franklin Monroe High School","city":"Arcanum"},{"name":"Franklinton High School","city":"Columbus"},{"name":"Franklinton Prep High School","city":"Columbus"},{"name":"Frederick Douglass High School","city":"Cleveland"},{"name":"Fredericktown High School","city":"Fredericktown"},{"name":"Fremont Ross High School","city":"Fremont"},{"name":"Frontier High/Middle School","city":"New Matamoras"},{"name":"Galion High School","city":"Galion"},{"name":"Galion Online Academy","city":"Galion"},{"name":"Gallia Academy High School","city":"Gallipolis"},{"name":"Garaway High School","city":"Sugarcreek"},{"name":"Garfield Community Learning Center","city":"Akron"},{"name":"Garfield Heights High School","city":"Garfield Heights"},{"name":"Gem City Career Prep High School","city":"Dayton"},{"name":"Geneva High School","city":"Geneva"},{"name":"Genoa Area High School","city":"Genoa"},{"name":"George Voinovich Contemporary Career High School","city":"Cleveland"},{"name":"Georgetown Jr/Sr High School","city":"Georgetown"},{"name":"Gibsonburg High School","city":"Gibsonburg"},{"name":"Gilbert A. Dater High School","city":"Cincinnati"},{"name":"Girard Sr High School","city":"Girard"},{"name":"GlenOak High School","city":"Canton"},{"name":"Glenwood High School","city":"New Boston"},{"name":"Global Impact STEM Academy","city":"Springfield"},{"name":"Goshen High School","city":"Goshen"},{"name":"Graham High School","city":"Saint Paris"},{"name":"Graham School The","city":"Columbus"},{"name":"Grand Valley High School","city":"Orwell"},{"name":"Grandview Heights High School","city":"Columbus"},{"name":"Granville High School","city":"Granville"},{"name":"Greater Ohio Virtual School","city":"Lebanon"},{"name":"Green High School","city":"Franklin Furnace"},{"name":"Green High School","city":"Uniontown"},{"name":"Greeneview High School","city":"Jamestown"},{"name":"Greenon High School","city":"Enon"},{"name":"Greenville Senior High School","city":"Greenville"},{"name":"Grove City High School","city":"Grove City"},{"name":"Groveport Madison High School","city":"Groveport"},{"name":"Hamilton High School","city":"Hamilton"},{"name":"Hamilton Township High School","city":"Columbus"},{"name":"Hardin Community School","city":"Kenton"},{"name":"Hardin Northern High School","city":"Dola"},{"name":"Harding High School","city":"Marion"},{"name":"Harrison Central Jr./Sr. High School","city":"Cadiz"},{"name":"Harvey High School","city":"Painesville"},{"name":"Heath High School","city":"Heath"},{"name":"Hicksville High School","city":"Hicksville"},{"name":"Highland High School","city":"Medina"},{"name":"Highland High School","city":"Marengo"},{"name":"Hiland High School","city":"Millersburg"},{"name":"Hilliard Bradley High School","city":"Hilliard"},{"name":"Hilliard Darby High School","city":"Hilliard"},{"name":"Hilliard Davidson High School","city":"Hilliard"},{"name":"Hilliard Online Academy","city":"Hilliard"},{"name":"Hillsboro High School","city":"Hillsboro"},{"name":"Hillsdale High School","city":"Jeromesville"},{"name":"Hilltop High School","city":"West Unity"},{"name":"Holgate High School","city":"Holgate"},{"name":"Hoover High School","city":"North Canton"},{"name":"Hopewell-Loudon Local High School","city":"Bascom"},{"name":"Horizon Science Acad Cleveland","city":"Cleveland"},{"name":"Horizon Science Academy Columbus","city":"Columbus"},{"name":"Horizon Science Academy Dayton High School","city":"Dayton"},{"name":"Houston High School","city":"Houston"},{"name":"Howland High School","city":"Warren"},{"name":"Hubbard High School","city":"Hubbard"},{"name":"Hudson High School","city":"Hudson"},{"name":"Hughes STEM High School","city":"Cincinnati"},{"name":"Huntington High School","city":"Chillicothe"},{"name":"Huron High School","city":"Huron"},{"name":"Independence High School","city":"Columbus"},{"name":"Independence High School","city":"Independence"},{"name":"Indian Creek High School","city":"Wintersville"},{"name":"Indian Hill High School","city":"Cincinnati"},{"name":"Indian Lake High School","city":"Lewistown"},{"name":"Indian River (Irjcf)","city":"Massillon"},{"name":"Indian Valley High School","city":"Gnadenhutten"},{"name":"Interactive Media & Construction (IMAC)","city":"Mansfield"},{"name":"Invictus High School","city":"Cleveland"},{"name":"Ironton High School","city":"Ironton"},{"name":"iSTEM Geauga Early College High School","city":"Painesville"},{"name":"Jackson Center High School","city":"Jackson Center"},{"name":"Jackson High School","city":"Jackson"},{"name":"Jackson High School","city":"Massillon"},{"name":"Jackson-Milton High School","city":"North Jackson"},{"name":"James A Garfield High School","city":"Garrettsville"},{"name":"James N. Gamble Montessori High School","city":"Cincinnati"},{"name":"Jefferson Area Sr High School","city":"Jefferson"},{"name":"Jefferson High School","city":"Delphos"},{"name":"Jefferson Jr./Sr. High School","city":"Dayton"},{"name":"Jesup W. Scott High School","city":"Toledo"},{"name":"John Glenn High School","city":"New Concord"},{"name":"John Marshall School of Business and Civic Leadership","city":"Cleveland"},{"name":"John Marshall School of Information Technology","city":"Cleveland"},{"name":"Johnstown High School","city":"Johnstown"},{"name":"Jonathan Alder High School","city":"Plain City"},{"name":"Jones Leadership Academy","city":"Toledo"},{"name":"Kalida High School","city":"Kalida"},{"name":"Kenston High School","city":"Chagrin Falls"},{"name":"Kenton High School","city":"Kenton"},{"name":"Kenton Ridge High School","city":"Springfield"},{"name":"Kettering Fairmont High School","city":"Kettering"},{"name":"Keystone High School","city":"Lagrange"},{"name":"Kings High School","city":"Kings Mills"},{"name":"Kirtland High School","city":"Kirtland"},{"name":"LaBrae High School","city":"Leavittsburg"},{"name":"Lake Erie International High School","city":"Cleveland"},{"name":"Lake High School","city":"Millbury"},{"name":"Lake Middle / High School","city":"Uniontown"},{"name":"Lakeside High School","city":"Ashtabula"},{"name":"Lakeview High School","city":"Cortland"},{"name":"Lakewood High School","city":"Lakewood"},{"name":"Lakewood High School","city":"Hebron"},{"name":"Lakota East High School","city":"Liberty Township"},{"name":"Lakota High School","city":"Kansas"},{"name":"Lakota West High School","city":"West Chester"},{"name":"Lancaster High School","city":"Lancaster"},{"name":"Lebanon High School","city":"Lebanon"},{"name":"Leetonia Jr./Sr. High School","city":"Leetonia"},{"name":"Leipsic High School","city":"Leipsic"},{"name":"Lexington High School","city":"Lexington"},{"name":"Liberty Center High School","city":"Liberty Center"},{"name":"Liberty High School","city":"Dayton"},{"name":"Liberty High School","city":"Youngstown"},{"name":"Liberty Preparatory School","city":"Smithville"},{"name":"Liberty Union High School","city":"Baltimore"},{"name":"Liberty-Benton High School","city":"Findlay"},{"name":"Licking Heights High School","city":"Pataskala"},{"name":"Licking Valley High School","city":"Newark"},{"name":"Licking Valley Online Learning School","city":"Newark"},{"name":"Lima Senior High School","city":"Lima"},{"name":"Lincoln High School","city":"Gahanna"},{"name":"Lincoln West School Of Global Studies","city":"Cleveland"},{"name":"Lincoln West School of Science & Health","city":"Cleveland"},{"name":"Lincolnview Jr/Sr High School","city":"Van Wert"},{"name":"Linden-McKinley STEM Academy","city":"Columbus"},{"name":"Little Miami High School","city":"Morrow"},{"name":"Lockland High School","city":"Lockland"},{"name":"Logan Elm High School","city":"Circleville"},{"name":"Logan High School","city":"Logan"},{"name":"London High School","city":"London"},{"name":"Lorain High School","city":"Lorain"},{"name":"Lordstown High School","city":"Warren"},{"name":"Loudonville High School","city":"Loudonville"},{"name":"Louisville High School","city":"Louisville"},{"name":"Loveland High School","city":"Loveland"},{"name":"Lowellville High School","city":"Lowellville"},{"name":"Lucas High School","city":"Lucas"},{"name":"Luther E Ball (Chjcf)","city":"Highland Hills"},{"name":"Lynchburg-Clay High School","city":"Lynchburg"},{"name":"Madeira High School","city":"Cincinnati"},{"name":"Madison High School","city":"Middletown"},{"name":"Madison High School","city":"Madison"},{"name":"Madison High School","city":"Mansfield"},{"name":"Madison-Plains High School","city":"London"},{"name":"Mahoning County High School","city":"Youngstown"},{"name":"Mahoning Unlimited Classroom","city":"Canfield"},{"name":"Malvern High School","city":"Malvern"},{"name":"Manchester High School","city":"Manchester"},{"name":"Manchester High School","city":"Akron"},{"name":"Mansfield Senior High School","city":"Mansfield"},{"name":"Maple Heights High School","city":"Maple Heights"},{"name":"Mapleton High School","city":"Ashland"},{"name":"Maplewood High School","city":"Cortland"},{"name":"Margaretta High School","city":"Castalia"},{"name":"Mariemont High School","city":"Cincinnati"},{"name":"Marietta High School","city":"Marietta"},{"name":"Marion L Steele High School","city":"Amherst"},{"name":"Marion Local High School","city":"Maria Stein"},{"name":"Marion-Franklin High School","city":"Columbus"},{"name":"Maritime Academy of Toledo The","city":"Toledo"},{"name":"Marlington High School","city":"Alliance"},{"name":"Marshall High School","city":"Middletown"},{"name":"Martins Ferry High School","city":"Martins Ferry"},{"name":"Marysville High School","city":"Marysville"},{"name":"Marysville STEM Early College High School","city":"Marysville"},{"name":"Mason Run High School","city":"Columbus"},{"name":"Mathews High School","city":"Vienna"},{"name":"Maumee High School","city":"Maumee"},{"name":"Mayfield High School","city":"Cleveland"},{"name":"Maysville High School","city":"Zanesville"},{"name":"MC^2 STEM High School","city":"Cleveland"},{"name":"McClain High School","city":"Greenfield"},{"name":"McComb Local Jr/Sr High School","city":"McComb"},{"name":"McDonald High School","city":"Mc Donald"},{"name":"Mckinley High School","city":"Sebring"},{"name":"McKinley High School","city":"Canton"},{"name":"McKinley High School","city":"Niles"},{"name":"Meadowbrook High School","city":"Byesville"},{"name":"Meadowdale High School","city":"Dayton"},{"name":"Mechanicsburg High School","city":"Mechanicsburg"},{"name":"Medina High School","city":"Medina"},{"name":"Meigs High School","city":"Pomeroy"},{"name":"Memorial High School","city":"Campbell"},{"name":"Mentor High School","city":"Mentor"},{"name":"Metro Early College High School","city":"Columbus"},{"name":"Miami East High School","city":"Casstown"},{"name":"Miami School","city":"Hamilton"},{"name":"Miami Trace High School","city":"Washington Court House"},{"name":"Miamisburg High School","city":"Miamisburg"},{"name":"Middletown High School","city":"Middletown"},{"name":"Midview High School","city":"Grafton"},{"name":"Mifflin High School","city":"Columbus"},{"name":"Milford Academy","city":"Milford"},{"name":"Milford Sr High School","city":"Milford"},{"name":"Miller City High School","city":"Miller City"},{"name":"Miller High School","city":"Corning"},{"name":"Millersport Jr/Sr High School","city":"Millersport"},{"name":"Milton-Union High School","city":"West Milton"},{"name":"Mineral Ridge High School","city":"Mineral Ridge"},{"name":"Minerva High School","city":"Minerva"},{"name":"Minford High School","city":"Minford"},{"name":"Minster Jr/Sr High School","city":"Minster"},{"name":"Mississinawa Valley JR/SR High School","city":"Union City"},{"name":"Mogadore High School","city":"Mogadore"},{"name":"Mohawk High School","city":"Sycamore"},{"name":"Monroe Central High School","city":"Woodsfield"},{"name":"Monroe High School","city":"Monroe"},{"name":"Monroeville High School","city":"Monroeville"},{"name":"Montpelier High School","city":"Montpelier"},{"name":"Morgan High School","city":"Mc Connelsville"},{"name":"Mound Street Academy","city":"Dayton"},{"name":"Mount Vernon High School","city":"Mount Vernon"},{"name":"Mt Gilead High School","city":"Mount Gilead"},{"name":"Mt Healthy High School","city":"Cincinnati"},{"name":"Napoleon Junior/Senior High School","city":"Napoleon"},{"name":"National Trail High School","city":"New Paris"},{"name":"Nelsonville-York High School","city":"Nelsonville"},{"name":"New Albany High School","city":"New Albany"},{"name":"New Beginnings","city":"Lorain"},{"name":"New Bremen High School","city":"New Bremen"},{"name":"New Knoxville High School","city":"New Knoxville"},{"name":"New Lexington High School","city":"New Lexington"},{"name":"New London High School","city":"New London"},{"name":"New Miami  High School","city":"Hamilton"},{"name":"New Philadelphia High School","city":"New Philadelphia"},{"name":"New Richmond High School","city":"New Richmond"},{"name":"New Riegel High School","city":"New Riegel"},{"name":"Newark High School","city":"Newark"},{"name":"Newcomerstown High School","city":"Newcomerstown"},{"name":"Newton Falls High School","city":"Newton Falls"},{"name":"Newton High School","city":"Pleasant Hill"},{"name":"Nordonia Digital Knights Academy","city":"Macedonia"},{"name":"Nordonia High School","city":"Macedonia"},{"name":"Normandy High School","city":"Parma"},{"name":"North Adams High School","city":"Seaman"},{"name":"North Baltimore High School","city":"North Baltimore"},{"name":"North Central Academy","city":"Tiffin"},{"name":"North Central Junior/High School","city":"Pioneer"},{"name":"North College Hill High School","city":"Cincinnati"},{"name":"North Fork Online Academy","city":"Utica"},{"name":"North High School","city":"Akron"},{"name":"North High School","city":"Eastlake"},{"name":"North Olmsted High School","city":"North Olmsted"},{"name":"North Ridgeville High School","city":"North Ridgeville"},{"name":"North Royalton High School","city":"North Royalton"},{"name":"North Union High School","city":"Richwood"},{"name":"North Woods Career Prep High School","city":"Columbus"},{"name":"Northeastern Middle/High School","city":"South Vienna"},{"name":"Northland High School","city":"Columbus"},{"name":"Northmont High School","city":"Clayton"},{"name":"Northmor High School","city":"Galion"},{"name":"Northridge High School","city":"Johnstown"},{"name":"Northridge High School","city":"Dayton"},{"name":"Northwest High School","city":"Cincinnati"},{"name":"Northwest High School","city":"Mc Dermott"},{"name":"Northwest High School","city":"Canal Fulton"},{"name":"Northwestern High School","city":"West Salem"},{"name":"Northwestern Junior/Senior High School","city":"Springfield"},{"name":"Northwood High School","city":"Northwood"},{"name":"Norton High School","city":"Norton"},{"name":"Norwalk High School","city":"Norwalk"},{"name":"Norwayne High School","city":"Creston"},{"name":"Norwood High School","city":"Norwood"},{"name":"Oak Harbor High School","city":"Oak Harbor"},{"name":"Oak Hill Middle/High School","city":"Oak Hill"},{"name":"Oak Hills High School","city":"Cincinnati"},{"name":"Oakwood High School","city":"Dayton"},{"name":"Oberlin High School","city":"Oberlin"},{"name":"Ohio Construction Academy","city":"Columbus"},{"name":"Ohio Digital Learning School","city":"Maumee"},{"name":"Old Brook High School","city":"Cleveland"},{"name":"Old Fort High School","city":"Tiffin"},{"name":"Olentangy Berlin High School","city":"Delaware"},{"name":"Olentangy High School","city":"Lewis Center"},{"name":"Olentangy Liberty High School","city":"Powell"},{"name":"Olmsted Falls High School","city":"Olmsted Falls"},{"name":"Ontario High School","city":"Mansfield"},{"name":"Orange High School","city":"Lewis"},{"name":"Orange High School","city":"Pepper Pike"},{"name":"Orrville High School","city":"Orrville"},{"name":"Otsego High School","city":"Bowling Green"},{"name":"Ottawa Hills High School","city":"Toledo"},{"name":"Ottawa-Glandorf High School","city":"Ottawa"},{"name":"Ottoville High School","city":"Ottoville"},{"name":"Paint Valley High School","city":"Bainbridge"},{"name":"Pandora-Gilboa High School","city":"Pandora"},{"name":"Parkway High School","city":"Rockford"},{"name":"Parma High School","city":"Parma"},{"name":"Patrick Henry High School","city":"Hamler"},{"name":"Paulding High School","city":"Paulding"},{"name":"Peebles High School","city":"Peebles"},{"name":"Perkins High School","city":"Sandusky"},{"name":"Perry High School","city":"Lima"},{"name":"Perry High School","city":"Perry"},{"name":"Perry High School","city":"Massillon"},{"name":"Perrysburg High School","city":"Perrysburg"},{"name":"Pettisville High School","city":"Pettisville"},{"name":"Philo High School","city":"Duncan Falls"},{"name":"Pickerington Alternative School","city":"Pickerington"},{"name":"Pickerington High School Central","city":"Pickerington"},{"name":"Pickerington High School North","city":"Pickerington"},{"name":"Pike-Delta-York High School","city":"Delta"},{"name":"Piketon Jr/Sr High School","city":"Piketon"},{"name":"Piqua High School","city":"Piqua"},{"name":"Pleasant High School","city":"Marion"},{"name":"Plymouth High School","city":"Plymouth"},{"name":"Poland Seminary High School","city":"Poland"},{"name":"Port Clinton High School","city":"Port Clinton"},{"name":"Portsmouth Junior High School/Portsmouth High School","city":"Portsmouth"},{"name":"Portsmouth West High School","city":"West Portsmouth"},{"name":"Preble Shawnee High School High School","city":"Camden"},{"name":"Princeton High School","city":"Cincinnati"},{"name":"Princeton Innovation Center","city":"Cincinnati"},{"name":"Priority High School","city":"Cincinnati"},{"name":"Promise Academy","city":"Cleveland"},{"name":"Put-In-Bay High School","city":"Put-In-Bay"},{"name":"Pymatuning Valley High School","city":"Andover"},{"name":"Pymatuning Valley Local Schools Online","city":"Andover"},{"name":"Queen City Career Prep High School","city":"Cincinnati"},{"name":"Ralph C Starkey (Cjcf)","city":"Circleville"},{"name":"Randall Park High School","city":"North Randall"},{"name":"Ranger Online Academy","city":"Northwood"},{"name":"Ravenna High School","city":"Ravenna"},{"name":"Reading Junior Senior High School","city":"Reading"},{"name":"Regent High School","city":"Cleveland"},{"name":"Revere High School","city":"Richfield"},{"name":"Reynoldsburg Health Sciences & Human Services STEM Academy","city":"Reynoldsburg"},{"name":"Reynoldsburg High School eSTEM","city":"Reynoldsburg"},{"name":"Reynoldsburg HS Business Education Leadership & Law Academy","city":"Reynoldsburg"},{"name":"Reynoldsburg HS Encore: Arts Communication & Design Academy","city":"Reynoldsburg"},{"name":"Rhodes School of Environmental Studies","city":"Cleveland"},{"name":"Richmond Heights High School","city":"Richmond Heights"},{"name":"Ridgedale Jr/Sr High School","city":"Morral"},{"name":"Ridgemont High School","city":"Mount Victory"},{"name":"Ridgewood High School","city":"West Lafayette"},{"name":"Ripley-Union-Lewis-Huntington High School","city":"Ripley"},{"name":"Rittman Academy","city":"Rittman"},{"name":"Rittman High School","city":"Rittman"},{"name":"River Gate High School","city":"Warren"},{"name":"River High School","city":"Hannibal"},{"name":"River Valley High School","city":"Caledonia"},{"name":"River Valley High School","city":"Bidwell"},{"name":"River View High School","city":"Warsaw"},{"name":"Riverdale High School","city":"Mt Blanchard"},{"name":"Riverside High School","city":"De Graff"},{"name":"Riverside Jr/Sr High School","city":"Painesville"},{"name":"Road to Success Academy","city":"Columbus"},{"name":"Robert A. Taft Information Technology High School","city":"Cincinnati"},{"name":"Rock Hill Sr High School","city":"Ironton"},{"name":"Rocky River High School","city":"Rocky River"},{"name":"Rogers High School","city":"Toledo"},{"name":"Rootstown/Ward Davis Bldg High School","city":"Rootstown"},{"name":"Ross High School","city":"Hamilton"},{"name":"Rossford High School","city":"Rossford"},{"name":"Russia High School","city":"Russia"},{"name":"Rutherford B Hayes High School","city":"Delaware"},{"name":"Salem High School","city":"Salem"},{"name":"Sandusky High School","city":"Sandusky"},{"name":"Sandy Valley High School","city":"Magnolia"},{"name":"Schnee Learning Center","city":"Cuyahoga Falls"},{"name":"Seneca East High School","city":"Attica"},{"name":"Shadyside High School","city":"Shadyside"},{"name":"Shaker Hts High School","city":"Shaker Heights"},{"name":"Shaw High School","city":"East Cleveland"},{"name":"Shawnee High School","city":"Lima"},{"name":"Shawnee Middle School/High School","city":"Springfield"},{"name":"Shelby High School","city":"Shelby"},{"name":"Shenandoah High School","city":"Sarahsville"},{"name":"Sheridan High School","city":"Thornville"},{"name":"Sidney High School","city":"Sidney"},{"name":"Smithville High School","city":"Smithville"},{"name":"Solon High School","city":"Solon"},{"name":"South Central High School","city":"Greenwich"},{"name":"South Gallia High School","city":"Crown City"},{"name":"South High School","city":"Columbus"},{"name":"South High School","city":"Willoughby"},{"name":"South Point High School","city":"South Point"},{"name":"South Range High School","city":"Canfield"},{"name":"South Webster Jr/Sr High School","city":"South Webster"},{"name":"Southeast High School","city":"Ravenna"},{"name":"Southeastern  Sr. High School","city":"South Charleston"},{"name":"Southeastern High School","city":"Chillicothe"},{"name":"Southern High School","city":"Racine"},{"name":"Southern Local Jr/Sr High School","city":"Salineville"},{"name":"Southern Ohio Digital Academy","city":"Rio Grande"},{"name":"Spartan Online Academy","city":"Boardman"},{"name":"Spencerville High School","city":"Spencerville"},{"name":"Springboro High School","city":"Springboro"},{"name":"Springfield High School","city":"Springfield"},{"name":"Springfield High School","city":"Holland"},{"name":"Springfield High School","city":"New Middletown"},{"name":"Springfield Junior/Senior High School","city":"Akron"},{"name":"Springfield School of Innovation","city":"Springfield"},{"name":"St Bernard-Elmwood Place High School","city":"Saint Bernard"},{"name":"St Clairsville High School","city":"Saint Clairsville"},{"name":"St Henry High School","city":"Saint Henry"},{"name":"St Marys Memorial High School","city":"Saint Marys"},{"name":"Stark High School","city":"Canton"},{"name":"Start High School","city":"Toledo"},{"name":"Stebbins High School","city":"Dayton"},{"name":"Steel Academy","city":"Akron"},{"name":"Steubenville High School","city":"Steubenville"},{"name":"Stivers School For The Arts","city":"Dayton"},{"name":"Stow-Munroe Falls High School","city":"Stow"},{"name":"Strasburg-Franklin High School","city":"Strasburg"},{"name":"Streetsboro High School","city":"Streetsboro"},{"name":"Strongsville High School","city":"Strongsville"},{"name":"Strongsville Online Learning Opportunity Academy","city":"Strongsville"},{"name":"Struthers High School","city":"Struthers"},{"name":"Stryker High School","city":"Stryker"},{"name":"Summit Academy Alternative LearnersWarren Middle & Secondary","city":"Warren"},{"name":"Summit Academy School - Lorain","city":"Lorain"},{"name":"Summit Academy Secondary - Akron","city":"Akron"},{"name":"Summit Academy Secondary - Canton","city":"Canton"},{"name":"Summit Academy Secondary - Youngstown","city":"Youngstown"},{"name":"Summit Academy Secondary School - Middletown","city":"Middletown"},{"name":"Summit Academy Transition High School Dayton","city":"Dayton"},{"name":"Summit Academy Transition High School-Cincinnati","city":"Cincinnati"},{"name":"Summit Academy Transition High School-Columbus","city":"Columbus"},{"name":"Swanton High School","city":"Swanton"},{"name":"Sycamore High School","city":"Cincinnati"},{"name":"Sylvania Northview High School","city":"Sylvania"},{"name":"Sylvania Southview High School","city":"Sylvania"},{"name":"Symmes Valley High School","city":"Willow Wood"},{"name":"T2 Honors Academy","city":"Warrensville Heights"},{"name":"Talawanda High School","city":"Oxford"},{"name":"Tallmadge High School","city":"Tallmadge"},{"name":"Taylor High School","city":"Cleves"},{"name":"Teays Valley High School","city":"Ashville"},{"name":"Tecumseh High School","city":"New Carlisle"},{"name":"The Academy for Urban Scholars","city":"Columbus"},{"name":"The Bridgeport School District - High School","city":"Bridgeport"},{"name":"Theodore Roosevelt High School","city":"Kent"},{"name":"Thomas Worthington High School","city":"Worthington"},{"name":"Thurgood Marshall High School","city":"Dayton"},{"name":"Tinora High School","city":"Defiance"},{"name":"Tippecanoe High School","city":"Tipp City"},{"name":"Toledo Early College High School","city":"Toledo"},{"name":"Toledo School For The Arts","city":"Toledo"},{"name":"Toledo Technology Academy High School","city":"Toledo"},{"name":"Tomorrow Center","city":"Cardington"},{"name":"Toronto Jr. / Sr. High School","city":"Toronto"},{"name":"Townsend North Community School","city":"Castalia"},{"name":"Towpath Trail High School","city":"Akron"},{"name":"Tri-County North High School","city":"Lewisburg"},{"name":"Tri-State STEM+M Early College High School","city":"South Point"},{"name":"Tri-Valley High School","city":"Dresden"},{"name":"Tri-Village High School","city":"New Madison"},{"name":"Triad High School","city":"North Lewisburg"},{"name":"Trimble High School","city":"Glouster"},{"name":"Trimble Learning Academy","city":"Glouster"},{"name":"Triway High School","city":"Wooster"},{"name":"Trojan Academy Blended","city":"Findlay"},{"name":"Trojan Academy Online","city":"Findlay"},{"name":"Trotwood-Madison High School","city":"Trotwood"},{"name":"Troy High School","city":"Troy"},{"name":"Turpin High School","city":"Cincinnati"},{"name":"Tuscarawas Valley High School","city":"Zoarville"},{"name":"Tuslaw High School","city":"Massillon"},{"name":"Twin Valley South High School","city":"West Alexandria"},{"name":"Twinsburg High School","city":"Twinsburg"},{"name":"Union Local High School","city":"Belmont"},{"name":"Unioto High School","city":"Chillicothe"},{"name":"United High School","city":"Hanoverton"},{"name":"Upper Arlington High School","city":"Upper Arlington"},{"name":"Upper Arlington Online Academy","city":"Upper Arlington"},{"name":"Upper Sandusky High School","city":"Upper Sandusky"},{"name":"Upper Scioto Valley High School","city":"McGuffey"},{"name":"Urbana High School","city":"Urbana"},{"name":"Utica High School","city":"Utica"},{"name":"Utica Shale Academy of Ohio","city":"Salineville"},{"name":"Valley Forge High School","city":"Parma Heights"},{"name":"Valley High School","city":"Lucasville"},{"name":"Valley View High School","city":"Germantown"},{"name":"Van Buren High School","city":"Van Buren"},{"name":"Van Wert High School","city":"Van Wert"},{"name":"Vanlue High School","city":"Vanlue"},{"name":"Vermilion Digital Academy","city":"Vermilion"},{"name":"Vermilion High School","city":"Vermilion"},{"name":"Versailles High School","city":"Versailles"},{"name":"Vinton County High School","city":"Mc Arthur"},{"name":"Virtual High School","city":"Cincinnati"},{"name":"Wadsworth High School","city":"Wadsworth"},{"name":"Waite High School","city":"Toledo"},{"name":"Walnut Hills High School","city":"Cincinnati"},{"name":"Walnut Ridge High School","city":"Columbus"},{"name":"Wapakoneta High School","city":"Wapakoneta"},{"name":"Warren G Harding High School","city":"Warren"},{"name":"Warren High School","city":"Vincent"},{"name":"Warrensville Heights High School","city":"Warrensville Heights"},{"name":"Washington High School","city":"Massillon"},{"name":"Washington High School","city":"Washington Court House"},{"name":"Waterford High School","city":"Waterford"},{"name":"Waterloo High School","city":"Atwater"},{"name":"Watkins Memorial High School","city":"Pataskala"},{"name":"Wauseon High School","city":"Wauseon"},{"name":"Waverly High School","city":"Waverly"},{"name":"Wayne High School","city":"Huber Heights"},{"name":"Wayne Trace High School","city":"Haviland"},{"name":"Waynedale High School","city":"Apple Creek"},{"name":"Waynesfield-Goshen Local High School","city":"Waynesfield"},{"name":"Waynesville High School","city":"Waynesville"},{"name":"Wellington High School","city":"Wellington"},{"name":"Wellston High School","city":"Wellston"},{"name":"Wellsville Jr. Sr. High","city":"Wellsville"},{"name":"West Branch Digital Academy","city":"Beloit"},{"name":"West Branch High School","city":"Beloit"},{"name":"West Carrollton High School","city":"West Carrollton"},{"name":"West Central Learning Academy II","city":"Lima"},{"name":"West Clermont High School","city":"Cincinnati"},{"name":"West Geauga High School","city":"Chesterland"},{"name":"West High School","city":"Columbus"},{"name":"West Holmes Digital Academy","city":"Millersburg"},{"name":"West Holmes High School","city":"Millersburg"},{"name":"West Jefferson High School","city":"West Jefferson"},{"name":"West Liberty-Salem High School","city":"West Liberty"},{"name":"West Muskingum High School","city":"Zanesville"},{"name":"West Union High School","city":"West Union"},{"name":"Western Brown High School","city":"Mount Orab"},{"name":"Western High School","city":"Latham"},{"name":"Western Hills University High School","city":"Cincinnati"},{"name":"Western Reserve High School","city":"Collins"},{"name":"Western Reserve High School","city":"Berlin Center"},{"name":"Westerville Central High School","city":"Westerville"},{"name":"Westerville-North High School","city":"Westerville"},{"name":"Westerville-South High School","city":"Westerville"},{"name":"Westfall High School","city":"Williamsport"},{"name":"Westlake High School","city":"Westlake"},{"name":"Westland High School","city":"Galloway"},{"name":"Wheelersburg High School","city":"Wheelersburg"},{"name":"Whetstone High School","city":"Columbus"},{"name":"Whitehall Yearling High School","city":"Whitehall"},{"name":"Whiteoak High School","city":"Mowrystown"},{"name":"Whitmer High School","city":"Toledo"},{"name":"Whitney M Young School","city":"Cleveland"},{"name":"Wickliffe High School","city":"Wickliffe"},{"name":"Willard High School","city":"Willard"},{"name":"William Henry Harrison High School","city":"Harrison"},{"name":"William Mason High School","city":"Mason"},{"name":"Williamsburg High School","city":"Williamsburg"},{"name":"Wilmington High School","city":"Wilmington"},{"name":"Windham High School","city":"Windham"},{"name":"Winton Woods High School","city":"Cincinnati"},{"name":"Withrow University High School","city":"Cincinnati"},{"name":"Woodmore High School","city":"Elmore"},{"name":"Woodridge High School","city":"Peninsula"},{"name":"Woodridge Virtual Academy","city":"Peninsula"},{"name":"Woodward High School","city":"Toledo"},{"name":"Wooster High School","city":"Wooster"},{"name":"Worthington Kilbourne High School","city":"Columbus"},{"name":"Wynford High School","city":"Bucyrus"},{"name":"Wyoming High School","city":"Wyoming"},{"name":"Xenia High School","city":"Xenia"},{"name":"YB Columbus Community School","city":"Columbus"},{"name":"Yellow Springs/McKinney High School","city":"Yellow Springs"},{"name":"Youngstown Rayen Early College High School","city":"Youngstown"},{"name":"Youngstown Virtual Academy","city":"Youngstown"},{"name":"Zane Trace High School","city":"Chillicothe"},{"name":"Zanesville Community School","city":"Zanesville"},{"name":"Zanesville High School","city":"Zanesville"}]