[{"name":"21st Century Cyber CS","city":"West Chester"},{"name":"Abington Heights HS","city":"Clarks Summit"},{"name":"Abington SHS","city":"Abington"},{"name":"Academy at Palumbo","city":"Philadelphia"},{"name":"Academy at Westinghouse","city":"Pittsburgh"},{"name":"Academy Park HS","city":"Sharon Hill"},{"name":"Achievement House CS","city":"Exton"},{"name":"Albert Gallatin Area SHS","city":"Uniontown"},{"name":"Aliquippa JSHS","city":"Aliquippa"},{"name":"Allegheny-Clarion Valley HS","city":"Foxburg"},{"name":"Altoona Area HS","city":"Altoona"},{"name":"Ambridge Area HS","city":"Ambridge"},{"name":"Annville Cleona HS","city":"Annville"},{"name":"Antietam MS/HS","city":"Reading"},{"name":"Apollo-Ridge HS","city":"Spring Church"},{"name":"Armstrong JSHS","city":"Kittanning"},{"name":"Arts Academy at Benjamin Rush","city":"Philadelphia"},{"name":"Athens Area HS","city":"Athens"},{"name":"Austin Area JSHS","city":"Austin"},{"name":"Avella Area JSHS","city":"Avella"},{"name":"Avon Grove HS","city":"West Grove"},{"name":"Avonworth HS","city":"Pittsburgh"},{"name":"Bald Eagle Area JSHS","city":"Wingate"},{"name":"Baldwin SHS","city":"Pittsburgh"},{"name":"Bangor Area HS","city":"Bangor"},{"name":"Bartram John - Main","city":"Philadelphia"},{"name":"Beaver Area SHS","city":"Beaver"},{"name":"Beaver Falls Area SHS","city":"Beaver Falls"},{"name":"Bedford SHS","city":"Bedford"},{"name":"Belle Vernon Area HS","city":"Belle Vernon"},{"name":"Bellefonte Area HS","city":"Bellefonte"},{"name":"Bellwood-Antis HS","city":"Bellwood"},{"name":"Bensalem Twp HS","city":"Bensalem"},{"name":"Benton Area HS","city":"Benton"},{"name":"Bentworth SHS","city":"Bentleyville"},{"name":"Berlin Brothersvalley SHS","city":"Berlin"},{"name":"Bermudian Springs HS","city":"York Springs"},{"name":"Berwick Area HS","city":"Berwick"},{"name":"Bethel Park HS","city":"Bethel Park"},{"name":"Bethlehem-Center SHS","city":"Fredericktown"},{"name":"Big Spring HS","city":"Newville"},{"name":"Biglerville HS","city":"Biglerville"},{"name":"Blackhawk HS","city":"Beaver Falls"},{"name":"Blacklick Valley JSHS","city":"Nanty Glo"},{"name":"Bloomsburg Area HS","city":"Bloomsburg"},{"name":"Blue Mountain HS","city":"Schuylkill Haven"},{"name":"Blue Ridge HS","city":"New Milford"},{"name":"Bodine William W HS","city":"Philadelphia"},{"name":"Boiling Springs HS","city":"Boiling Springs"},{"name":"Boyertown Area SHS","city":"Boyertown"},{"name":"Boys Latin of Philadelphia CS","city":"Philadelphia"},{"name":"Bradford Area HS","city":"Bradford"},{"name":"Brandywine Heights HS","city":"Mertztown"},{"name":"Brentwood SHS","city":"Pittsburgh"},{"name":"Bristol HS","city":"Bristol"},{"name":"Brockway Area JSHS","city":"Brockway"},{"name":"Brookville JSHS","city":"Brookville"},{"name":"Brownsville Area HS","city":"Brownsville"},{"name":"Bucktail HS","city":"Renovo"},{"name":"Building 21","city":"Philadelphia"},{"name":"Building 21 Allentown","city":"Allentown"},{"name":"Burgettstown MS/HS","city":"Burgettstown"},{"name":"Burrell HS","city":"Lower Burrell"},{"name":"Butler Area SHS","city":"Butler"},{"name":"California Area SHS","city":"Coal Center"},{"name":"Cambria Heights SHS","city":"Patton"},{"name":"Cambridge Springs JSHS","city":"Cambridge Springs"},{"name":"Cameron County JSHS","city":"Emporium"},{"name":"Camp Hill SHS","city":"Camp Hill"},{"name":"Canon-McMillan SHS","city":"Canonsburg"},{"name":"Canton JSHS","city":"Canton"},{"name":"Capital Area School for the Arts CS","city":"Harrisburg"},{"name":"Carbondale Area JSHS","city":"Carbondale"},{"name":"Carlisle Area HS","city":"Carlisle"},{"name":"Carlynton JSHS","city":"Carnegie"},{"name":"Carmichaels Area HS","city":"Carmichaels"},{"name":"Carver HS","city":"Philadelphia"},{"name":"Catasauqua SHS","city":"Northampton"},{"name":"Cedar Cliff HS","city":"Camp Hill"},{"name":"Cedar Crest HS","city":"Lebanon"},{"name":"Center for Student Lrng CS Pennsbury","city":"Levittown"},{"name":"Central Bucks HS-East","city":"Doylestown"},{"name":"Central Bucks HS-South","city":"Warrington"},{"name":"Central Bucks HS-West","city":"Doylestown"},{"name":"Central Cambria HS","city":"Ebensburg"},{"name":"Central Columbia SHS","city":"Bloomsburg"},{"name":"Central Dauphin East SHS","city":"Harrisburg"},{"name":"Central Dauphin SHS","city":"Harrisburg"},{"name":"Central HS","city":"Philadelphia"},{"name":"Central HS","city":"Martinsburg"},{"name":"Central Mountain HS","city":"Mill Hall"},{"name":"Central Valley HS","city":"Monaca"},{"name":"Central York HS","city":"York"},{"name":"Chambersburg Area Career Magnet Sch","city":"Chambersburg"},{"name":"Chambersburg Area SHS","city":"Chambersburg"},{"name":"Charleroi Area HS","city":"Charleroi"},{"name":"Chartiers Valley HS","city":"Bridgeville"},{"name":"Chartiers-Houston JSHS","city":"Houston"},{"name":"Cheltenham HS","city":"Wyncote"},{"name":"Chester HS","city":"Chester"},{"name":"Chestnut Ridge SHS","city":"New Paris"},{"name":"Chichester SHS","city":"Boothwyn"},{"name":"City CHS","city":"Pittsburgh"},{"name":"Clairton MS/HS","city":"Clairton"},{"name":"Clarion Area JSHS","city":"Clarion"},{"name":"Clarion-Limestone Area JSHS","city":"Strattanville"},{"name":"Claysburg-Kimmel Sr HS","city":"Claysburg"},{"name":"Clearfield Area JSHS","city":"Clearfield"},{"name":"Coatesville Area SHS","city":"Coatesville"},{"name":"Cocalico SHS","city":"Denver"},{"name":"Cochranton JSHS","city":"Cochranton"},{"name":"Columbia HS","city":"Columbia"},{"name":"Commodore Perry JSHS","city":"Hadley"},{"name":"Conemaugh Twp Area MS/SHS","city":"Davidsville"},{"name":"Conemaugh Valley JSHS","city":"Johnstown"},{"name":"Conestoga SHS","city":"Berwyn"},{"name":"Conestoga Valley SHS","city":"Lancaster"},{"name":"Conneaut Area Senior High","city":"Linesville"},{"name":"Connellsville Area SHS","city":"Connellsville"},{"name":"Conrad Weiser HS","city":"Robesonia"},{"name":"Constitution HS","city":"Philadelphia"},{"name":"Cornell HS","city":"Coraopolis"},{"name":"Corry Area HS","city":"Corry"},{"name":"Coudersport Area JSHS","city":"Coudersport"},{"name":"Council Rock HS North","city":"Newtown"},{"name":"Council Rock HS South","city":"Holland"},{"name":"Cowanesque Valley JSHS","city":"Westfield"},{"name":"Cranberry Area JSHS","city":"Seneca"},{"name":"Creative and Performing Arts","city":"Philadelphia"},{"name":"Crestwood Secondary Campus","city":"Mountain Top"},{"name":"Crispus Attucks CS","city":"York"},{"name":"Cumberland Valley HS","city":"Mechanicsburg"},{"name":"Curwensville Area JSHS","city":"Curwensville"},{"name":"Dallas SHS","city":"Dallas"},{"name":"Dallastown Area SHS","city":"Dallastown"},{"name":"Daniel Boone Area HS","city":"Birdsboro"},{"name":"Danville Area SHS","city":"Danville"},{"name":"Deer Lakes HS","city":"Cheswick"},{"name":"Delaware Valley HS","city":"Milford"},{"name":"Derry Area SHS","city":"Derry"},{"name":"Donegal HS","city":"Mount Joy"},{"name":"Dover Area HS","city":"Dover"},{"name":"Downingtown HS East Campus","city":"Exton"},{"name":"Downingtown HS West Campus","city":"Downingtown"},{"name":"Downingtown STEM Academy","city":"Downingtown"},{"name":"Dr Robert Ketterer CS Inc","city":"Latrobe"},{"name":"DuBois Area SHS","city":"DuBois"},{"name":"Dunmore JSHS","city":"Dunmore"},{"name":"East Allegheny JSHS","city":"North Versailles"},{"name":"East Forest JSHS","city":"Marienville"},{"name":"East Juniata JSHS","city":"McAlisterville"},{"name":"East Pennsboro Area SHS","city":"Enola"},{"name":"East Stroudsburg SHS North","city":"Dingmans Ferry"},{"name":"East Stroudsburg SHS South","city":"East Stroudsburg"},{"name":"Eastern Lebanon Co SHS","city":"Myerstown"},{"name":"Eastern York HS","city":"Wrightsville"},{"name":"Easton Area HS","city":"Easton"},{"name":"Eisenhower M/HS","city":"Russell"},{"name":"Elizabeth Forward SHS","city":"Elizabeth"},{"name":"Elizabethtown Area SHS","city":"Elizabethtown"},{"name":"Elk Lake JSHS","city":"Springville"},{"name":"Emmaus HS","city":"Emmaus"},{"name":"Ephrata SHS","city":"Ephrata"},{"name":"Erie HS","city":"Erie"},{"name":"Everett Area HS","city":"Everett"},{"name":"Evergreen Community CS","city":"Cresco"},{"name":"Exeter Twp SHS","city":"Reading"},{"name":"Fairfield Area HS","city":"Fairfield"},{"name":"Fairview HS","city":"Fairview"},{"name":"Fannett-Metal SHS","city":"Willow Hill"},{"name":"Farrell Area HS/UMS","city":"Farrell"},{"name":"Fels Samuel HS","city":"Philadelphia"},{"name":"Ferndale Area JSHS","city":"Johnstown"},{"name":"Fleetwood SHS","city":"Fleetwood"},{"name":"Forbes Road JSHS","city":"Waterfall"},{"name":"Forest City Regional HS","city":"Forest City"},{"name":"Forest Hills JSHS","city":"Sidman"},{"name":"Fort Cherry JSHS","city":"Mc Donald"},{"name":"Fort LeBoeuf SHS","city":"Waterford"},{"name":"Fox Chapel Area HS","city":"Pittsburgh"},{"name":"Frankford HS","city":"Philadelphia"},{"name":"Franklin Area JSHS","city":"Franklin"},{"name":"Franklin Benjamin HS","city":"Philadelphia"},{"name":"Franklin LC","city":"Philadelphia"},{"name":"Franklin Regional SHS","city":"Murrysville"},{"name":"Franklin Towne CHS","city":"Philadelphia"},{"name":"Frazier HS","city":"Perryopolis"},{"name":"Freedom Area SHS","city":"Freedom"},{"name":"Freedom HS","city":"Bethlehem"},{"name":"Freeport Area SHS","city":"Freeport"},{"name":"Freire CS","city":"Philadelphia"},{"name":"Furness Horace HS","city":"Philadelphia"},{"name":"Gamp","city":"Philadelphia"},{"name":"Garden Spot SHS","city":"New Holland"},{"name":"Garnet Valley HS","city":"Glen Mills"},{"name":"Gateway SHS","city":"Monroeville"},{"name":"General McLane HS","city":"Edinboro"},{"name":"Gettysburg Area HS","city":"Gettysburg"},{"name":"Girard HS","city":"Girard"},{"name":"Girls HS","city":"Philadelphia"},{"name":"Glendale JSHS","city":"Flinton"},{"name":"Governor Mifflin SHS","city":"Shillington"},{"name":"Great Valley HS","city":"Malvern"},{"name":"Greater Johnstown SHS","city":"Johnstown"},{"name":"Greater Latrobe SHS","city":"Latrobe"},{"name":"Greater Nanticoke Area SHS","city":"Nanticoke"},{"name":"Greencastle-Antrim SHS","city":"Greencastle"},{"name":"Greensburg-Salem HS","city":"Greensburg"},{"name":"Greenville JSHS","city":"Greenville"},{"name":"Greenwood HS","city":"Millerstown"},{"name":"Grove City Area George Jr HS","city":"Grove City"},{"name":"Grove City Area HS","city":"Grove City"},{"name":"Halifax Area HS","city":"Halifax"},{"name":"Hamburg Area HS","city":"Hamburg"},{"name":"Hampton HS","city":"Allison Park"},{"name":"Hanover Area JSHS","city":"Hanover Township"},{"name":"Hanover SHS","city":"Hanover"},{"name":"Harbor Creek Senior HS","city":"Harborcreek"},{"name":"Harmony Area JSHS","city":"Westover"},{"name":"Harrisburg HS","city":"Harrisburg"},{"name":"Harrisburg HS - SciTech Cmp","city":"Harrisburg"},{"name":"Harriton SHS","city":"Rosemont"},{"name":"Hatboro-Horsham SHS","city":"Horsham"},{"name":"Haverford SHS","city":"Havertown"},{"name":"Hazleton Area HS","city":"Hazle Township"},{"name":"Hempfield Area SHS","city":"Greensburg"},{"name":"Hempfield SHS","city":"Landisville"},{"name":"Hershey HS","city":"Hershey"},{"name":"Hickory HS","city":"Hermitage"},{"name":"Highlands SHS","city":"Natrona Heights"},{"name":"Hill Freedman World Academy","city":"Philadelphia"},{"name":"Hollidaysburg Area SHS","city":"Hollidaysburg"},{"name":"Homer-Center JSHS","city":"Homer City"},{"name":"Honesdale HS","city":"Honesdale"},{"name":"Hopewell SHS","city":"Aliquippa"},{"name":"Hughesville JSHS","city":"Hughesville"},{"name":"Huntingdon Area SHS","city":"Huntingdon"},{"name":"Imhotep Institute CHS","city":"Philadelphia"},{"name":"Indiana Area SHS","city":"Indiana"},{"name":"Innovative Arts Academy CS","city":"Catasauqua"},{"name":"Interboro SHS","city":"Prospect Park"},{"name":"Iroquois JSHS","city":"Erie"},{"name":"James Buchanan HS","city":"Mercersburg"},{"name":"Jamestown Area JSHS","city":"Jamestown"},{"name":"Jeannette HS","city":"Jeannette"},{"name":"Jefferson-Morgan MS/HS","city":"Jefferson"},{"name":"Jenkintown Middle/High School","city":"Jenkintown"},{"name":"Jersey Shore Area SHS","city":"Jersey Shore"},{"name":"Jim Thorpe Area HS","city":"Jim Thorpe"},{"name":"Johnsonburg Area HS","city":"Johnsonburg"},{"name":"Juniata SHS","city":"Mifflintown"},{"name":"Juniata Valley JSHS","city":"Alexandria"},{"name":"Kane Area HS","city":"Kane"},{"name":"Karns City HS","city":"Karns City"},{"name":"Kennard-Dale HS","city":"Fawn Grove"},{"name":"Kennett HS","city":"Kennett Square"},{"name":"Kensington Creative & Performing Arts HS","city":"Philadelphia"},{"name":"Kensington Health Sciences","city":"Philadelphia"},{"name":"Kensington HS","city":"Philadelphia"},{"name":"Keystone JSHS","city":"Knox"},{"name":"Keystone Oaks HS","city":"Pittsburgh"},{"name":"Kimmel Alternative School","city":"Altoona"},{"name":"King Martin Luther HS","city":"Philadelphia"},{"name":"KIPP DuBois CS","city":"Philadelphia"},{"name":"Kiski Area HS","city":"Vandergrift"},{"name":"Knoch HS","city":"Saxonburg"},{"name":"Kutztown Area SHS","city":"Kutztown"},{"name":"La Academia Partnership CS","city":"Lancaster"},{"name":"Lackawanna Trail JSHS","city":"Factoryville"},{"name":"Lake-Lehman JSHS","city":"Lehman"},{"name":"Lakeland JSHS","city":"Scott Township"},{"name":"Lakeview Middle-HS","city":"Stoneboro"},{"name":"Lampeter-Strasburg SHS","city":"Lampeter"},{"name":"Lankenau HS","city":"Philadelphia"},{"name":"Laurel Highlands SHS","city":"Uniontown"},{"name":"Laurel HS","city":"New Castle"},{"name":"Lebanon SHS","city":"Lebanon"},{"name":"Leechburg Area HS","city":"Leechburg"},{"name":"Lehigh Valley Charter High School for th","city":"Bethlehem"},{"name":"Lehighton Area HS","city":"Lehighton"},{"name":"Lewisburg HS","city":"Lewisburg"},{"name":"Liberty HS","city":"Bethlehem"},{"name":"Ligonier Valley HS","city":"Ligonier"},{"name":"Lincoln HS","city":"Philadelphia"},{"name":"Lincoln JSHS","city":"Ellwood City"},{"name":"Lincoln Park Performing Arts CS","city":"Midland"},{"name":"Line Mountain HS","city":"Herndon"},{"name":"Littlestown SHS","city":"Littlestown"},{"name":"Louis E Dieruff HS","city":"Allentown"},{"name":"Lower Dauphin HS","city":"Hummelstown"},{"name":"Lower Merion HS","city":"Ardmore"},{"name":"Lower Moreland HS","city":"Huntingdon Valley"},{"name":"Loyalsock Twp SHS","city":"Williamsport"},{"name":"Mahanoy Area JSHS","city":"Mahanoy City"},{"name":"Manheim Central SHS","city":"Manheim"},{"name":"Manheim Twp HS","city":"Lancaster"},{"name":"Mapletown JSHS","city":"Greensboro"},{"name":"Maplewood JSHS","city":"Guys Mills"},{"name":"Marion Center Area JR/SR HS","city":"Marion Center"},{"name":"Marple Newtown SHS","city":"Newtown Square"},{"name":"Mars Area SHS","city":"Mars"},{"name":"Masterman Julia R Sec Sch","city":"Philadelphia"},{"name":"Mastery CHS-Lenfest Campus","city":"Philadelphia"},{"name":"Mastery CS -Shoemaker Campus","city":"Philadelphia"},{"name":"Mastery CS-Gratz Campus","city":"Philadelphia"},{"name":"Mastery CS-Pickett Campus","city":"Philadelphia"},{"name":"McCaskey Campus","city":"Lancaster"},{"name":"McConnellsburg HS","city":"McConnellsburg"},{"name":"McDowell HS","city":"Erie"},{"name":"McGuffey HS","city":"Claysville"},{"name":"McKeesport Area SHS","city":"McKeesport"},{"name":"Meadville Area SHS","city":"Meadville"},{"name":"Mechanicsburg Area SHS","city":"Mechanicsburg"},{"name":"Mercer Area SHS","city":"Mercer"},{"name":"Methacton HS","city":"Eagleville"},{"name":"Meyersdale Area HS","city":"Meyersdale"},{"name":"Mid Valley Secondary Center","city":"Throop"},{"name":"Midd-West HS","city":"Middleburg"},{"name":"Middletown Area HS","city":"Middletown"},{"name":"Mifflin Co HS","city":"Lewistown"},{"name":"Mifflinburg Area SHS","city":"Mifflinburg"},{"name":"Millersburg Area SHS","city":"Millersburg"},{"name":"Millville Area JSHS","city":"Millville"},{"name":"Milton HS","city":"Milton"},{"name":"Minersville Area JSHS","city":"Minersville"},{"name":"Mohawk SHS","city":"New Castle"},{"name":"Monessen SHS","city":"Monessen"},{"name":"Moniteau JSHS","city":"West Sunbury"},{"name":"Montgomery JSHS","city":"Montgomery"},{"name":"Montour HS","city":"Mc Kees Rocks"},{"name":"Montoursville Area SHS","city":"Montoursville"},{"name":"Montrose Area JSHS","city":"Montrose"},{"name":"Moon SHS","city":"Moon Township"},{"name":"Morrisville HS","city":"Morrisville"},{"name":"Moshannon Valley JSHS","city":"Houtzdale"},{"name":"Motivation HS","city":"Philadelphia"},{"name":"Mount Carmel Area HS","city":"Mount Carmel"},{"name":"Mount Pleasant Area HS","city":"Mount Pleasant"},{"name":"Mount Union Area SHS","city":"Mount Union"},{"name":"Mountain View JSHS","city":"Kingsley"},{"name":"Mt Lebanon SHS","city":"Pittsburgh"},{"name":"Muhlenberg HS","city":"Reading"},{"name":"Multicultural Academy CS","city":"Philadelphia"},{"name":"Muncy JSHS","city":"Muncy"},{"name":"Nazareth Area HS","city":"Nazareth"},{"name":"Neshaminy HS","city":"Langhorne"},{"name":"Neshannock JSHS","city":"New Castle"},{"name":"New Brighton Area HS","city":"New Brighton"},{"name":"New Castle SHS","city":"New Castle"},{"name":"New Day CS","city":"Huntingdon"},{"name":"New Hope-Solebury HS","city":"New Hope"},{"name":"New Oxford SHS","city":"New Oxford"},{"name":"Newport HS","city":"Newport"},{"name":"Norristown Area HS","city":"Norristown"},{"name":"North Allegheny HS","city":"Wexford"},{"name":"North Clarion Co JSHS","city":"Tionesta"},{"name":"North East HS","city":"North East"},{"name":"North Hills SHS","city":"Pittsburgh"},{"name":"North Penn SHS","city":"Lansdale"},{"name":"North Penn-Liberty JSHS","city":"Liberty"},{"name":"North Penn-Mansfield JSHS","city":"Mansfield"},{"name":"North Pocono HS","city":"Covington Twp"},{"name":"North Schuylkill JSHS","city":"Ashland"},{"name":"North Star HS","city":"Boswell"},{"name":"Northampton Area HS","city":"Northampton"},{"name":"Northeast Bradford JSHS","city":"Rome"},{"name":"Northeast HS","city":"Philadelphia"},{"name":"Northeastern SHS","city":"Manchester"},{"name":"Northern Bedford County HS","city":"Loysburg"},{"name":"Northern Cambria HS","city":"Northern Cambria"},{"name":"Northern HS","city":"Dillsburg"},{"name":"Northern Lebanon SHS","city":"Fredericksburg"},{"name":"Northern Lehigh SHS","city":"Slatington"},{"name":"Northern Potter JSHS","city":"Ulysses"},{"name":"Northgate MSHS","city":"Pittsburgh"},{"name":"Northwest Area HS","city":"Shickshinny"},{"name":"Northwest PA Collegiate Academy","city":"Erie"},{"name":"Northwestern Lehigh HS","city":"New Tripoli"},{"name":"Northwestern SHS","city":"Albion"},{"name":"Norwin SHS","city":"North Huntingdon"},{"name":"Octorara Area JSHS","city":"Atglen"},{"name":"Oil City SHS","city":"Oil City"},{"name":"Old Forge JSHS","city":"Old Forge"},{"name":"Oley Valley SHS","city":"Oley"},{"name":"Oswayo Valley HS","city":"Shinglehouse"},{"name":"Otto-Eldred JSHS","city":"Duke Center"},{"name":"Overbrook HS","city":"Philadelphia"},{"name":"Owen J Roberts HS","city":"Pottstown"},{"name":"Oxford Area HS","city":"Oxford"},{"name":"Palisades HS","city":"Kintnersville"},{"name":"Palmerton Area HS","city":"Palmerton"},{"name":"Palmyra Area SHS","city":"Palmyra"},{"name":"Panther Valley JSHS","city":"Lansford"},{"name":"Parkland HS","city":"Allentown"},{"name":"Parkway Center City Middle College","city":"Philadelphia"},{"name":"Parkway Northwest","city":"Philadelphia"},{"name":"Parkway West","city":"Philadelphia"},{"name":"Passport Academy CS","city":"Pittsburgh"},{"name":"Paul Robeson HS for Human Services","city":"Philadelphia"},{"name":"Pen Argyl Area HS","city":"Pen Argyl"},{"name":"Penn Cambria HS","city":"Cresson"},{"name":"Penn Hills SHS","city":"Pittsburgh"},{"name":"Penn Manor HS","city":"Millersville"},{"name":"Penn Trafford HS","city":"Harrison City"},{"name":"Penn Treaty Sch","city":"Philadelphia"},{"name":"Penn Wood HS","city":"Lansdowne"},{"name":"Penncrest HS","city":"Media"},{"name":"Pennridge HS","city":"Perkasie"},{"name":"Penns Manor Area JSHS","city":"Clymer"},{"name":"Penns Valley Area JSHS","city":"Spring Mills"},{"name":"Pennsbury HS","city":"Fairless Hills"},{"name":"Pequea Valley HS","city":"Kinzers"},{"name":"Perkiomen Valley HS","city":"Collegeville"},{"name":"Perseus House CS of Excellence","city":"Erie"},{"name":"Peters Twp HS","city":"McMurray"},{"name":"Philadelphia Electrical & Tech CHS","city":"Philadelphia"},{"name":"Philadelphia Learning Academy - North","city":"Philadelphia"},{"name":"Philadelphia Learning Academy - South","city":"Philadelphia"},{"name":"Philadelphia Military Acad at Elverson","city":"Philadelphia"},{"name":"Philipsburg-Osceola Area HS","city":"Philipsburg"},{"name":"Phoenix Academy","city":"Lancaster"},{"name":"Phoenixville Area HS","city":"Phoenixville"},{"name":"Pine Grove Area HS","city":"Pine Grove"},{"name":"Pine-Richland HS","city":"Gibsonia"},{"name":"Pittsburgh Allderdice HS","city":"Pittsburgh"},{"name":"Pittsburgh Brashear HS","city":"Pittsburgh"},{"name":"Pittsburgh CAPA 6-12","city":"Pittsburgh"},{"name":"Pittsburgh Carrick HS","city":"Pittsburgh"},{"name":"Pittsburgh Milliones 6-12","city":"Pittsburgh"},{"name":"Pittsburgh Obama 6-12","city":"Pittsburgh"},{"name":"Pittsburgh Perry HS","city":"Pittsburgh"},{"name":"Pittsburgh Science and Technology Academ","city":"Pittsburgh"},{"name":"Pittston Area SHS","city":"Pittston"},{"name":"Pleasant Valley HS","city":"Brodheadsville"},{"name":"Plum SHS","city":"Plum"},{"name":"Plymouth-Whitemarsh SHS","city":"Plymouth Meeting"},{"name":"Pocono Mountain East HS","city":"Swiftwater"},{"name":"Pocono Mountain West HS","city":"Pocono Summit"},{"name":"Port Allegany JSHS","city":"Port Allegany"},{"name":"Portage Area JSHS","city":"Portage"},{"name":"Pottsgrove SHS","city":"Pottstown"},{"name":"Pottstown SHS","city":"Pottstown"},{"name":"Pottsville Area HS","city":"Pottsville"},{"name":"Preparatory CS of Mathematics Science Te","city":"Philadelphia"},{"name":"Price","city":"Hummelstown"},{"name":"Punxsutawney Area HS","city":"Punxsutawney"},{"name":"Purchase Line JSHS","city":"Commodore"},{"name":"Quaker Valley HS","city":"Leetsdale"},{"name":"Quakertown Community HS","city":"Quakertown"},{"name":"Radnor SHS","city":"Radnor"},{"name":"Reading SHS","city":"Reading"},{"name":"Red Land SHS","city":"Lewisberry"},{"name":"Red Lion Area SHS","city":"Red Lion"},{"name":"Redbank Valley HS","city":"New Bethlehem"},{"name":"Reynolds JSHS","city":"Greenville"},{"name":"Richland HS","city":"Johnstown"},{"name":"Ridgway Area HS","city":"Ridgway"},{"name":"Ridley HS","city":"Folsom"},{"name":"Ringgold SHS","city":"Monongahela"},{"name":"River Valley HS","city":"Blairsville"},{"name":"Riverside HS","city":"Ellwood City"},{"name":"Riverside JSHS","city":"Taylor"},{"name":"Riverview JSHS","city":"Oakmont"},{"name":"Rochester High School","city":"Rochester"},{"name":"Rockwood Area JSHS","city":"Rockwood"},{"name":"Rocky Grove JSHS","city":"Franklin"},{"name":"Roosevelt Campus of the Norristown Area","city":"Norristown"},{"name":"Roxborough HS","city":"Philadelphia"},{"name":"Saegertown JSHS","city":"Saegertown"},{"name":"Salisbury SHS","city":"Allentown"},{"name":"Salisbury-Elk Lick JSHS","city":"Salisbury"},{"name":"Saucon Valley SHS","city":"Hellertown"},{"name":"Sayre Area HS","city":"Sayre"},{"name":"Sayre William L MS","city":"Philadelphia"},{"name":"School of the Future","city":"Philadelphia"},{"name":"Schuylkill Haven SHS","city":"Schuylkill Haven"},{"name":"Schuylkill Valley HS","city":"Leesport"},{"name":"Science Leadership Academy","city":"Philadelphia"},{"name":"Scranton HS","city":"Scranton"},{"name":"Selinsgrove Area HS","city":"Selinsgrove"},{"name":"Seneca HS","city":"Erie"},{"name":"Seneca Valley HS","city":"Harmony"},{"name":"Shade JSHS","city":"Cairnbrook"},{"name":"Shaler Area HS","city":"Pittsburgh"},{"name":"Shamokin Area HS","city":"Shamokin"},{"name":"Shanksville-Stonycreek HS","city":"Shanksville"},{"name":"Sharon HS","city":"Sharon"},{"name":"Sharpsville Area SHS","city":"Sharpsville"},{"name":"Sheffield M/HS","city":"Sheffield"},{"name":"Shenandoah Valley JSHS","city":"Shenandoah"},{"name":"Shenango HS","city":"New Castle"},{"name":"Shikellamy HS","city":"Sunbury"},{"name":"Shippensburg Area SHS","city":"Shippensburg"},{"name":"Slippery Rock Area HS","city":"Slippery Rock"},{"name":"Smethport Area JSHS","city":"Smethport"},{"name":"Solanco HS","city":"Quarryville"},{"name":"Somerset Area Jr-Sr HS","city":"Somerset"},{"name":"Souderton Area SHS","city":"Souderton"},{"name":"South Allegheny HS","city":"McKeesport"},{"name":"South Fayette Twp HS","city":"McDonald"},{"name":"South Park SHS","city":"South Park"},{"name":"South Philadelphia HS","city":"Philadelphia"},{"name":"South Side HS","city":"Hookstown"},{"name":"South Western SHS","city":"Hanover"},{"name":"South Williamsport Area JSHS","city":"South Williamsport"},{"name":"Southern Columbia HS","city":"Catawissa"},{"name":"Southern Fulton JSHS","city":"Warfordsburg"},{"name":"Southern Huntingdon Co HS/MS","city":"Three Springs"},{"name":"Southern Lehigh SHS","city":"Center Valley"},{"name":"Southmoreland SHS","city":"Alverton"},{"name":"Spectrum CS","city":"Monroeville"},{"name":"Spring Grove Area HS","city":"Spring Grove"},{"name":"Spring-Ford SHS 9-12 Ctr","city":"Royersford"},{"name":"Springdale JSHS","city":"Springdale"},{"name":"Springfield HS","city":"Springfield"},{"name":"Springfield Twp HS","city":"Erdenheim"},{"name":"St Marys Area SHS","city":"Saint Marys"},{"name":"State College Area HS","city":"State College"},{"name":"Steel Valley SHS","city":"Munhall"},{"name":"Steelton-Highspire HS","city":"Steelton"},{"name":"STEM at Showalter","city":"Chester"},{"name":"Sto-Rox JSHS","city":"McKees Rocks"},{"name":"Strath Haven HS","city":"Wallingford"},{"name":"Strawberry Mansion HS","city":"Philadelphia"},{"name":"Stroudsburg HS","city":"Stroudsburg"},{"name":"Sullivan Co JSHS","city":"Laporte"},{"name":"Sun Valley HS","city":"Aston"},{"name":"Susquehanna Community JSHS","city":"Susquehanna"},{"name":"Susquehanna Twp HS","city":"Harrisburg"},{"name":"Susquehannock HS","city":"Glen Rock"},{"name":"Susquenita HS","city":"Duncannon"},{"name":"Tamaqua Area SHS","city":"Tamaqua"},{"name":"TECH Freire CS","city":"Philadelphia"},{"name":"The Linc","city":"Philadelphia"},{"name":"The New Academy CS","city":"Pittsburgh"},{"name":"The Science Leadership Academy at Beeber","city":"Philadelphia"},{"name":"The U School: Innovative Lab","city":"Philadelphia"},{"name":"The Workshop School","city":"Philadelphia"},{"name":"Thomas Jefferson HS","city":"Jefferson Hills"},{"name":"Titusville SHS","city":"Titusville"},{"name":"Towanda Area JSHS","city":"Towanda"},{"name":"Tri-Valley JSHS","city":"Hegins"},{"name":"Trinity SHS","city":"Washington"},{"name":"Troy Area JSHS","city":"Troy"},{"name":"Truman SHS","city":"Levittown"},{"name":"Tulpehocken JSHS","city":"Bernville"},{"name":"Tunkhannock HS","city":"Tunkhannock"},{"name":"Turkeyfoot Valley Area JSHS","city":"Confluence"},{"name":"Tussey Mountain HS","city":"Saxton"},{"name":"Twin Valley HS","city":"Elverson"},{"name":"Tyrone Area HS","city":"Tyrone"},{"name":"Union Area HS","city":"New Castle"},{"name":"Union City HS","city":"Union City"},{"name":"Union HS","city":"Rimersburg"},{"name":"Uniontown Area SHS","city":"Uniontown"},{"name":"Unionville HS","city":"Kennett Square"},{"name":"United JSHS","city":"Armagh"},{"name":"Universal Audenried CS","city":"Philadelphia"},{"name":"Upper Darby SHS","city":"Drexel Hill"},{"name":"Upper Dauphin Area HS","city":"Elizabethville"},{"name":"Upper Dublin HS","city":"Fort Washington"},{"name":"Upper Merion HS","city":"King of Prussia"},{"name":"Upper Moreland HS","city":"Willow Grove"},{"name":"Upper Perkiomen HS","city":"Pennsburg"},{"name":"Upper Saint Clair HS","city":"Pittsburgh"},{"name":"Urban Pathways 6-12 CS","city":"Pittsburgh"},{"name":"Valley JSHS","city":"New Kensington"},{"name":"Valley View HS","city":"Archbald"},{"name":"Vaux HS: A Big Picture School","city":"Philadelphia"},{"name":"Wallenpaupack Area HS","city":"Hawley"},{"name":"Warren Area HS","city":"Warren"},{"name":"Warrior Run HS","city":"Turbotville"},{"name":"Warwick SHS","city":"Lititz"},{"name":"Washington George HS","city":"Philadelphia"},{"name":"Washington HS","city":"Washington"},{"name":"Waynesboro Area SHS","city":"Waynesboro"},{"name":"Waynesburg Central HS","city":"Waynesburg"},{"name":"Weatherly Area SHS","city":"Weatherly"},{"name":"Wellsboro Area HS","city":"Wellsboro"},{"name":"West Allegheny SHS","city":"Imperial"},{"name":"West Branch Area HS","city":"Morrisdale"},{"name":"West Chester Bayard Rustin HS","city":"West Chester"},{"name":"West Chester East HS","city":"West Chester"},{"name":"West Chester Henderson HS","city":"West Chester"},{"name":"West Forest JSHS","city":"Tionesta"},{"name":"West Greene JSHS","city":"Waynesburg"},{"name":"West Middlesex Area JSHS","city":"West Middlesex"},{"name":"West Mifflin Area HS","city":"West Mifflin"},{"name":"West Perry SHS","city":"Elliottsburg"},{"name":"West Philadelphia HS","city":"Philadelphia"},{"name":"West Scranton HS","city":"Scranton"},{"name":"West Shamokin JSHS","city":"Rural Valley"},{"name":"West York Area HS","city":"York"},{"name":"Western Beaver Co JSHS","city":"Industry"},{"name":"Western Wayne HS","city":"Lake Ariel"},{"name":"Westinghouse Arts Academy CS","city":"Wilmerding"},{"name":"Westmont Hilltop JSHS","city":"Johnstown"},{"name":"Whitehall HS","city":"Whitehall"},{"name":"Wilkes-Barre Area HS","city":"Plains"},{"name":"Wilkes-Barre Area SD STEM Academy","city":"Plains"},{"name":"William Allen HS","city":"Allentown"},{"name":"William Penn SHS","city":"York"},{"name":"William Tennent HS","city":"Warminster"},{"name":"Williams Valley JSHS","city":"Tower City"},{"name":"Williamsburg Community JSHS","city":"Williamsburg"},{"name":"Williamson SHS","city":"Tioga"},{"name":"Williamsport Area SHS","city":"Williamsport"},{"name":"Wilmington Area HS","city":"New Wilmington"},{"name":"Wilson Area HS","city":"Easton"},{"name":"Wilson HS","city":"West Lawn"},{"name":"Windber Area HS","city":"Windber"},{"name":"Wissahickon SHS","city":"Ambler"},{"name":"Woodland Hills HS","city":"Pittsburgh"},{"name":"Wyalusing Valley JSHS","city":"Wyalusing"},{"name":"Wyoming Area Sec Ctr","city":"Exeter"},{"name":"Wyoming Valley West SHS","city":"Plymouth"},{"name":"Wyomissing Area JSHS","city":"Wyomissing"},{"name":"York Suburban SHS","city":"York"},{"name":"Yough SHS","city":"Herminie"},{"name":"Youngsville MS/HS","city":"Youngsville"},{"name":"Youth Build Phila CS","city":"Philadelphia"}]