[{"name":"A. C. Flora High","city":"Columbia"},{"name":"Abbeville High","city":"Abbeville"},{"name":"Academic Magnet High","city":"North Charleston"},{"name":"Aiken High","city":"Aiken"},{"name":"Aiken Scholars Academy","city":"Aiken"},{"name":"Airport High","city":"West Columbia"},{"name":"Allegro Charter School of Music","city":"North Charleston"},{"name":"Allendale Fairfax High","city":"Fairfax"},{"name":"Anderson  Five Charter School","city":"Anderson"},{"name":"Andrew Jackson High","city":"Kershaw"},{"name":"Andrews High","city":"Andrews"},{"name":"Ashley Ridge High","city":"Summerville"},{"name":"Aynor High","city":"Aynor"},{"name":"Baptist Hill High","city":"Hollywood"},{"name":"Barnwell High","city":"Barnwell"},{"name":"Batesburg-Leesville High School","city":"Batesburg-Leesville"},{"name":"Battery Creek High","city":"Beaufort"},{"name":"Beaufort High","city":"Beaufort"},{"name":"Belton Honea Path High","city":"Honea Path"},{"name":"Berea High","city":"Greenville"},{"name":"Berkeley County Middle College High","city":"Moncks Corner"},{"name":"Berkeley High","city":"Moncks Corner"},{"name":"Bethune-Bowman Middle/High","city":"Rowesville"},{"name":"Blacksburg High","city":"Blacksburg"},{"name":"Blue Ridge High","city":"Greer"},{"name":"Bluffton High","city":"Bluffton"},{"name":"Blythewood High","city":"Blythewood"},{"name":"Boiling Springs High","city":"Boiling Springs"},{"name":"Branchville High","city":"Branchville"},{"name":"Brashier Middle College Charter High","city":"Simpsonville"},{"name":"Brookland-Cayce High","city":"Cayce"},{"name":"Broome High","city":"Spartanburg"},{"name":"Buford High","city":"Lancaster"},{"name":"Burke High","city":"Charleston"},{"name":"C. A. Johnson High","city":"Columbia"},{"name":"Calhoun County High","city":"St. Matthews"},{"name":"Calhoun Falls Charter School","city":"Calhoun Falls"},{"name":"Camden High","city":"Camden"},{"name":"Cane Bay High","city":"Summerville"},{"name":"Carolina Academy (High)","city":"Greenville"},{"name":"Carolina Forest High","city":"Myrtle Beach"},{"name":"Carvers Bay High","city":"Hemingway"},{"name":"Catawba Ridge High School","city":"Fort Mill"},{"name":"Central High","city":"Pageland"},{"name":"Chapin High","city":"Chapin"},{"name":"Chapman High","city":"Inman"},{"name":"Charleston  Advancement Academy High School","city":"Charleston"},{"name":"Charleston Charter School for Math and Science","city":"Charleston"},{"name":"Charleston School of the Arts","city":"North Charleston"},{"name":"Cheraw High","city":"Cheraw"},{"name":"Chesnee High","city":"Chesnee"},{"name":"Chester Senior High","city":"Chester"},{"name":"Chesterfield High","city":"Chesterfield"},{"name":"Clinton High","city":"Clinton"},{"name":"Clover High","city":"Clover"},{"name":"Colleton County High","city":"Walterboro"},{"name":"Columbia High","city":"Columbia"},{"name":"Conway High","city":"Conway"},{"name":"Crescent High","city":"Iva"},{"name":"Crestwood High","city":"Sumter"},{"name":"Cross High","city":"Cross"},{"name":"D. W. Daniel High","city":"Central"},{"name":"Darlington High","city":"Darlington"},{"name":"Dillon High","city":"Dillon"},{"name":"Dixie High","city":"Due West"},{"name":"Dorman High","city":"Roebuck"},{"name":"Dreher High","city":"Columbia"},{"name":"Dutch Fork High","city":"Irmo"},{"name":"Easley High","city":"Easley"},{"name":"Eastside High","city":"Taylors"},{"name":"Eau Claire High","city":"Columbia"},{"name":"Edisto High","city":"Cordova"},{"name":"Emerald High","city":"Greenwood"},{"name":"Estill High","city":"Estill"},{"name":"Fairfield Central High","city":"Winnsboro"},{"name":"Fort Dorchester High","city":"North Charleston"},{"name":"Fort Mill High","city":"Fort Mill"},{"name":"Fox Creek High","city":"North Augusta"},{"name":"Gaffney High","city":"Gaffney"},{"name":"Georgetown High","city":"Georgetown"},{"name":"Gilbert High","city":"Gilbert"},{"name":"Goose Creek High","city":"Goose Creek"},{"name":"Gray Collegiate Academy","city":"West Columbia"},{"name":"Great Falls High","city":"Great Falls"},{"name":"Green Sea Floyds High","city":"Green Sea"},{"name":"Greenville Senior High Academy","city":"Greenville"},{"name":"Greenville Technical Charter High School","city":"Greenville"},{"name":"Greenwood High","city":"Greenwood"},{"name":"Greer High","city":"Greer"},{"name":"Greer Middle College Charter High","city":"Taylors"},{"name":"Greg Mathis Charter High","city":"North Charleston"},{"name":"Hanahan High","city":"Hanahan"},{"name":"Hannah Pamplico High","city":"Pamplico"},{"name":"Hartsville High","city":"Hartsville"},{"name":"HCS Early College High","city":"Conway"},{"name":"HCS Scholars Academy High","city":"Conway"},{"name":"Hemingway High","city":"Hemingway"},{"name":"Hillcrest High","city":"Simpsonville"},{"name":"Hilton Head Island High","city":"Hilton Head Island"},{"name":"Hunter-Kinard-Tyler High","city":"Neeses"},{"name":"Indian Land High","city":"Lancaster"},{"name":"Irmo High","city":"Columbia"},{"name":"J. L. Mann High Academy","city":"Greenville"},{"name":"J. Paul Truluck Creative Arts and Science Magnet","city":"Lake City"},{"name":"James F. Byrnes High","city":"Duncan"},{"name":"James Island Charter High","city":"Charleston"},{"name":"Johnsonville High","city":"Johnsonville"},{"name":"Lake City High","city":"Lake City"},{"name":"Lake Marion High School","city":"Santee"},{"name":"Lake View High","city":"Lake View"},{"name":"Lakewood High","city":"Sumter"},{"name":"Lamar High","city":"Lamar"},{"name":"Lancaster High","city":"Lancaster"},{"name":"Landrum High","city":"Campobello"},{"name":"Latta High","city":"Latta"},{"name":"Laurens District 55 High","city":"Laurens"},{"name":"Learn4Life High School-Charleston","city":"N Charleston"},{"name":"Lee Central High","city":"Bishopville"},{"name":"Legion Collegiate Academy","city":"Rock Hill"},{"name":"Lewisville High","city":"Richburg"},{"name":"Lexington High","city":"Lexington"},{"name":"Liberty High","city":"Liberty"},{"name":"Loris High","city":"Loris"},{"name":"Lowcountry Acceleration Academy","city":"N Charleston"},{"name":"Lower Richland High","city":"Hopkins"},{"name":"Lucy Garrett Beckham High","city":"Mt. Pleasant"},{"name":"Lugoff-Elgin High","city":"Lugoff"},{"name":"Marion High","city":"Marion"},{"name":"Marlboro County High","city":"Bennettsville"},{"name":"Mauldin High","city":"Mauldin"},{"name":"May River High","city":"Bluffton"},{"name":"Mayo High For Math Science & Technology","city":"Darlington"},{"name":"McBee High","city":"McBee"},{"name":"McCormick High","city":"McCormick"},{"name":"Mid-Carolina High","city":"Prosperity"},{"name":"Midland Valley High","city":"Graniteville"},{"name":"Midlands Middle College","city":"West Columbia"},{"name":"Military Magnet Academy","city":"North Charleston"},{"name":"Mullins High","city":"Mullins"},{"name":"Myrtle Beach High","city":"Myrtle Beach"},{"name":"Nation Ford High","city":"Fort Mill"},{"name":"Newberry High","city":"Newberry"},{"name":"Ninety Six High","city":"Ninety Six"},{"name":"North Augusta High","city":"North Augusta"},{"name":"North Central High","city":"Kershaw"},{"name":"North Charleston High","city":"North Charleston"},{"name":"North Middle/High","city":"North"},{"name":"North Myrtle Beach High","city":"Little River"},{"name":"Northwestern High","city":"Rock Hill"},{"name":"Oceanside Collegiate Academy","city":"Mount Pleasant"},{"name":"Odyssey Online Learning","city":"Chapin"},{"name":"Orangeburg Wilkinson High","city":"Orangeburg"},{"name":"Palmetto Academy of Learning Motorsports (PALM)","city":"Conway"},{"name":"Palmetto High","city":"Williamston"},{"name":"Palmetto Scholars Academy","city":"North Charleston"},{"name":"Pelion High","city":"Pelion"},{"name":"Pendleton High","city":"Anderson"},{"name":"Philip Simmons High","city":"Charleston"},{"name":"Pickens High","city":"Pickens"},{"name":"Polaris Tech Charter School","city":"Ridgeland"},{"name":"Powdersville High","city":"Greenville"},{"name":"RB Stall High","city":"North Charleston"},{"name":"Richland Northeast High","city":"Columbia"},{"name":"Richland One Charter Middle College","city":"Columbia"},{"name":"Ridge Spring-Monetta Middle/ High","city":"Monetta"},{"name":"Ridge View High","city":"Columbia"},{"name":"Ridgeland Secondary Academy of Excellence","city":"Ridgeland"},{"name":"River Bluff High","city":"Lexington"},{"name":"Riverside High","city":"Greer"},{"name":"Rock Hill High","city":"Rock Hill"},{"name":"Saluda High","city":"Saluda"},{"name":"SC Governor's School for Agriculture at John de la Howe","city":"McCormick"},{"name":"SC Governor's School for Arts and Humanities","city":"Greenville"},{"name":"SC Governor's School for Science and Mathematics","city":"Hartsville"},{"name":"SC Whitmore School","city":"Columbia"},{"name":"Seneca High","city":"Seneca"},{"name":"Silver Bluff High","city":"Aiken"},{"name":"Socastee High","city":"Myrtle Beach"},{"name":"South Aiken High","city":"Aiken"},{"name":"South Florence High","city":"Florence"},{"name":"South Pointe High","city":"Rock Hill"},{"name":"Southside High","city":"Greenville"},{"name":"Spartanburg High","city":"Spartanburg"},{"name":"Spring Hill High","city":"Chapin"},{"name":"Spring Valley High","city":"Columbia"},{"name":"St. James High","city":"Murrells Inlet"},{"name":"St. Johns High","city":"Johns Island"},{"name":"Stratford High","city":"Goose Creek"},{"name":"Strom Thurmond High","city":"Johnston"},{"name":"Summerville High","city":"Summerville"},{"name":"Sumter High School","city":"Sumter"},{"name":"Swansea High","city":"Swansea"},{"name":"T. L. Hanna High","city":"Anderson"},{"name":"The South Carolina Preparatory Academy","city":"Anderson"},{"name":"Timberland High","city":"St. Stephen"},{"name":"Travelers Rest High","city":"Travelers Rest"},{"name":"Union County High","city":"Union"},{"name":"W.J. Keenan High","city":"Columbia"},{"name":"Waccamaw High","city":"Pawleys Island"},{"name":"Wade Hampton High","city":"Greenville"},{"name":"Wade Hampton High","city":"Varnville"},{"name":"Wagener-Sally High","city":"Wagener"},{"name":"Walhalla High","city":"Walhalla"},{"name":"Wando High","city":"Mount Pleasant"},{"name":"Ware Shoals High","city":"Ware Shoals"},{"name":"West Ashley High","city":"Charleston"},{"name":"West Florence High","city":"Florence"},{"name":"West-Oak High","city":"Westminster"},{"name":"Westside High","city":"Anderson"},{"name":"Westwood High","city":"Blythewood"},{"name":"Whale Branch Early College High","city":"Seabrook"},{"name":"White Knoll High","city":"Lexington"},{"name":"Whitmire Community School (High)","city":"Whitmire"},{"name":"Wilson High","city":"Florence"},{"name":"Woodland High","city":"Dorchester"},{"name":"Woodmont High","city":"Piedmont"},{"name":"Woodruff High","city":"Woodruff"},{"name":"Wren High","city":"Piedmont"},{"name":"York Comprehensive High","city":"York"}]