[{"name":"Abbott House High School - 07","city":"Mitchell"},{"name":"Alcester-Hudson High School - 01","city":"Alcester"},{"name":"Andes Central High School - 01","city":"Lake Andes"},{"name":"Arlington High School - 01","city":"Arlington"},{"name":"Armour High School - 01","city":"Armour"},{"name":"Avon High School - 01","city":"Avon"},{"name":"Baltic High School - 01","city":"Baltic"},{"name":"Belle Fourche High School - 01","city":"Belle Fourche"},{"name":"Bennett County High School - 01","city":"Martin"},{"name":"Beresford High School - 01","city":"Beresford"},{"name":"Bison High School - 01","city":"Bison"},{"name":"Bon Homme High School - 01","city":"Tyndall"},{"name":"Bowdle High School - 01","city":"Bowdle"},{"name":"Brandon Valley Distance Learning Academy High School - 92","city":"Brandon"},{"name":"Brandon Valley High School - 01","city":"Brandon"},{"name":"Brentwood Colony Virtual High School - 92","city":"Faulkton"},{"name":"Bridgewater-Emery High School - 01","city":"Emery"},{"name":"Britton-Hecla High School - 01","city":"Britton"},{"name":"Brookings High School - 01","city":"Brookings"},{"name":"Burke High School - 01","city":"Burke"},{"name":"Canistota High School - 01","city":"Canistota"},{"name":"Canton High School - 01","city":"Canton"},{"name":"Castlewood High School - 01","city":"Castlewood"},{"name":"Centerville High School - 01","city":"Centerville"},{"name":"Central High School - 01","city":"Aberdeen"},{"name":"Central High School - 41","city":"Rapid City"},{"name":"Chamberlain High School - 01","city":"Chamberlain"},{"name":"Chester Area Cyber School - 92","city":"Chester"},{"name":"Chester High School - 01","city":"Chester"},{"name":"Clark High School - 01","city":"Clark"},{"name":"Colman-Egan High School - 01","city":"Colman"},{"name":"Colome High School - 01","city":"Colome"},{"name":"Corsica-Stickney High School - 01","city":"Corsica"},{"name":"Custer High School - 01","city":"Custer"},{"name":"Dakota Valley High School - 01","city":"North Sioux City"},{"name":"De Smet High School - 01","city":"De Smet"},{"name":"Dell Rapids High School - 01","city":"Dell Rapids"},{"name":"Deubrook High School - 01","city":"White"},{"name":"Deuel High School - 01","city":"Clear Lake"},{"name":"Doland High School - 01","city":"Doland"},{"name":"Douglas High School - 03","city":"Box Elder"},{"name":"Dupree High School - 01","city":"Dupree"},{"name":"Eagle Butte High School - 01","city":"Eagle Butte"},{"name":"Edgemont High School - 01","city":"Edgemont"},{"name":"Edmunds Central High School - 01","city":"Roscoe"},{"name":"Elk Mountain High School - 04","city":"Dewey"},{"name":"Elk Point-Jefferson High School - 01","city":"Elk Point"},{"name":"Elkton High School - 01","city":"Elkton"},{"name":"Estelline High School - 01","city":"Estelline"},{"name":"Ethan High School - 01","city":"Ethan"},{"name":"Eureka High School - 01","city":"Eureka"},{"name":"Faith High School - 01","city":"Faith"},{"name":"Faulkton High School - 01","city":"Faulkton"},{"name":"Flandreau High School - 01","city":"Flandreau"},{"name":"Florence High School - 01","city":"Florence"},{"name":"Frederick High School - 01","city":"Frederick"},{"name":"Freeman High School - 01","city":"Freeman"},{"name":"Garretson High School - 01","city":"Garretson"},{"name":"Gayville-Volin High School - 01","city":"Gayville"},{"name":"Gettysburg High School - 01","city":"Gettysburg"},{"name":"Grass Ranch Colony High School - 15","city":"Kimball"},{"name":"Gregory High School - 01","city":"Gregory"},{"name":"Groton Area High School - 01","city":"Groton"},{"name":"Hamlin High School - 01","city":"Hayti"},{"name":"Hanson Colony Alternative High School - 07","city":"Mitchell"},{"name":"Hanson High School - 01","city":"Alexandria"},{"name":"Harding County High School - 01","city":"Buffalo"},{"name":"Harrisburg High School - 01","city":"Harrisburg"},{"name":"Henry High School - 01","city":"Henry"},{"name":"Herreid High School - 01","city":"Herreid"},{"name":"Highmore High School - 01","city":"Highmore"},{"name":"Hill City High School - 01","city":"Hill City"},{"name":"Hillside Colony High School - 07","city":"Doland"},{"name":"Hitchcock-Tulare High School - 01","city":"Tulare"},{"name":"Hot Springs High School - 01","city":"Hot Springs"},{"name":"Hoven High School - 01","city":"Hoven"},{"name":"Howard High School - 01","city":"Howard"},{"name":"Huron High School - 01","city":"Huron"},{"name":"Ipswich High School - 01","city":"Ipswich"},{"name":"Irene - Wakonda High School - 01","city":"Irene"},{"name":"Iroquois High School - 01","city":"Iroquois"},{"name":"iSucceed - 92","city":"Mellette"},{"name":"Jefferson High School - 67","city":"Sioux Falls"},{"name":"Jones County High School - 01","city":"Murdo"},{"name":"Kadoka Area High School - 01","city":"Kadoka"},{"name":"Kimball High School - 01","city":"Kimball"},{"name":"Lake Preston High School - 01","city":"Lake Preston"},{"name":"Langford Area High School - 01","city":"Langford"},{"name":"Lead-Deadwood High School - 01","city":"Lead"},{"name":"Lemmon High School - 01","city":"Lemmon"},{"name":"Lennox High School - 01","city":"Lennox"},{"name":"Leola High School - 01","city":"Leola"},{"name":"Lincoln High School - 02","city":"Sioux Falls"},{"name":"Lyman High School - 01","city":"Presho"},{"name":"Madison High School - 01","city":"Madison"},{"name":"Marion High School - 01","city":"Marion"},{"name":"McCook Central High School - 01","city":"Salem"},{"name":"McIntosh High School - 01","city":"McIntosh"},{"name":"McLaughlin High School - 01","city":"McLaughlin"},{"name":"Menno High School - 01","city":"Menno"},{"name":"Milbank High School - 01","city":"Milbank"},{"name":"Miller High School - 01","city":"Miller"},{"name":"Mitchell High School - 01","city":"Mitchell"},{"name":"Mobridge High School - 01","city":"Mobridge"},{"name":"Montrose High School - 01","city":"Montrose"},{"name":"Mount Vernon High School- 01","city":"Mount Vernon"},{"name":"New Underwood High School - 01","city":"New Underwood"},{"name":"Newell High School - 01","city":"Newell"},{"name":"Northwestern High School - 01","city":"Mellette"},{"name":"Oelrichs High School - 01","city":"Oelrichs"},{"name":"Oglala Lakota County Virtual High School - 92","city":"Pine Ridge"},{"name":"Oldham-Ramona High School - 01","city":"Ramona"},{"name":"Parker High School - 01","city":"Parker"},{"name":"Parkston High School - 01","city":"Parkston"},{"name":"Parkston Virtual School - 92","city":"Ethan"},{"name":"Philip High School - 01","city":"Philip"},{"name":"Plankinton High School - 01","city":"Plankinton"},{"name":"Platte - Geddes High School - 01","city":"Platte"},{"name":"Rapid City Online High School - 92","city":"Rapid City"},{"name":"Redfield High School - 01","city":"Redfield"},{"name":"Redfield Virtual School - 92","city":"Redfield"},{"name":"Roosevelt High School - 03","city":"Sioux Falls"},{"name":"Rosholt High School - 01","city":"Rosholt"},{"name":"Rutland High School - 01","city":"Rutland"},{"name":"Sanborn Central High School - 01","city":"Forestburg"},{"name":"Scotland High School - 01","city":"Scotland"},{"name":"Selby High School - 01","city":"Selby"},{"name":"Sioux Valley High School - 01","city":"Volga"},{"name":"Sisseton High School - 01","city":"Sisseton"},{"name":"Spearfish High School - 01","city":"Spearfish"},{"name":"Spring Lake Colony High School - 05","city":"Arlington"},{"name":"Stanley County High School - 01","city":"Fort Pierre"},{"name":"Stevens High School - 42","city":"Rapid City"},{"name":"Sturgis Brown High School - 01","city":"Sturgis"},{"name":"Sully Buttes High School - 07","city":"Onida"},{"name":"Summit High School - 01","city":"Summit"},{"name":"Sunset Colony High School - 06","city":"Britton"},{"name":"T F Riggs High School - 01","city":"Pierre"},{"name":"Tea Area High School - 03","city":"Tea"},{"name":"Teachwell Connect - 92","city":"Sioux Falls"},{"name":"Timber Lake High School - 01","city":"Timber Lake"},{"name":"Todd County High School - 01","city":"Mission"},{"name":"Tri-Valley High School - 01","city":"Colton"},{"name":"Tripp-Delmont High School - 01","city":"Tripp"},{"name":"Vermillion High School - 01","city":"Vermillion"},{"name":"Viborg-Hurley High School - 01","city":"Viborg"},{"name":"Wagner High School - 01","city":"Wagner"},{"name":"Wakpala High School - 01","city":"Wakpala"},{"name":"Wall High School - 01","city":"Wall"},{"name":"Warner High School - 01","city":"Warner"},{"name":"Washington High School - 01","city":"Sioux Falls"},{"name":"Watertown High School - 01","city":"Watertown"},{"name":"Waubay High School - 01","city":"Waubay"},{"name":"Waverly-South Shore High School - 01","city":"Waverly"},{"name":"Webster Area High School - 01","city":"Webster"},{"name":"Wessington Springs High School - 01","city":"Wessington Springs"},{"name":"Wessington Springs High School Cyber School - 92","city":"Wessington Springs"},{"name":"West Central High School - 01","city":"Hartford"},{"name":"White Lake High School - 01","city":"White Lake"},{"name":"White River High School - 01","city":"White River"},{"name":"Whole Grade Sharing with Burke - 04","city":"Burke"},{"name":"Willow Lake High School - 01","city":"Willow Lake"},{"name":"Wilmot High School - 01","city":"Wilmot"},{"name":"Winner High School - 01","city":"Winner"},{"name":"Wolsey Wessington High School - 01","city":"Wolsey"},{"name":"Woonsocket High School - 01","city":"Woonsocket"},{"name":"Yankton High School - 01","city":"Yankton"}]