[{"name":"A & M Cons H S","city":"College Station"},{"name":"A C Jones H S","city":"Beeville"},{"name":"A+ Secondary School","city":"Dallas"},{"name":"Abernathy H S","city":"Abernathy"},{"name":"Abilene H S","city":"Abilene"},{"name":"Academy for Technology Engineering Math & Science","city":"Abilene"},{"name":"Academy H S","city":"Little River"},{"name":"Achieve Early College H S","city":"Mcallen"},{"name":"Agua Dulce H S","city":"Agua Dulce"},{"name":"Akins H S","city":"Austin"},{"name":"Alamo Heights H S","city":"San Antonio"},{"name":"Alba-golden H S","city":"Alba"},{"name":"Albany Jr-sr H S","city":"Albany"},{"name":"Aldine H S","city":"Houston"},{"name":"Aledo H S","city":"Aledo"},{"name":"Alice H S","city":"Alice"},{"name":"Alief Early College H S","city":"Houston"},{"name":"Allen H S","city":"Allen"},{"name":"Almeta Crawford H S","city":"Sugar Land"},{"name":"Alpine H S","city":"Alpine"},{"name":"Alto H S","city":"Alto"},{"name":"Alvarado H S","city":"Alvarado"},{"name":"Alvin H S","city":"Alvin"},{"name":"Alvord H S","city":"Alvord"},{"name":"Amarillo H S","city":"Amarillo"},{"name":"Americas H S","city":"El Paso"},{"name":"Amtech Career Academy","city":"Amarillo"},{"name":"Anahuac H S","city":"Anahuac"},{"name":"Anderson H S","city":"Austin"},{"name":"Anderson-shiro Jr/sr H S","city":"Anderson"},{"name":"Andress H S","city":"El Paso"},{"name":"Andrews H S","city":"Andrews"},{"name":"Andy Dekaney H S","city":"Houston"},{"name":"Angleton H S","city":"Angleton"},{"name":"Anna H S","city":"Anna"},{"name":"Anson H S","city":"Anson"},{"name":"Anthony H S","city":"Anthony"},{"name":"Apple Springs H S","city":"Apple Springs"},{"name":"Aransas Pass H S","city":"Aransas Pass"},{"name":"Archer City H S","city":"Archer City"},{"name":"Argyle H S","city":"Flower Mound"},{"name":"Aristoi Classical Upper School","city":"Katy"},{"name":"Arlington College and Career H S","city":"Arlington"},{"name":"Arlington H S","city":"Arlington"},{"name":"Arlington Heights H S","city":"Fort Worth"},{"name":"Arp H S","city":"Arp"},{"name":"Aspermont H S","city":"Aspermont"},{"name":"Atascocita H S","city":"Humble"},{"name":"Athens H S","city":"Athens"},{"name":"Atlanta H S","city":"Atlanta"},{"name":"Aubrey H S","city":"Aubrey"},{"name":"Austin Achieve H S","city":"Austin"},{"name":"Austin H S","city":"Austin"},{"name":"Austin H S","city":"El Paso"},{"name":"Austin H S","city":"Houston"},{"name":"Austwell-tivoli H S","city":"Tivoli"},{"name":"Avalos P-tech School","city":"Houston"},{"name":"Avery Secondary","city":"Avery"},{"name":"Axtell H S","city":"Axtell"},{"name":"Azle H S","city":"Azle"},{"name":"B F Terry H S","city":"Rosenberg"},{"name":"Baird H S","city":"Baird"},{"name":"Ball H S","city":"Galveston"},{"name":"Ballinger H S","city":"Ballinger"},{"name":"Bandera H S","city":"Bandera"},{"name":"Bangs H S","city":"Bangs"},{"name":"Banquete H S","city":"Banquete"},{"name":"Barack Obama Male Leadership Acad at a Maceo Smith","city":"Dallas"},{"name":"Barbers Hill H S","city":"Mont Belvieu"},{"name":"Basis San Antonio- Shavano Campus","city":"San Antonio"},{"name":"Bastrop H S","city":"Bastrop"},{"name":"Bay City H S","city":"Bay City"},{"name":"Beaumont Isd Early College H S","city":"Beaumont"},{"name":"Beaumont United H S","city":"Beaumont"},{"name":"Beckville Jr-sr High School","city":"Beckville"},{"name":"Bel Air H S","city":"El Paso"},{"name":"Bell H S","city":"Hurst"},{"name":"Bellaire H S","city":"Bellaire"},{"name":"Bells H S","city":"Bells"},{"name":"Bellville H S","city":"Bellville"},{"name":"Belton H S","city":"Belton"},{"name":"Ben Bolt-palito Blanco H S","city":"Ben Bolt"},{"name":"Benavides Secondary","city":"Benavides"},{"name":"Benbrook Middle/high School","city":"Fort Worth"},{"name":"Berkner H S","city":"Richardson"},{"name":"Beta Academy","city":"Houston"},{"name":"Big Sandy H S","city":"Big Sandy"},{"name":"Big Spring H S","city":"Big Spring"},{"name":"Birdville H S","city":"North Richland Hills"},{"name":"Bishop H S","city":"Bishop"},{"name":"Blanco H S","city":"Blanco"},{"name":"Bland H S","city":"Farmersville"},{"name":"Blanson Cte H S","city":"Houston"},{"name":"Blooming Grove H S","city":"Blooming Grove"},{"name":"Bloomington H S","city":"Bloomington"},{"name":"Blue Ridge H S","city":"Blue Ridge"},{"name":"Bob Hope H S","city":"Port Arthur"},{"name":"Boerne - Samuel V Champion H S","city":"Boerne"},{"name":"Boerne H S","city":"Boerne"},{"name":"Boles H S","city":"Quinlan"},{"name":"Boling H S","city":"Boling"},{"name":"Bonham H S","city":"Bonham"},{"name":"Booker Jh/h S","city":"Booker"},{"name":"Booker T Washington Spva Magnet","city":"Dallas"},{"name":"Borger H S","city":"Borger"},{"name":"Bosqueville H S","city":"Waco"},{"name":"Boswell H S","city":"Fort Worth"},{"name":"Bovina H S","city":"Bovina"},{"name":"Bowie H S","city":"Arlington"},{"name":"Bowie H S","city":"Austin"},{"name":"Bowie H S","city":"Bowie"},{"name":"Bowie H S","city":"El Paso"},{"name":"Boyd H S","city":"Boyd"},{"name":"Brackenridge H S","city":"San Antonio"},{"name":"Brackett H S","city":"Brackettville"},{"name":"Brady H S","city":"Brady"},{"name":"Brandeis H S","city":"San Antonio"},{"name":"Brazos H S","city":"Wallis"},{"name":"Brazosport H S","city":"Freeport"},{"name":"Brazoswood H S","city":"Clute"},{"name":"Breckenridge H S","city":"Breckenridge"},{"name":"Bremond H S","city":"Bremond"},{"name":"Brenham H S","city":"Brenham"},{"name":"Brennan H S","city":"San Antonio"},{"name":"Brewer H S","city":"Fort Worth"},{"name":"Bridge City H S","city":"Bridge City"},{"name":"Bridgeland H S","city":"Cypress"},{"name":"Bridgeport H S","city":"Bridgeport"},{"name":"Broaddus H S","city":"San Augustine"},{"name":"Brock H S","city":"Brock"},{"name":"Brookeland H S","city":"Brookeland"},{"name":"Brownfield H S","city":"Brownfield"},{"name":"Brownsboro H S","city":"Brownsboro"},{"name":"Brownsville Early College H S","city":"Brownsville"},{"name":"Brownwood H S","city":"Brownwood"},{"name":"Bruceville-eddy H S","city":"Eddy"},{"name":"Bruni H S","city":"Bruni"},{"name":"Bryan Adams H S Leadership Academy","city":"Dallas"},{"name":"Bryan Collegiate H S","city":"Bryan"},{"name":"Buffalo H S","city":"Buffalo"},{"name":"Bullard H S","city":"Bullard"},{"name":"Buna H S","city":"Buna"},{"name":"Burbank H S","city":"San Antonio"},{"name":"Burges H S","city":"El Paso"},{"name":"Burkburnett H S","city":"Burkburnett"},{"name":"Burleson Centennial H S","city":"Burleson"},{"name":"Burleson Collegiate H S","city":"Burleson"},{"name":"Burleson H S","city":"Burleson"},{"name":"Burnet H S","city":"Burnet"},{"name":"Burton H S","city":"Burton"},{"name":"Bushland H S","city":"Bushland"},{"name":"Byron Nelson H S","city":"Trophy Club"},{"name":"Byron P Steele Ii H S","city":"Cibolo"},{"name":"C C Winn H S","city":"Eagle Pass"},{"name":"C E Ellison H S","city":"Killeen"},{"name":"C E King H S","city":"Houston"},{"name":"Caddo Mills H S","city":"Caddo Mills"},{"name":"Calallen H S","city":"Corpus Christi"},{"name":"Caldwell H S","city":"Caldwell"},{"name":"Calhoun H S","city":"Port Lavaca"},{"name":"Callisburg H S","city":"Callisburg"},{"name":"Calvin Nelms H S","city":"Katy"},{"name":"Cameron Yoe H S","city":"Cameron"},{"name":"Campbell H S","city":"Campbell"},{"name":"Canadian H S","city":"Canadian"},{"name":"Caney Creek H S","city":"Conroe"},{"name":"Canton H S","city":"Canton"},{"name":"Canutillo H S","city":"El Paso"},{"name":"Canyon H S","city":"Canyon"},{"name":"Canyon H S","city":"New Braunfels"},{"name":"Canyon Lake H S","city":"Fischer"},{"name":"Caprock H S","city":"Amarillo"},{"name":"Career & Tech Ed Ctr","city":"El Paso"},{"name":"Career Education Center","city":"Wichita Falls"},{"name":"Carl Wunsche Sr H S","city":"Spring"},{"name":"Carnegie Vanguard H S","city":"Houston"},{"name":"Carrizo Springs H S","city":"Carrizo Springs"},{"name":"Carroll H S","city":"Corpus Christi"},{"name":"Carroll Senior H S","city":"Southlake"},{"name":"Carter-riverside H S","city":"Fort Worth"},{"name":"Carthage H S","city":"Carthage"},{"name":"Carver H S for Applied Tech/engineering/arts","city":"Houston"},{"name":"Cast Med H S","city":"San Antonio"},{"name":"Cast Stem H S","city":"San Antonio"},{"name":"Cast Tech H S","city":"San Antonio"},{"name":"Castleberry H S","city":"Fort Worth"},{"name":"Cayuga H S","city":"Tennessee Colony"},{"name":"Cedar Creek H S","city":"Cedar Creek"},{"name":"Cedar Hill Collegiate H S","city":"Cedar Hill"},{"name":"Cedar Hill H S","city":"Cedar Hill"},{"name":"Cedar Park H S","city":"Cedar Park"},{"name":"Cedar Ridge H S","city":"Round Rock"},{"name":"Cedars Academy Next Generation H S at Highland","city":"Austin"},{"name":"Celeste H S","city":"Celeste"},{"name":"Celina H S","city":"Celina"},{"name":"Centennial H S","city":"Frisco"},{"name":"Center H S","city":"Center"},{"name":"Center Point H S","city":"Center Point"},{"name":"Centerville Jr-sr H S","city":"Centerville"},{"name":"Central H S","city":"Pollok"},{"name":"Central H S","city":"Keller"},{"name":"Central H S","city":"San Angelo"},{"name":"Central Heights H S","city":"Nacogdoches"},{"name":"Challenge Early College H S","city":"Houston"},{"name":"Channelview H S","city":"Channelview"},{"name":"Chaparral H S","city":"Killeen"},{"name":"Chapel Hill H S","city":"Tyler"},{"name":"Chapel Hill H S","city":"Mount Pleasant"},{"name":"Chapin H S","city":"El Paso"},{"name":"Charlotte H S","city":"Charlotte"},{"name":"Chavez H S","city":"Houston"},{"name":"Chester H S","city":"Chester"},{"name":"Chico H S","city":"Chico"},{"name":"Childress H S","city":"Childress"},{"name":"China Spring H S","city":"China Spring"},{"name":"Chireno H S","city":"Chireno"},{"name":"Chisholm Trail H S","city":"Fort Worth"},{"name":"Chisum H S","city":"Paris"},{"name":"Christoval H S","city":"Christoval"},{"name":"Churchill H S","city":"San Antonio"},{"name":"Cinco Ranch H S","city":"Katy"},{"name":"Cisco H S","city":"Cisco"},{"name":"City View Junior/senior High","city":"Wichita Falls"},{"name":"Citylab H S","city":"Dallas"},{"name":"Clarendon H S","city":"Clarendon"},{"name":"Clark H S","city":"San Antonio"},{"name":"Clarksville Middle and H S","city":"Clarksville"},{"name":"Clear Brook H S","city":"Friendswood"},{"name":"Clear Creek H S","city":"League City"},{"name":"Clear Falls H S","city":"League City"},{"name":"Clear Horizons Early College H S","city":"Houston"},{"name":"Clear Lake H S","city":"Houston"},{"name":"Clear Springs H S","city":"League City"},{"name":"Cleburne H S","city":"Cleburne"},{"name":"Clements H S","city":"Sugar Land"},{"name":"Cleveland H S","city":"Cleveland"},{"name":"Clifton H S","city":"Clifton"},{"name":"Clint H S","city":"Clint"},{"name":"Clint Isd Early College Academy","city":"Clint"},{"name":"Clyde H S","city":"Clyde"},{"name":"Coahoma H S","city":"Coahoma"},{"name":"Coldspring-oakhurst H S","city":"Coldspring"},{"name":"Coleman H S","city":"Coleman"},{"name":"College Park H S","city":"The Woodlands"},{"name":"College Station H S","city":"College Station"},{"name":"College View H S","city":"College Station"},{"name":"Colleyville Heritage H S","city":"Colleyville"},{"name":"Collinsville H S","city":"Collinsville"},{"name":"Colmesneil Jh/hs","city":"Colmesneil"},{"name":"Colorado H S","city":"Colorado City"},{"name":"Colorado River Collegiate Academy","city":"Bastrop"},{"name":"Columbia H S","city":"West Columbia"},{"name":"Columbus H S","city":"Columbus"},{"name":"Comanche H S","city":"Comanche"},{"name":"Comfort H S","city":"Comfort"},{"name":"Commerce H S","city":"Commerce"},{"name":"Community H S","city":"Nevada"},{"name":"Compass Rose Legacy","city":"San Antonio"},{"name":"Connally High School","city":"Waco"},{"name":"Conroe H S","city":"Conroe"},{"name":"Coolidge H S","city":"Coolidge"},{"name":"Cooper H S","city":"Abilene"},{"name":"Cooper H S","city":"Cooper"},{"name":"Coppell H S","city":"Coppell"},{"name":"Copperas Cove H S","city":"Copperas Cove"},{"name":"Coronado H S","city":"El Paso"},{"name":"Coronado H S","city":"Lubbock"},{"name":"Corrigan-camden H S","city":"Corrigan"},{"name":"Corsicana H S","city":"Corsicana"},{"name":"Cotulla H S","city":"Cotulla"},{"name":"Crandall H S","city":"Crandall"},{"name":"Crane H S","city":"Crane"},{"name":"Crawford H S","city":"Crawford"},{"name":"Creekview H S","city":"Carrollton"},{"name":"Crockett Echs","city":"Austin"},{"name":"Crockett H S","city":"Crockett"},{"name":"Crosby H S","city":"Crosby"},{"name":"Cross Plains H S","city":"Cross Plains"},{"name":"Cross Roads H S","city":"Malakoff"},{"name":"Crowley H S","city":"Crowley"},{"name":"Crystal City H S","city":"Crystal City"},{"name":"Cuero H S","city":"Cuero"},{"name":"Cumberland H S","city":"Tyler"},{"name":"Cumby Collegiate H S","city":"Cumby"},{"name":"Cushing School","city":"Cushing"},{"name":"Cy-fair H S","city":"Cypress"},{"name":"Cypress Creek H S","city":"Houston"},{"name":"Cypress Falls H S","city":"Houston"},{"name":"Cypress Lakes H S","city":"Katy"},{"name":"Cypress Park H S","city":"Cypress"},{"name":"Cypress Ranch H S","city":"Cypress"},{"name":"Cypress Ridge H S","city":"Houston"},{"name":"Cypress Springs H S","city":"Cypress"},{"name":"Cypress Woods H S","city":"Cypress"},{"name":"Daingerfield H S","city":"Daingerfield"},{"name":"Dalhart H S","city":"Dalhart"},{"name":"Danbury H S","city":"Danbury"},{"name":"Davenport H S","city":"San Antonio"},{"name":"David W Carter H S","city":"Dallas"},{"name":"Davinci School for Science and the Arts","city":"El Paso"},{"name":"Davis H S Aldine","city":"Houston"},{"name":"Dawson H S","city":"Dawson"},{"name":"Dayton H S","city":"Dayton"},{"name":"De Leon H S","city":"De Leon"},{"name":"Debakey H S for Health Prof","city":"Houston"},{"name":"Decatur H S","city":"Decatur"},{"name":"Deer Park H S","city":"Deer Park"},{"name":"Dekalb H S","city":"Dekalb"},{"name":"Del Rio Early College H S","city":"Del Rio"},{"name":"Del Rio H S","city":"Del Rio"},{"name":"Del Valle H S","city":"Del Valle"},{"name":"Del Valle H S","city":"El Paso"},{"name":"Denison H S","city":"Denison"},{"name":"Denton H S","city":"Denton"},{"name":"Denver City H S","city":"Denver City"},{"name":"Desoto H S","city":"Desoto"},{"name":"Detroit H S","city":"Detroit"},{"name":"Devine H S","city":"Devine"},{"name":"Deweyville H S","city":"Orange"},{"name":"Diamond Hill-jarvis H S","city":"Fort Worth"},{"name":"Diboll H S","city":"Diboll"},{"name":"Dickinson H S","city":"Dickinson"},{"name":"Dilley H S","city":"Dilley"},{"name":"Dimmitt H S","city":"Dimmitt"},{"name":"Dobie H S","city":"Houston"},{"name":"Donna H S","city":"Donna"},{"name":"Donna North H S","city":"Donna"},{"name":"Dr Leo Cigarroa H S","city":"Laredo"},{"name":"Dr Wright L Lassiter Jr Early College H S","city":"Dallas"},{"name":"Dripping Springs H S","city":"Dripping Springs"},{"name":"Dublin H S","city":"Dublin"},{"name":"Dulles H S","city":"Sugar Land"},{"name":"Dumas H S","city":"Dumas"},{"name":"Dunbar H S","city":"Fort Worth"},{"name":"Duncanville H S","city":"Duncanville"},{"name":"Eagle Pass H S","city":"Eagle Pass"},{"name":"Early College H S","city":"Dallas"},{"name":"Early College H S at Midland College","city":"Midland"},{"name":"Early College T-stem Academy","city":"Houston"},{"name":"Early H S","city":"Early"},{"name":"East Bernard H S","city":"East Bernard"},{"name":"East Central H S","city":"San Antonio"},{"name":"East Chambers H S","city":"Winnie"},{"name":"East Early College H S","city":"Houston"},{"name":"East View H S","city":"Georgetown"},{"name":"Eastern Hills H S","city":"Fort Worth"},{"name":"Eastlake H S","city":"El Paso"},{"name":"Eastland H S","city":"Eastland"},{"name":"Eastside Early College H S","city":"Austin"},{"name":"Eastwood Academy","city":"Houston"},{"name":"Eastwood H S","city":"El Paso"},{"name":"Economedes H S","city":"Edinburg"},{"name":"Ector H S","city":"Ector"},{"name":"Edcouch-elsa H S","city":"Elsa"},{"name":"Edgewood H S","city":"Edgewood"},{"name":"Edinburg H S","city":"Edinburg"},{"name":"Edinburg North H S","city":"Edinburg"},{"name":"Edison H S","city":"San Antonio"},{"name":"Edna H S","city":"Edna"},{"name":"Eisenhower H S","city":"Houston"},{"name":"El Campo H S","city":"El Campo"},{"name":"El Dorado H S","city":"El Paso"},{"name":"El Paso H S","city":"El Paso"},{"name":"Eldorado H S","city":"Eldorado"},{"name":"Electra Junior/senior High","city":"Electra"},{"name":"Elgin H S","city":"Elgin"},{"name":"Elkhart H S","city":"Elkhart"},{"name":"Elsik H S","city":"Houston"},{"name":"Elysian Fields H S","city":"Waskom"},{"name":"Emmett J Conrad H S","city":"Dallas"},{"name":"Energized for Stem Academy H S","city":"Houston"},{"name":"Energy Institute H S","city":"Houston"},{"name":"Ennis H S","city":"Ennis"},{"name":"Estacado H S","city":"Lubbock"},{"name":"Eula H S","city":"Clyde"},{"name":"Eustace H S","city":"Eustace"},{"name":"Evadale H S","city":"Evadale"},{"name":"Evant H S","city":"Evant"},{"name":"Everman H S","city":"Everman"},{"name":"Fabens H S","city":"Fabens"},{"name":"Fairfield H S","city":"Fairfield"},{"name":"Falfurrias H S","city":"Falfurrias"},{"name":"Falls City H S","city":"Falls City"},{"name":"Fannindel H S","city":"Ladonia"},{"name":"Farmersville H S","city":"Farmersville"},{"name":"Farwell H S","city":"Farwell"},{"name":"Ferris H S","city":"Ferris"},{"name":"Flatonia Secondary","city":"Flatonia"},{"name":"Florence H S","city":"Florence"},{"name":"Floresville H S","city":"Floresville"},{"name":"Flour Bluff H S","city":"Corpus Christi"},{"name":"Flower Mound H S","city":"Flower Mound"},{"name":"Floydada Collegiate H S","city":"Floydada"},{"name":"Forney H S","city":"Forney"},{"name":"Forsan H S","city":"Forsan"},{"name":"Fort Hancock H S","city":"Fort Hancock"},{"name":"Fort Stockton High","city":"Fort Stockton"},{"name":"Fort Worth Academy of Fine Arts","city":"Fort Worth"},{"name":"Fossil Ridge H S","city":"Keller"},{"name":"Foster H S","city":"Richmond"},{"name":"Founders Classical Academy Corinth - Upper School","city":"Corinth"},{"name":"Fox Technical H S","city":"San Antonio"},{"name":"Frank L Madla Early College H S","city":"San Antonio"},{"name":"Franklin D Roosevelt H S of Innovation","city":"Dallas"},{"name":"Franklin H S","city":"El Paso"},{"name":"Franklin H S","city":"Franklin"},{"name":"Frankston H S","city":"Frankston"},{"name":"Fredericksburg H S","city":"Fredericksburg"},{"name":"Freer H S","city":"Freer"},{"name":"Frenship H S","city":"Wolfforth"},{"name":"Friendswood H S","city":"Friendswood"},{"name":"Friona H S","city":"Friona"},{"name":"Frisco H S","city":"Frisco"},{"name":"Frost H S","city":"Frost"},{"name":"Fruitvale H S","city":"Fruitvale"},{"name":"Fulshear H S","city":"Fulshear"},{"name":"Furr H S","city":"Houston"},{"name":"Gainesville H S","city":"Gainesville"},{"name":"Galena Park H S","city":"Galena Park"},{"name":"Galena Park Isd Career & Technical Echs","city":"Houston"},{"name":"Game Development Design School at Burleson Isd","city":"Burleson"},{"name":"Ganado H S","city":"Ganado"},{"name":"Garden City H S","city":"Garden City"},{"name":"Garland H S","city":"Garland"},{"name":"Garrison H S","city":"Garrison"},{"name":"Gatesville H S","city":"Gatesville"},{"name":"Gateway Charter Academy - Middle - H S","city":"Dallas"},{"name":"George Bush H S","city":"Richmond"},{"name":"George H W Bush New Tech Odessa","city":"Odessa"},{"name":"George Ranch H S","city":"Richmond"},{"name":"George West H S","city":"George West"},{"name":"Georgetown H S","city":"Georgetown"},{"name":"Giddings H S","city":"Giddings"},{"name":"Gilbreath-reed Career and Technical Center","city":"Garland"},{"name":"Gilmer H S","city":"Gilmer"},{"name":"Gladewater H S","city":"Gladewater"},{"name":"Glen Rose H S","city":"Glen Rose"},{"name":"Glenda Dawson H S","city":"Pearland"},{"name":"Glenn H S","city":"Leander"},{"name":"Godley H S","city":"Godley"},{"name":"Goldthwaite H S","city":"Goldthwaite"},{"name":"Goliad H S","city":"Goliad"},{"name":"Gonzales H S","city":"Gonzales"},{"name":"Goodrich H S","city":"Goodrich"},{"name":"Goose Creek Memorial","city":"Baytown"},{"name":"Gorman H S","city":"Gorman"},{"name":"Graham H S","city":"Graham"},{"name":"Granbury H S","city":"Granbury"},{"name":"Grand Oaks H S","city":"Spring"},{"name":"Grand Prairie Collegiate Institute","city":"Grand Prairie"},{"name":"Grand Prairie Fine Arts Academy","city":"Grand Prairie"},{"name":"Grand Prairie H S","city":"Grand Prairie"},{"name":"Grand Saline H S","city":"Grand Saline"},{"name":"Grandview H S","city":"Grandview"},{"name":"Grape Creek H S","city":"San Angelo"},{"name":"Grapeland H S","city":"Grapeland"},{"name":"Grapevine H S","city":"Grapevine"},{"name":"Grapevine-colleyville Collegiate Academy at Tcc Ne","city":"Hurst"},{"name":"Great Hearts Irving Upper","city":"Irving"},{"name":"Great Hearts Monte Vista North","city":"San Antonio"},{"name":"Greenville H S","city":"Greenville"},{"name":"Greenwood H S","city":"Midland"},{"name":"Gregory-portland H S","city":"Portland"},{"name":"Groesbeck H S","city":"Groesbeck"},{"name":"Groveton J H-h S","city":"Groveton"},{"name":"Grulla H S","city":"Rio Grande City"},{"name":"Gruver H S","city":"Gruver"},{"name":"Gunter H S","city":"Gunter"},{"name":"Guy M Sconzo Early College H S","city":"Humble"},{"name":"Guyer H S","city":"Denton"},{"name":"H Grady Spruce H S","city":"Dallas"},{"name":"H M King H S","city":"Kingsville"},{"name":"H S for Law and Justice","city":"Houston"},{"name":"Hale Center H S","city":"Hale Center"},{"name":"Hallettsville H S","city":"Hallettsville"},{"name":"Hallsville H S","city":"Hallsville"},{"name":"Haltom H S","city":"Haltom City"},{"name":"Hamilton H S","city":"Hamilton"},{"name":"Hamlin Collegiate H S","city":"Hamlin"},{"name":"Hamshire-fannett H S","city":"Hamshire"},{"name":"Hanna Early College H S","city":"Brownsville"},{"name":"Happy H S","city":"Happy"},{"name":"Hardin H S","city":"Hardin"},{"name":"Hardin-jefferson H S","city":"Sour Lake"},{"name":"Hargrave H S","city":"Huffman"},{"name":"Harker Heights H S","city":"Harker Heights"},{"name":"Harlan H S","city":"San Antonio"},{"name":"Harlandale H S","city":"San Antonio"},{"name":"Harlandale Isd Stem Echs-alamo Colleges at Pac","city":"San Antonio"},{"name":"Harleton H S","city":"Harleton"},{"name":"Harlingen Collegiate H S","city":"Harlingen"},{"name":"Harlingen H S","city":"Harlingen"},{"name":"Harlingen H S - South","city":"Harlingen"},{"name":"Harlingen School of Health Professions","city":"Harlingen"},{"name":"Harmony H S","city":"Big Sandy"},{"name":"Harmony School of Advancement-houston","city":"Houston"},{"name":"Harmony School of Discovery - Houston","city":"Houston"},{"name":"Harmony School of Excellence - Austin","city":"Austin"},{"name":"Harmony School of Excellence - Dallas","city":"Dallas"},{"name":"Harmony School of Excellence - Laredo","city":"Laredo"},{"name":"Harmony School of Ingenuity-houston","city":"Houston"},{"name":"Harmony School of Innovation - Brownsville","city":"Brownsville"},{"name":"Harmony School of Innovation - Dallas","city":"Dallas"},{"name":"Harmony School of Innovation - Fort Worth","city":"Fort Worth"},{"name":"Harmony School of Innovation - Garland","city":"Garland"},{"name":"Harmony School of Innovation - Katy","city":"Katy"},{"name":"Harmony School of Innovation - Waco","city":"Beverly Hills"},{"name":"Harmony School of Innovation-sugar Land","city":"Sugar Land"},{"name":"Harmony Science Acad (el Paso)","city":"El Paso"},{"name":"Harmony Science Acad (san Antonio)","city":"San Antonio"},{"name":"Harmony Science Academy - Carrollton","city":"Carrollton"},{"name":"Harmony Science Academy - Euless","city":"Euless"},{"name":"Harmony Science Academy-houston","city":"Houston"},{"name":"Harmony Science Academy-pflugerville","city":"Pflugerville"},{"name":"Harold T Branch Academy for Career & Technical Ed","city":"Corpus Christi"},{"name":"Harper H S","city":"Harper"},{"name":"Haskell H S","city":"Haskell"},{"name":"Hastings H S","city":"Houston"},{"name":"Hawkins H S / Middle","city":"Hawkins"},{"name":"Hawley H S","city":"Hawley"},{"name":"Health Careers H S","city":"San Antonio"},{"name":"Hearne Jh/hs","city":"Hearne"},{"name":"Hebbronville H S","city":"Hebbronville"},{"name":"Hebron H S","city":"Carrollton"},{"name":"Hector J Garcia Early College H S","city":"Laredo"},{"name":"Heights H S","city":"Houston"},{"name":"Hemphill H S","city":"Hemphill"},{"name":"Hempstead H S","city":"Hempstead"},{"name":"Henderson H S","city":"Henderson"},{"name":"Hendrickson H S","city":"Pflugerville"},{"name":"Henrietta H S","city":"Henrietta"},{"name":"Henry Ford Academy Alameda School for Art + Design","city":"San Antonio"},{"name":"Hereford H S","city":"Hereford"},{"name":"Heritage H S","city":"Frisco"},{"name":"Hico H S","city":"Hico"},{"name":"Hidalgo Early College H S","city":"Hidalgo"},{"name":"High Point Academy","city":"White Settlement"},{"name":"Highland Park H S","city":"Dallas"},{"name":"Highland Park H S","city":"Amarillo"},{"name":"Highlands H S","city":"San Antonio"},{"name":"Hightower H S","city":"Missouri City"},{"name":"Hillcrest H S","city":"Dallas"},{"name":"Hillsboro H S","city":"Hillsboro"},{"name":"Hirschi H S","city":"Wichita Falls"},{"name":"Hitchcock H S","city":"Hitchcock"},{"name":"Holland H S","city":"Holland"},{"name":"Holliday H S","city":"Holliday"},{"name":"Holmes H S","city":"San Antonio"},{"name":"Hondo H S","city":"Hondo"},{"name":"Honey Grove H S","city":"Honey Grove"},{"name":"Hooks H S","city":"Hooks"},{"name":"Horizon H S","city":"El Paso"},{"name":"Horn H S","city":"Mesquite"},{"name":"Houston Academy for International Studies","city":"Houston"},{"name":"Houston H S","city":"San Antonio"},{"name":"Houston Math Science and Technology Center","city":"Houston"},{"name":"Howe H S","city":"Howe"},{"name":"Hubbard H S","city":"Hubbard"},{"name":"Hudson H S","city":"Lufkin"},{"name":"Hughes Springs H S","city":"Hughes Springs"},{"name":"Hull-daisetta H S","city":"Daisetta"},{"name":"Humble H S","city":"Humble"},{"name":"Huntington H S","city":"Huntington"},{"name":"Huntsville H S","city":"Huntsville"},{"name":"Hutto H S","city":"Hutto"},{"name":"Idalou H S","city":"Idalou"},{"name":"Idea Bluff Springs College Preparatory","city":"Austin"},{"name":"Idea Brownsville College Preparatory","city":"Brownsville"},{"name":"Idea Carver College Preparatory","city":"San Antonio"},{"name":"Idea College Prep","city":"Donna"},{"name":"Idea College Prep Weslaco","city":"Weslaco"},{"name":"Idea College Preparatory Alamo","city":"Alamo"},{"name":"Idea College Preparatory Mission","city":"Mission"},{"name":"Idea College Preparatory Pharr","city":"Pharr"},{"name":"Idea College Preparatory San Benito","city":"San Benito"},{"name":"Idea College Preparatory San Juan","city":"San Juan"},{"name":"Idea Eastside College Preparatory","city":"San Antonio"},{"name":"Idea Edinburg College Preparatory","city":"Edinburg"},{"name":"Idea Frontier College Preparatory","city":"Brownsville"},{"name":"Idea Judson College Preparatory","city":"San Antonio"},{"name":"Idea Mays College Preparatory","city":"San Antonio"},{"name":"Idea Mcallen College Preparatory","city":"Mcallen"},{"name":"Idea Monterrey Park College Preparatory","city":"San Antonio"},{"name":"Idea Montopolis College Preparatory","city":"Austin"},{"name":"Idea North Mission College Preparatory","city":"Mission"},{"name":"Idea Quest College Preparatory","city":"Edinburg"},{"name":"Idea Riverview College Preparatory","city":"Brownsville"},{"name":"Idea Rundberg College Preparatory","city":"Austin"},{"name":"Idea South Flores College Preparatory","city":"San Antonio"},{"name":"Idea Sports Park College Preparatory","city":"Brownsville"},{"name":"Idea Toros College Preparatory","city":"Edinburg"},{"name":"Idea Walzem College Preparatory","city":"San Antonio"},{"name":"Idea Weslaco Pike College Preparatory","city":"Weslaco"},{"name":"Iltexas Aggieland H S","city":"College Station"},{"name":"Iltexas Arlington-grand Prairie H S","city":"Grand Prairie"},{"name":"Iltexas Garland H S","city":"Garland"},{"name":"Iltexas Houston Windmill Lakes Orem H S","city":"Houston"},{"name":"Iltexas Katy Westpark H S","city":"Richmond"},{"name":"Iltexas Keller Saginaw H S","city":"Fort Worth"},{"name":"Iltexas Lancaster Desoto H S","city":"Desoto"},{"name":"Im Terrell Academy for Stem and Vpa","city":"Fort Worth"},{"name":"Impact Early College H S","city":"Baytown"},{"name":"Independence H S","city":"Frisco"},{"name":"Industrial H S","city":"Vanderbilt"},{"name":"Infinity Early College H S","city":"Porter"},{"name":"Ingleside H S","city":"Ingleside"},{"name":"Ingram Tom Moore H S","city":"Ingram"},{"name":"Innovation Design Entrepreneurship Academy","city":"Dallas"},{"name":"Inspired Vision Academy Secondary","city":"Dallas"},{"name":"International School of America","city":"San Antonio"},{"name":"Iola H S","city":"Iola"},{"name":"Iowa Park H S","city":"Iowa Park"},{"name":"Iraan H S","city":"Iraan"},{"name":"Irion H S","city":"Mertzon"},{"name":"Irma Rangel Young Women's Leadership School","city":"Dallas"},{"name":"Irvin H S","city":"El Paso"},{"name":"Irving H S","city":"Irving"},{"name":"Ischool High - Atascocita","city":"Houston"},{"name":"Ischool High at the Woodlands","city":"Conroe"},{"name":"Ischool High at University Park","city":"Houston"},{"name":"Ischool Lewisville (7-12 Campus)","city":"Lewisville"},{"name":"Italy H S","city":"Italy"},{"name":"Itasca H S","city":"Itasca"},{"name":"Iuniversity Prep","city":"Grapevine"},{"name":"J M Hanks H S","city":"El Paso"},{"name":"Jack C Hays H S","city":"Buda"},{"name":"Jack E Singley Academy","city":"Irving"},{"name":"Jacksboro H S","city":"Jacksboro"},{"name":"Jacksonville H S","city":"Jacksonville"},{"name":"James Bowie H S","city":"Simms"},{"name":"James Earl Rudder H S","city":"Bryan"},{"name":"James M Steele Early College H S","city":"Roanoke"},{"name":"James Madison H S","city":"Dallas"},{"name":"Jarrell H S","city":"Jarrell"},{"name":"Jasper H S","city":"Jasper"},{"name":"Jay H S","city":"San Antonio"},{"name":"Jefferson H S","city":"El Paso"},{"name":"Jefferson H S","city":"Jefferson"},{"name":"Jefferson H S","city":"San Antonio"},{"name":"Jersey Village H S","city":"Houston"},{"name":"Jim Ned H S","city":"Tuscola"},{"name":"Jimmy Carter Early College H S","city":"La Joya"},{"name":"Joaquin H S","city":"Joaquin"},{"name":"John a Dubiski Career H S","city":"Grand Prairie"},{"name":"John B Alexander H S","city":"Laredo"},{"name":"John B Connally H S","city":"Austin"},{"name":"John F Kennedy H S","city":"San Antonio"},{"name":"Johnson H S","city":"San Antonio"},{"name":"Jones Futures Academy","city":"Houston"},{"name":"Jordan H S","city":"Katy"},{"name":"Joshua H S","city":"Joshua"},{"name":"Jourdanton H S","city":"Jourdanton"},{"name":"Juarez-lincoln H S","city":"Mission"},{"name":"Judge Barefoot Sanders Law Magnet","city":"Dallas"},{"name":"Judson Early College Academy","city":"Live Oak"},{"name":"Judson H S","city":"Converse"},{"name":"Junction H S","city":"Junction"},{"name":"Justin F Kimball H S","city":"Dallas"},{"name":"Karen Wagner H S","city":"San Antonio"},{"name":"Karnes City H S","city":"Karnes City"},{"name":"Kashmere H S","city":"Houston"},{"name":"Kathlyn Joy Gilliam Collegiate Academy","city":"Dallas"},{"name":"Katy H S","city":"Katy"},{"name":"Kaufer H S","city":"Riviera"},{"name":"Kaufman H S","city":"Kaufman"},{"name":"Keene H S","city":"Keene"},{"name":"Keller H S","city":"Keller"},{"name":"Kemp H S","city":"Kemp"},{"name":"Kempner H S","city":"Sugar Land"},{"name":"Kenedy H S","city":"Kenedy"},{"name":"Kennedale H S","city":"Kennedale"},{"name":"Kermit H S","city":"Kermit"},{"name":"Kerr H S","city":"Houston"},{"name":"Ki Charter - Desoto","city":"Desoto"},{"name":"Ki Charter Academy Liberty Hill","city":"Liberty Hill"},{"name":"Kilgore H S","city":"Kilgore"},{"name":"Killeen H S","city":"Killeen"},{"name":"Killeen Isd Early College H S","city":"Fort Hood"},{"name":"Kinder H S for Performing and Visual Arts","city":"Houston"},{"name":"King H S","city":"Corpus Christi"},{"name":"Kingwood H S","city":"Kingwood"},{"name":"Kingwood Park H S","city":"Kingwood"},{"name":"Kipp Austin Brave","city":"Austin"},{"name":"Kipp Austin Collegiate","city":"Austin"},{"name":"Kipp Connect H S","city":"Houston"},{"name":"Kipp Generations Collegiate","city":"Houston"},{"name":"Kipp Houston H S","city":"Houston"},{"name":"Kipp Northeast College Preparatory","city":"Houston"},{"name":"Kipp Oak Cliff Academy","city":"Dallas"},{"name":"Kipp Somos H S","city":"San Antonio"},{"name":"Kipp Sunnyside H S","city":"Houston"},{"name":"Kipp University Prep H S","city":"San Antonio"},{"name":"Kirbyville H S","city":"Kirbyville"},{"name":"Klein Cain H S","city":"Klein"},{"name":"Klein Collins H S","city":"Spring"},{"name":"Klein Forest H S","city":"Houston"},{"name":"Klein H S","city":"Klein"},{"name":"Klein Oak H S","city":"Spring"},{"name":"Kountze H S","city":"Kountze"},{"name":"Kress H S","city":"Kress"},{"name":"Krum H S","city":"Krum"},{"name":"L G Pinkston H S","city":"Dallas"},{"name":"La Feria H S","city":"La Feria"},{"name":"La Grange H S","city":"La Grange"},{"name":"La Joya H S","city":"La Joya"},{"name":"La Joya Palmview H S","city":"Mission"},{"name":"La Marque H S","city":"La Marque"},{"name":"La Porte H S","city":"La Porte"},{"name":"La Pryor H S","city":"La Pryor"},{"name":"La Vega H S","city":"Waco"},{"name":"La Vernia H S","city":"La Vernia"},{"name":"La Villa Early College H S","city":"La Villa"},{"name":"Lago Vista H S","city":"Lago Vista"},{"name":"Lake Belton H S","city":"Temple"},{"name":"Lake Creek H S","city":"Montgomery"},{"name":"Lake Dallas H S","city":"Corinth"},{"name":"Lake Highlands H S","city":"Dallas"},{"name":"Lake Travis H S","city":"Austin"},{"name":"Lake View H S","city":"San Angelo"},{"name":"Lake Worth H S","city":"Lake Worth"},{"name":"Lakeview Centennial H S","city":"Garland"},{"name":"Lamar Cons H S","city":"Rosenberg"},{"name":"Lamar H S","city":"Arlington"},{"name":"Lamar H S","city":"Houston"},{"name":"Lampasas H S","city":"Lampasas"},{"name":"Lancaster H S","city":"Lancaster"},{"name":"Langham Creek H S","city":"Houston"},{"name":"Lanier H S","city":"San Antonio"},{"name":"Lapoynor H S","city":"Larue"},{"name":"Lasa H S","city":"Austin"},{"name":"Lasara H S","city":"Lasara"},{"name":"Latexo H S","city":"Latexo"},{"name":"Lawrence E Elkins H S","city":"Missouri City"},{"name":"Lbj Echs","city":"Austin"},{"name":"Leadership Prep School Secondary","city":"Frisco"},{"name":"Leander H S","city":"Leander"},{"name":"Lebanon Trail H S","city":"Frisco"},{"name":"Lee H S","city":"Baytown"},{"name":"Legacy Early College H S","city":"Taylor"},{"name":"Legacy H S","city":"Midland"},{"name":"Legacy of Educational Excellence H S","city":"San Antonio"},{"name":"Legacy School of Sport Sciences","city":"Spring"},{"name":"Legacy Traditional School - Basse","city":"San Antonio"},{"name":"Leggett H S","city":"Leggett"},{"name":"Lehman H S","city":"Kyle"},{"name":"Leon H S","city":"Jewett"},{"name":"Leonard H S","city":"Leonard"},{"name":"Levelland H S","city":"Levelland"},{"name":"Leveretts Chapel H S","city":"Overton"},{"name":"Lewisville H S","city":"Lewisville"},{"name":"Lexington H S","city":"Lexington"},{"name":"Liberty H S","city":"Frisco"},{"name":"Liberty H S","city":"Liberty"},{"name":"Liberty Hill H S","city":"Liberty Hill"},{"name":"Liberty-eylau H S","city":"Texarkana"},{"name":"Life H S Waxahachie","city":"Waxahachie"},{"name":"Lighthouse High","city":"San Antonio"},{"name":"Lincoln Humanities/communications Magnet High Sch","city":"Dallas"},{"name":"Lindale H S","city":"Lindale"},{"name":"Linden-kildare H S","city":"Linden"},{"name":"Lindsay H S","city":"Lindsay"},{"name":"Lipan H S","city":"Lipan"},{"name":"Lit Cypr-mrceville H S","city":"Orange"},{"name":"Little Elm H S","city":"Little Elm"},{"name":"Littlefield H S","city":"Littlefield"},{"name":"Livingston H S","city":"Livingston"},{"name":"Llano H S","city":"Llano"},{"name":"Lockhart H S","city":"Lockhart"},{"name":"Lockney H S","city":"Lockney"},{"name":"London H S","city":"Corpus Christi"},{"name":"Lone Oak H S","city":"Lone Oak"},{"name":"Lone Star H S","city":"Frisco"},{"name":"Lone Star H S Central","city":"Mart"},{"name":"Lone Star H S North","city":"Gainesville"},{"name":"Lone Star H S South","city":"Edinburg"},{"name":"Lone Star H S Southeast","city":"Giddings"},{"name":"Lone Star H S West","city":"Brownwood"},{"name":"Long Academy","city":"Houston"},{"name":"Longview H S","city":"Longview"},{"name":"Lopez Early College H S","city":"Brownsville"},{"name":"Lorena High","city":"Lorena"},{"name":"Los Fresnos H S","city":"Los Fresnos"},{"name":"Louise H S","city":"Louise"},{"name":"Lovejoy H S","city":"Lucas"},{"name":"Lovelady J H H S","city":"Lovelady"},{"name":"Lubbock H S","city":"Lubbock"},{"name":"Lubbock-cooper H S","city":"Lubbock"},{"name":"Lueders-avoca H S","city":"Avoca"},{"name":"Lufkin H S","city":"Lufkin"},{"name":"Luling H S","city":"Luling"},{"name":"Lumberton H S","city":"Lumberton"},{"name":"Lyford H S","city":"Lyford"},{"name":"Lyndon B Johnson","city":"Laredo"},{"name":"Lyndon B Johnson H S","city":"Johnson City"},{"name":"Lytle H S","city":"Lytle"},{"name":"Mabank H S","city":"Mabank"},{"name":"Macarthur H S","city":"Houston"},{"name":"Macarthur H S","city":"Irving"},{"name":"Macarthur H S","city":"San Antonio"},{"name":"Madison H S","city":"Houston"},{"name":"Madison H S","city":"San Antonio"},{"name":"Madisonville H S","city":"Madisonville"},{"name":"Magnolia H S","city":"Magnolia"},{"name":"Magnolia West H S","city":"Magnolia"},{"name":"Malakoff H S","city":"Malakoff"},{"name":"Manara Leadership Academy","city":"Irving"},{"name":"Manor H S","city":"Manor"},{"name":"Manor New Technology High","city":"Manor"},{"name":"Mansfield H S","city":"Mansfield"},{"name":"Mansfield Lake Ridge H S","city":"Mansfield"},{"name":"Mansfield Legacy H S","city":"Mansfield"},{"name":"Mansfield Summit H S","city":"Arlington"},{"name":"Mansfield Timberview H S","city":"Arlington"},{"name":"Manvel H S","city":"Manvel"},{"name":"Marble Falls H S","city":"Marble Falls"},{"name":"Marcus H S","city":"Flower Mound"},{"name":"Marine Creek Collegiate H S","city":"Fort Worth"},{"name":"Marion H S","city":"Marion"},{"name":"Marlin High","city":"Marlin"},{"name":"Marshall H S","city":"Marshall"},{"name":"Marshall H S","city":"San Antonio"},{"name":"Mart H S","city":"Mart"},{"name":"Martin H S","city":"Arlington"},{"name":"Martin H S","city":"Laredo"},{"name":"Martins Mill H S","city":"Martin's Mill"},{"name":"Marvin E Robinson School of Business and Mgmt","city":"Dallas"},{"name":"Mason H S","city":"Mason"},{"name":"Mathis H S","city":"Mathis"},{"name":"May H S","city":"May"},{"name":"Mayde Creek H S","city":"Houston"},{"name":"Maypearl H S","city":"Maypearl"},{"name":"Mcallen H S","city":"Mcallen"},{"name":"Mccallum H S","city":"Austin"},{"name":"Mccamey H S","city":"Mccamey"},{"name":"Mccollum H S","city":"San Antonio"},{"name":"Mcdade H S","city":"Mcdade"},{"name":"Mcgregor H S","city":"Mcgregor"},{"name":"Mckinney Boyd H S","city":"Mckinney"},{"name":"Mckinney H S","city":"Mckinney"},{"name":"Mckinney North H S","city":"Mckinney"},{"name":"Mcleod H S","city":"Mcleod"},{"name":"Mcneil H S","city":"Austin"},{"name":"Medina Valley H S","city":"Castroville"},{"name":"Melissa H S","city":"Melissa"},{"name":"Memorial Early College H S With St Philip's","city":"New Braunfels"},{"name":"Memorial H S","city":"San Antonio"},{"name":"Memorial H S","city":"Frisco"},{"name":"Memorial H S","city":"Mcallen"},{"name":"Memorial H S","city":"Port Arthur"},{"name":"Memorial H S","city":"Houston"},{"name":"Memphis H S","city":"Memphis"},{"name":"Menard H S","city":"Menard"},{"name":"Mercedes H S","city":"Mercedes"},{"name":"Meridian H S","city":"Meridian"},{"name":"Merkel H S","city":"Merkel"},{"name":"Mesquite H S","city":"Mesquite"},{"name":"Mexia H S","city":"Mexia"},{"name":"Mickey Leland College Prep Acad for Young Men","city":"Houston"},{"name":"Midland H S","city":"Midland"},{"name":"Midlothian H S","city":"Midlothian"},{"name":"Midlothian Heritage H S","city":"Midlothian"},{"name":"Midway H S","city":"Waco"},{"name":"Milano H S","city":"Milano"},{"name":"Milby H S","city":"Houston"},{"name":"Mildred H S","city":"Corsicana"},{"name":"Miles H S","city":"Miles"},{"name":"Millsap H S","city":"Millsap"},{"name":"Mineola H S","city":"Mineola"},{"name":"Mineral Wells H S","city":"Mineral Wells"},{"name":"Mission Collegiate H S","city":"Alton"},{"name":"Mission Early College H S","city":"El Paso"},{"name":"Mission H S","city":"Mission"},{"name":"Moe and Gene Johnson H S","city":"Buda"},{"name":"Moises E Molina H S","city":"Dallas"},{"name":"Monahans H S","city":"Monahans"},{"name":"Monte Alto H S","city":"Monte Alto"},{"name":"Monterey H S","city":"Lubbock"},{"name":"Montgomery H S","city":"Montgomery"},{"name":"Montwood H S","city":"El Paso"},{"name":"Moody H S","city":"Corpus Christi"},{"name":"Moody H S","city":"Moody"},{"name":"Morton Ranch H S","city":"Katy"},{"name":"Moulton H S","city":"Moulton"},{"name":"Mount Carmel Academy","city":"Houston"},{"name":"Mount Pleasant H S","city":"Mount Pleasant"},{"name":"Mountain View H S","city":"El Paso"},{"name":"Mt Enterprise H S","city":"Mt Enterprise"},{"name":"Mt Vernon H S","city":"Mount Vernon"},{"name":"Muenster H S","city":"Muenster"},{"name":"Muleshoe H S","city":"Muleshoe"},{"name":"Mumford H S","city":"Mumford"},{"name":"Munday Secondary","city":"Munday"},{"name":"N Garland H S","city":"Garland"},{"name":"Naaman Forest H S","city":"Garland"},{"name":"Nacogdoches H S","city":"Nacogdoches"},{"name":"Natalia H S","city":"Natalia"},{"name":"Navarro Early College H S","city":"Austin"},{"name":"Navarro H S","city":"Seguin"},{"name":"Navasota H S","city":"Navasota"},{"name":"Neches H S","city":"Palestine"},{"name":"Nederland H S","city":"Nederland"},{"name":"Needville H S","city":"Needville"},{"name":"New Boston H S","city":"New Boston"},{"name":"New Braunfels H S","city":"New Braunfels"},{"name":"New Caney H S","city":"New Caney"},{"name":"New Deal H S","city":"New Deal"},{"name":"New Diana H S","city":"Diana"},{"name":"New Tech H S at B F Darrell H S","city":"Dallas"},{"name":"New Tech H S at Coppell","city":"Coppell"},{"name":"New Waverly H S","city":"New Waverly"},{"name":"Newman International Academy of Arlington Gibbins","city":"Arlington"},{"name":"Newton H S","city":"Newton"},{"name":"Nimitz H S","city":"Houston"},{"name":"Nimitz H S","city":"Irving"},{"name":"Nixon H S","city":"Laredo"},{"name":"Nixon-smiley H S","city":"Nixon"},{"name":"Nocona H S","city":"Nocona"},{"name":"Normangee H S","city":"Normangee"},{"name":"North Crowley H S","city":"Fort Worth"},{"name":"North Dallas H S","city":"Dallas"},{"name":"North Forest H S","city":"Houston"},{"name":"North Forney H S","city":"Forney"},{"name":"North Hopkins H S","city":"Sulphur Springs"},{"name":"North Houston Early College H S","city":"Houston"},{"name":"North Lake Early College H S","city":"Irving"},{"name":"North Lamar H S","city":"Paris"},{"name":"North Mesquite H S","city":"Mesquite"},{"name":"North Shore Senior High","city":"Houston"},{"name":"North Side H S","city":"Fort Worth"},{"name":"Northbrook H S","city":"Houston"},{"name":"Northeast Early College H S","city":"Austin"},{"name":"Northside H S","city":"Houston"},{"name":"Northwest Early College H S (nwechs)","city":"El Paso"},{"name":"Northwest H S","city":"Justin"},{"name":"Nueces Canyon Jh/hs","city":"Barksdale"},{"name":"Nyos Charter School","city":"Austin"},{"name":"O D Wyatt H S","city":"Fort Worth"},{"name":"O'connor H S","city":"Helotes"},{"name":"Oak Ridge H S","city":"Conroe"},{"name":"Oakwood H S","city":"Oakwood"},{"name":"Odem H S","city":"Odem"},{"name":"Odessa Career and Technical Early College H S","city":"Odessa"},{"name":"Odessa Collegiate Academy Early College H S","city":"Odessa"},{"name":"Odessa H S","city":"Odessa"},{"name":"Olney H S","city":"Olney"},{"name":"Olton H S","city":"Olton"},{"name":"Onalaska Jr/sr High","city":"Onalaska"},{"name":"Orange Grove H S","city":"Orange Grove"},{"name":"Orangefield H S","city":"Orangefield"},{"name":"Ore City H S","city":"Ore City"},{"name":"Overton H S","city":"Overton"},{"name":"Ozona H S","city":"Ozona"},{"name":"Pace Early College H S","city":"Brownsville"},{"name":"Paetow H S","city":"Katy"},{"name":"Palacios H S","city":"Palacios"},{"name":"Palestine H S","city":"Palestine"},{"name":"Palmer H S","city":"Palmer"},{"name":"Palo Duro H S","city":"Amarillo"},{"name":"Pampa H S","city":"Pampa"},{"name":"Panhandle H S","city":"Panhandle"},{"name":"Panola Early College H S","city":"Carthage"},{"name":"Paradise H S","city":"Paradise"},{"name":"Paris H S","city":"Paris"},{"name":"Parkland H S","city":"El Paso"},{"name":"Pasadena H S","city":"Pasadena"},{"name":"Pasadena Memorial H S","city":"Pasadena"},{"name":"Paschal H S","city":"Fort Worth"},{"name":"Paul and Jane Meyer Public H S","city":"Waco"},{"name":"Pearce H S","city":"Richardson"},{"name":"Pearland H S","city":"Pearland"},{"name":"Pearsall H S","city":"Pearsall"},{"name":"Peaster H S","city":"Weatherford"},{"name":"Pebble Hills H S","city":"El Paso"},{"name":"Pecos H S","city":"Pecos"},{"name":"Permian H S","city":"Odessa"},{"name":"Perrin H S","city":"Perrin"},{"name":"Perryton H S","city":"Perryton"},{"name":"Petrolia Junior High/high School","city":"Petrolia"},{"name":"Pettus Secondary","city":"Pettus"},{"name":"Pewitt H S","city":"Omaha"},{"name":"Pflugerville H S","city":"Pflugerville"},{"name":"Pilot Point H S","city":"Pilot Point"},{"name":"Pine Tree H S","city":"Longview"},{"name":"Pineywoods Community Academy H S","city":"Lufkin"},{"name":"Pioneer Technology (ptaa) Fate","city":"Fate"},{"name":"Pioneer Technology (ptaa) Mesquite","city":"Mesquite"},{"name":"Pittsburg H S","city":"Pittsburg"},{"name":"Plains H S","city":"Plains"},{"name":"Plainview H S","city":"Plainview"},{"name":"Plano East Sr H S","city":"Plano"},{"name":"Plano Isd Academy H S","city":"Plano"},{"name":"Plano Sr H S","city":"Plano"},{"name":"Plano West Senior H S","city":"Plano"},{"name":"Pleasant Grove H S","city":"Texarkana"},{"name":"Pleasanton H S","city":"Pleasanton"},{"name":"Polytechnic H S","city":"Fort Worth"},{"name":"Ponder H S","city":"Ponder"},{"name":"Poolville H S","city":"Poolville"},{"name":"Port Aransas H S","city":"Port Aransas"},{"name":"Port Isabel H S","city":"Port Isabel"},{"name":"Port Neches-groves H S","city":"Port Neches"},{"name":"Porter Early College H S","city":"Brownsville"},{"name":"Porter H S","city":"Porter"},{"name":"Post H S","city":"Post"},{"name":"Poteet H S","city":"Mesquite"},{"name":"Poteet H S","city":"Poteet"},{"name":"Poth H S","city":"Poth"},{"name":"Pottsboro H S","city":"Pottsboro"},{"name":"Prairiland H S","city":"Pattonville"},{"name":"Premont Collegiate H S","city":"Premont"},{"name":"Preparatory for Early College H S","city":"Rio Grande City"},{"name":"Presidio H S","city":"Presidio"},{"name":"Princeton H S","city":"Princeton"},{"name":"Progreso H S","city":"Progreso"},{"name":"Prosper H S","city":"Prosper"},{"name":"Psja Early College H S","city":"San Juan"},{"name":"Psja Memorial Early College H S","city":"Alamo"},{"name":"Psja North Early College H S","city":"Pharr"},{"name":"Psja Southwest Early College H S","city":"Pharr"},{"name":"Psja Thomas Jefferson T-stem Early College H S","city":"Pharr"},{"name":"Quanah H S","city":"Quanah"},{"name":"Queen City H S","city":"Queen City"},{"name":"Quitman H S","city":"Quitman"},{"name":"Rains H S","city":"Emory"},{"name":"Ralls H S","city":"Ralls"},{"name":"Ranchview H S","city":"Irving"},{"name":"Randall H S","city":"Amarillo"},{"name":"Randolph H S","city":"Randolph a F B"},{"name":"Ranger H S","city":"Ranger"},{"name":"Ray Braswell H S","city":"Aubrey"},{"name":"Ray H S","city":"Corpus Christi"},{"name":"Rayburn H S","city":"Ivanhoe"},{"name":"Raymondville H S","city":"Raymondville"},{"name":"Reagan County H S","city":"Big Lake"},{"name":"Reagan H S","city":"San Antonio"},{"name":"Red Oak H S","city":"Red Oak"},{"name":"Redwater H S","city":"Redwater"},{"name":"Reedy H S","city":"Frisco"},{"name":"Refugio H S","city":"Refugio"},{"name":"Rice H S","city":"Rice"},{"name":"Rice H S","city":"Altair"},{"name":"Richardson H S","city":"Richardson"},{"name":"Richland Collegiate H S of Math Science Engineerin","city":"Dallas"},{"name":"Richland H S","city":"North Richland Hills"},{"name":"Rider H S","city":"Wichita Falls"},{"name":"Ridge Point H S","city":"Missouri City"},{"name":"Riesel School","city":"Riesel"},{"name":"Rio Grande City H S","city":"Rio Grande City"},{"name":"Rio Hondo H S","city":"Rio Hondo"},{"name":"Rio Vista H S","city":"Rio Vista"},{"name":"Rising Star H S","city":"Rising Star"},{"name":"River Road H S","city":"Amarillo"},{"name":"Rivera Early College H S","city":"Brownsville"},{"name":"Rivercrest H S","city":"Bogata"},{"name":"Riverside H S","city":"El Paso"},{"name":"Robert G Cole Middle/high School","city":"San Antonio"},{"name":"Robert M Shoemaker H S","city":"Killeen"},{"name":"Robert R Vela H S","city":"Edinburg"},{"name":"Robert Turner College and Career H S","city":"Pearland"},{"name":"Robinson H S","city":"Robinson"},{"name":"Robstown Early College H S","city":"Robstown"},{"name":"Rock Hill H S","city":"Frisco"},{"name":"Rockdale H S","city":"Rockdale"},{"name":"Rockport-fulton H S","city":"Rockport"},{"name":"Rockwall H S","city":"Rockwall"},{"name":"Rockwall-heath H S","city":"Heath"},{"name":"Rogers H S","city":"Rogers"},{"name":"Roma H S","city":"Roma"},{"name":"Roosevelt H S","city":"San Antonio"},{"name":"Roosevelt H S","city":"Lubbock"},{"name":"Roscoe Collegiate H S","city":"Roscoe"},{"name":"Rosebud-lott H S","city":"Lott"},{"name":"Rosie Sorrells Education and Social Services H S","city":"Dallas"},{"name":"Round Rock H S","city":"Round Rock"},{"name":"Round Top-carmine H S","city":"Carmine"},{"name":"Rouse H S","city":"Leander"},{"name":"Rowe H S","city":"Mc Allen"},{"name":"Rowlett H S","city":"Rowlett"},{"name":"Roy Miller H S and Metro School of Design","city":"Corpus Christi"},{"name":"Royal H S","city":"Brookshire"},{"name":"Royse City H S","city":"Royse City"},{"name":"Rrisd Early College H S","city":"Round Rock"},{"name":"Runge H S","city":"Runge"},{"name":"Rusk H S","city":"Rusk"},{"name":"Ryan H S","city":"Denton"},{"name":"S and S Cons H S","city":"Sadler"},{"name":"S Garland H S","city":"Garland"},{"name":"Sabinal Secondary","city":"Sabinal"},{"name":"Sabine H S","city":"Gladewater"},{"name":"Sachse H S","city":"Sachse"},{"name":"Saginaw H S","city":"Saginaw"},{"name":"Saint Jo H S","city":"Saint Jo"},{"name":"Salado H S","city":"Salado"},{"name":"Sam Houston H S","city":"Arlington"},{"name":"Sam Rayburn H S","city":"Pasadena"},{"name":"Samuel Clemens H S","city":"Schertz"},{"name":"San Angelo State School","city":"Water Valley"},{"name":"San Augustine H S","city":"San Augustine"},{"name":"San Benito H S","city":"San Benito"},{"name":"San Diego H S","city":"San Diego"},{"name":"San Elizario H S","city":"San Elizario"},{"name":"San Isidro H S","city":"San Isidro"},{"name":"San Marcos H S","city":"San Marcos"},{"name":"San Perlita H S","city":"San Perlita"},{"name":"San Saba H S","city":"San Saba"},{"name":"Sanford-fritch H S","city":"Fritch"},{"name":"Sanger H S","city":"Sanger"},{"name":"Santa Anna Secondary","city":"Santa Anna"},{"name":"Santa Fe H S","city":"Santa Fe"},{"name":"Santa Gertrudis Academy H S","city":"Kingsville"},{"name":"Santa Maria H S","city":"Santa Maria"},{"name":"Santa Rosa H S","city":"Santa Rosa"},{"name":"Santo H S","city":"Santo"},{"name":"Savoy H S","city":"Savoy"},{"name":"Scarborough H S","city":"Houston"},{"name":"School for the Talented and Gifted","city":"Dallas"},{"name":"School of Health Professions","city":"Dallas"},{"name":"School of Science and Engineering","city":"Dallas"},{"name":"Schulenburg Secondary","city":"Schulenburg"},{"name":"Scurry-rosser H S","city":"Scurry"},{"name":"Seagoville H S","city":"Dallas"},{"name":"Sealy H S","city":"Sealy"},{"name":"Seguin H S","city":"Arlington"},{"name":"Seguin H S","city":"Seguin"},{"name":"Seminole H S","city":"Seminole"},{"name":"Seven Lakes H S","city":"Katy"},{"name":"Seymour H S","city":"Seymour"},{"name":"Shadow Creek H S","city":"Pearland"},{"name":"Shallowater H S","city":"Shallowater"},{"name":"Shamrock H S","city":"Shamrock"},{"name":"Sharpstown H S","city":"Houston"},{"name":"Sharpstown International School","city":"Houston"},{"name":"Sharyland Advanced Academic Academy","city":"Mission"},{"name":"Sharyland H S","city":"Mission"},{"name":"Sharyland Pioneer H S","city":"Mission"},{"name":"Shepherd H S","city":"Shepherd"},{"name":"Sherman H S","city":"Sherman"},{"name":"Shiner H S","city":"Shiner"},{"name":"Shirleen Zacharias Early Clge Leadership Academy","city":"Somerset"},{"name":"Silsbee H S","city":"Silsbee"},{"name":"Silva Health Magnet","city":"El Paso"},{"name":"Sinton H S","city":"Sinton"},{"name":"Skidmore-tynan H S","city":"Skidmore"},{"name":"Skyline H S","city":"Dallas"},{"name":"Slaton H S","city":"Slaton"},{"name":"Slocum H S","city":"Elkhart"},{"name":"Smith H S","city":"Carrollton"},{"name":"Smithson Valley H S","city":"Spring Branch"},{"name":"Smithville H S","city":"Smithville"},{"name":"Snook Secondary","city":"Somerville"},{"name":"Snyder H S","city":"Snyder"},{"name":"Socorro H S","city":"El Paso"},{"name":"Somerset H S","city":"Somerset"},{"name":"Somerville H S","city":"Somerville"},{"name":"Sonora Secondary School","city":"Sonora"},{"name":"South Early College H S","city":"Houston"},{"name":"South Grand Prairie H S","city":"Grand Prairie"},{"name":"South Hills H S","city":"Fort Worth"},{"name":"South Houston H S","city":"So Houston"},{"name":"South Oak Cliff H S","city":"Dallas"},{"name":"South San Antonio H S","city":"San Antonio"},{"name":"South San Antonio H S - West Campus","city":"San Antonio"},{"name":"South Texas Isd Health Professions","city":"Mercedes"},{"name":"South Texas Isd Medical Professions","city":"Olmito"},{"name":"South Texas Isd Science Academy","city":"Mercedes"},{"name":"South Texas Isd World Scholars","city":"Edinburg"},{"name":"Southside H S","city":"San Antonio"},{"name":"Southwest H S","city":"Fort Worth"},{"name":"Southwest H S","city":"San Antonio"},{"name":"Southwest Legacy H S","city":"Von Ormy"},{"name":"Spearman H S","city":"Spearman"},{"name":"Splendora H S","city":"Splendora"},{"name":"Spring Early College Academy","city":"Houston"},{"name":"Spring H S","city":"Spring"},{"name":"Spring Hill H S","city":"Longview"},{"name":"Spring Woods H S","city":"Houston"},{"name":"Springlake-earth H S","city":"Earth"},{"name":"Springtown H S","city":"Springtown"},{"name":"Spurger H S","city":"Spurger"},{"name":"Sst Sa College Prep H S","city":"San Antonio"},{"name":"St Philip's College Early College H S With Saisd","city":"San Antonio"},{"name":"Stafford H S","city":"Stafford"},{"name":"Stamford H S","city":"Stamford"},{"name":"Stanton H S","city":"Stanton"},{"name":"Steam at the Fine Arts Academy","city":"San Antonio"},{"name":"Stephen F Austin H S","city":"Sugar Land"},{"name":"Stephenville H S","city":"Stephenville"},{"name":"Sterling H S","city":"Baytown"},{"name":"Sterling H S","city":"Houston"},{"name":"Stevens H S","city":"San Antonio"},{"name":"Stockdale H S","city":"Stockdale"},{"name":"Stony Point H S","city":"Round Rock"},{"name":"Stratford H S","city":"Houston"},{"name":"Stratford H S","city":"Stratford"},{"name":"Stuart Career Tech H S","city":"Baytown"},{"name":"Sudan H S","city":"Sudan"},{"name":"Sulphur Springs H S","city":"Sulphur Springs"},{"name":"Summer Creek H S","city":"Houston"},{"name":"Sundown H S","city":"Sundown"},{"name":"Sunnyvale H S","city":"Sunnyvale"},{"name":"Sunray H S","city":"Sunray"},{"name":"Sunset H S","city":"Dallas"},{"name":"Sweeny H S","city":"Sweeny"},{"name":"Sweetwater H S","city":"Sweetwater"},{"name":"Taft H S","city":"San Antonio"},{"name":"Taft H S","city":"Taft"},{"name":"Tahoka H S","city":"Tahoka"},{"name":"Talkington School for Young Women Leaders","city":"Lubbock"},{"name":"Tarkington H S","city":"Cleveland"},{"name":"Tarrant Co College South/fort Worth Collegiate H S","city":"Fort Worth"},{"name":"Tascosa H S","city":"Amarillo"},{"name":"Tatum H S","city":"Tatum"},{"name":"Taylor H S","city":"Houston"},{"name":"Taylor H S","city":"Katy"},{"name":"Taylor H S","city":"Taylor"},{"name":"Tccse Early College H S at Timberview","city":"Arlington"},{"name":"Teague H S","city":"Teague"},{"name":"Tekoa Academy of Accelerated Studies","city":"Port Arthur"},{"name":"Temple H S","city":"Temple"},{"name":"Terrell H S","city":"Terrell"},{"name":"Texas Academy of Biomedical","city":"Fort Worth"},{"name":"Texas City H S","city":"Texas City"},{"name":"Texas Early College H S","city":"Marshall"},{"name":"Texas H S","city":"Texarkana"},{"name":"Texas Online Preparatory H S","city":"Huntsville"},{"name":"The Colony H S","city":"The Colony"},{"name":"The East Austin College Prep at Mlk","city":"Austin"},{"name":"The Lagrone Academy","city":"Denton"},{"name":"The Woodlands H S","city":"The Woodlands"},{"name":"Thelma Rosa Salinas Stem Early College H S","city":"La Joya"},{"name":"Thomas Jefferson H S","city":"Dallas"},{"name":"Thorndale H S","city":"Thorndale"},{"name":"Thrall H S","city":"Thrall"},{"name":"Three Rivers Jr/sr H S","city":"Three Rivers"},{"name":"Thurgood Marshall H S","city":"Missouri City"},{"name":"Tidehaven H S","city":"El Maton"},{"name":"Timber Creek H S","city":"Fort Worth"},{"name":"Tivy H S","city":"Kerrville"},{"name":"Tolar H S","city":"Tolar"},{"name":"Tom Bean H S","city":"Tom Bean"},{"name":"Tomball H S","city":"Tomball"},{"name":"Tomball Memorial H S","city":"Tomball"},{"name":"Tomball Star Academy","city":"Tomball"},{"name":"Tompkins H S","city":"Katy"},{"name":"Tornillo H S","city":"Tornillo"},{"name":"Transmountain Early College H S","city":"El Paso"},{"name":"Travis B Bryan H S","city":"Bryan"},{"name":"Travis Early College H S","city":"Austin"},{"name":"Travis Early College H S","city":"San Antonio"},{"name":"Trenton H S","city":"Trenton"},{"name":"Trimble Technical H S","city":"Fort Worth"},{"name":"Trinidad Garza Early College at Mt View","city":"Dallas"},{"name":"Trinity H S","city":"Euless"},{"name":"Trinity H S","city":"Trinity"},{"name":"Troup H S","city":"Troup"},{"name":"Troy H S","city":"Troy"},{"name":"Tulia H S","city":"Tulia"},{"name":"Tuloso-midway H S","city":"Corpus Christi"},{"name":"Turner H S","city":"Carrollton"},{"name":"Tyler H S","city":"Tyler"},{"name":"Tyler Isd Early College H S","city":"Tyler"},{"name":"Tyler Legacy H S","city":"Tyler"},{"name":"Union Grove H S","city":"Gladewater"},{"name":"Union Hill H S","city":"Gilmer"},{"name":"United H S","city":"Laredo"},{"name":"United South H S","city":"Laredo"},{"name":"University H S","city":"Waco"},{"name":"University of Texas at Austin H S","city":"Austin"},{"name":"Uplift Atlas Preparatory - H S","city":"Dallas"},{"name":"Uplift Education-north Hills Prep H S","city":"Irving"},{"name":"Uplift Grand H S","city":"Grand Prairie"},{"name":"Uplift Hampton Preparatory H S","city":"Dallas"},{"name":"Uplift Heights Preparatory H S","city":"Dallas"},{"name":"Uplift Infinity H S","city":"Irving"},{"name":"Uplift Luna Preparatory H S","city":"Dallas"},{"name":"Uplift Mighty H S","city":"Fort Worth"},{"name":"Uplift Summit International H S","city":"Arlington"},{"name":"Uplift Williams Preparatory H S","city":"Dallas"},{"name":"Uvalde H S","city":"Uvalde"},{"name":"V R Eaton H S","city":"Fort Worth"},{"name":"Valle Verde Early College H S","city":"El Paso"},{"name":"Valley Mills H S","city":"Valley Mills"},{"name":"Valley View H S","city":"Hidalgo"},{"name":"Valley View H S","city":"Valley View"},{"name":"Van Alstyne H S","city":"Van Alstyne"},{"name":"Van H S","city":"Van"},{"name":"Van Vleck H S","city":"Van Vleck"},{"name":"Vandegrift H S","city":"Austin"},{"name":"Vega H S","city":"Vega"},{"name":"Venus H S","city":"Venus"},{"name":"Veribest H S","city":"Veribest"},{"name":"Vernon H S","city":"Vernon"},{"name":"Veterans Memorial Early College H S","city":"Brownsville"},{"name":"Veterans Memorial H S","city":"Corpus Christi"},{"name":"Veterans Memorial H S","city":"San Antonio"},{"name":"Veterans Memorial H S","city":"Mission"},{"name":"Victoria East H S","city":"Victoria"},{"name":"Victoria West H S","city":"Victoria"},{"name":"Victory Early College H S","city":"Houston"},{"name":"Vidor H S","city":"Vidor"},{"name":"Virginia Allred Stacey Jr/sr H S","city":"San Antonio"},{"name":"Vista Ridge H S","city":"Cedar Park"},{"name":"W H Adamson H S","city":"Dallas"},{"name":"W T White H S","city":"Dallas"},{"name":"W W Samuell H S","city":"Dallas"},{"name":"Waco H S","city":"Waco"},{"name":"Wakeland H S","city":"Frisco"},{"name":"Wall H S","city":"Wall"},{"name":"Waller H S","city":"Waller"},{"name":"Waltrip H S","city":"Houston"},{"name":"Warren H S","city":"San Antonio"},{"name":"Warren H S","city":"Warren"},{"name":"Washington B T H S","city":"Houston"},{"name":"Waskom H S","city":"Waskom"},{"name":"Waxahachie Global H S","city":"Waxahachie"},{"name":"Waxahachie H S","city":"Waxahachie"},{"name":"Wayside Sci-tech Middle and H S","city":"Austin"},{"name":"Weatherford H S","city":"Weatherford"},{"name":"Weimar H S","city":"Weimar"},{"name":"Weiss H S","city":"Pflugerville"},{"name":"Wellington H S","city":"Wellington"},{"name":"Weslaco 21st Century Cte Early College H S","city":"Weslaco"},{"name":"Weslaco East H S","city":"Weslaco"},{"name":"Weslaco H S","city":"Weslaco"},{"name":"West Brook Sr H S","city":"Beaumont"},{"name":"West H S","city":"West"},{"name":"West Hardin H S","city":"Saratoga"},{"name":"West Mesquite H S","city":"Mesquite"},{"name":"West Orange-stark H S","city":"Orange"},{"name":"West Oso H S","city":"Corpus Christi"},{"name":"West Rusk H S","city":"New London"},{"name":"West Sabine H S","city":"Pineland"},{"name":"West Texas Secondary School","city":"Stinnett"},{"name":"Westbury H S","city":"Houston"},{"name":"Westchester Academy for International Studies","city":"Houston"},{"name":"Western Hills H S","city":"Fort Worth"},{"name":"Westfield H S","city":"Houston"},{"name":"Westlake H S","city":"Austin"},{"name":"Westside H S","city":"Houston"},{"name":"Westwood H S","city":"Austin"},{"name":"Westwood H S","city":"Palestine"},{"name":"Wh Ford H S","city":"Quinlan"},{"name":"Wharton H S","city":"Wharton"},{"name":"Wheatley H S","city":"Houston"},{"name":"White Deer H S","city":"White Deer"},{"name":"White Oak H S","city":"White Oak"},{"name":"Whitehouse H S","city":"Whitehouse"},{"name":"Whitesboro H S","city":"Whitesboro"},{"name":"Whitewright H S","city":"Whitewright"},{"name":"Whitney H S","city":"Whitney"},{"name":"Wichita Falls H S","city":"Wichita Falls"},{"name":"William B Travis H S","city":"Richmond"},{"name":"Willis H S","city":"Willis"},{"name":"Willowridge H S","city":"Houston"},{"name":"Wills Point H S","city":"Wills Point"},{"name":"Wilmer-hutchins H S","city":"Dallas"},{"name":"Wimberley H S","city":"Wimberley"},{"name":"Windthorst H S","city":"Windthorst"},{"name":"Wink H S","city":"Wink"},{"name":"Winnsboro H S","city":"Winnsboro"},{"name":"Winona H S","city":"Winona"},{"name":"Winters H S","city":"Winters"},{"name":"Wisdom H S","city":"Dallas"},{"name":"Wisdom H S","city":"Houston"},{"name":"Woden H S","city":"Woden"},{"name":"Wolfe City H S","city":"Wolfe City"},{"name":"Woodrow Wilson H S","city":"Dallas"},{"name":"Woodsboro H S","city":"Woodsboro"},{"name":"Woodville H S","city":"Woodville"},{"name":"World Languages Institute","city":"Fort Worth"},{"name":"Wortham H S","city":"Wortham"},{"name":"Worthing H S","city":"Houston"},{"name":"Wylie East H S","city":"Wylie"},{"name":"Wylie H S","city":"Abilene"},{"name":"Wylie H S","city":"Wylie"},{"name":"Yantis School","city":"Yantis"},{"name":"Yates H S","city":"Houston"},{"name":"Yes Prep - 5th Ward","city":"Houston"},{"name":"Yes Prep - Brays Oaks","city":"Houston"},{"name":"Yes Prep - East End","city":"Houston"},{"name":"Yes Prep - Gulfton","city":"Houston"},{"name":"Yes Prep - North Central","city":"Houston"},{"name":"Yes Prep - Northside","city":"Houston"},{"name":"Yes Prep - Southeast","city":"Houston"},{"name":"Yes Prep - Southside","city":"Houston"},{"name":"Yes Prep - Southwest","city":"Houston"},{"name":"Yes Prep - West","city":"Houston"},{"name":"Yes Prep - White Oak","city":"Houston"},{"name":"Yes Prep North Forest","city":"Houston"},{"name":"Yoakum H S","city":"Yoakum"},{"name":"Yorktown H S","city":"Yorktown"},{"name":"Young Men's Leadership Academy","city":"Fort Worth"},{"name":"Young Women's College Prep Academy","city":"Houston"},{"name":"Young Women's Leadership Academy","city":"Fort Worth"},{"name":"Young Women's Leadership Academy","city":"San Antonio"},{"name":"Young Women's Leadership Academy","city":"El Paso"},{"name":"Young Women's Steam Research & Preparatory Academy","city":"El Paso"},{"name":"Ysleta H S","city":"El Paso"},{"name":"Ywla at Bill Arnold","city":"Grand Prairie"},{"name":"Zapata H S","city":"Zapata"},{"name":"Zavalla H S","city":"Zavalla"}]