[{"name":"Academy for Math Engineering & Science","city":"Salt Lake City"},{"name":"Alta High","city":"Sandy"},{"name":"Altamont High","city":"Altamont"},{"name":"American Academy of Innovation","city":"South Jordan"},{"name":"American Fork High","city":"American Fork"},{"name":"American Preparatory Academy - Draper #3","city":"Draper"},{"name":"Arizona State University Prep Digital Powered by Juab","city":"Nephi"},{"name":"Bear River High","city":"Garland"},{"name":"Beaver High","city":"Beaver"},{"name":"Beehive Science & Technology Academy","city":"Sandy"},{"name":"Ben Lomond High","city":"Ogden"},{"name":"Big Water High","city":"Big Water"},{"name":"Bingham High","city":"South Jordan"},{"name":"Bonneville High","city":"Ogden"},{"name":"Bountiful High","city":"Bountiful"},{"name":"Box Elder High","city":"Brigham City"},{"name":"Brighton High","city":"Salt Lake City"},{"name":"Bryce Valley High","city":"Tropic"},{"name":"Canyon View High","city":"Cedar City"},{"name":"Canyons Virtual High School","city":"Sandy"},{"name":"Carbon High","city":"Price"},{"name":"Catalyst Center","city":"Kaysville"},{"name":"Cedar City High","city":"Cedar City"},{"name":"Cedar Valley High","city":"Eagle Mountain"},{"name":"City Academy","city":"Salt Lake City"},{"name":"Clearfield High","city":"Clearfield"},{"name":"Copper Hills High","city":"West Jordan"},{"name":"Corner Canyon High","city":"Draper"},{"name":"Cottonwood High","city":"Salt Lake City"},{"name":"Crimson Cliffs High","city":"Washington"},{"name":"Cyprus High","city":"Magna"},{"name":"Davis Connect 7-12","city":"Layton"},{"name":"Davis High","city":"Kaysville"},{"name":"Delta High","city":"Delta"},{"name":"Desert Hills High","city":"Saint George"},{"name":"Dixie High","city":"St George"},{"name":"Duchesne High","city":"Duchesne"},{"name":"East High","city":"Salt Lake City"},{"name":"East Hollywood High","city":"West Valley City"},{"name":"East Shore Online","city":"Orem"},{"name":"Emery High","city":"Castle Dale"},{"name":"Enterprise High","city":"Enterprise"},{"name":"Escalante High","city":"Escalante"},{"name":"Eskdale High","city":"Eskdale"},{"name":"Farmington High","city":"Farmington"},{"name":"Fremont High","city":"Plain City"},{"name":"Grand County High","city":"Moab"},{"name":"Granger High","city":"West Valley City"},{"name":"Grantsville High","city":"Grantsville"},{"name":"Green Canyon High School","city":"North Logan"},{"name":"Green River High","city":"Green River"},{"name":"Gunnison Valley High","city":"Gunnison"},{"name":"Herriman High","city":"Herriman"},{"name":"Highland High","city":"Salt Lake City"},{"name":"Hillcrest High","city":"Midvale"},{"name":"Hunter High","city":"West Valley City"},{"name":"Innovations High School","city":"Salt Lake City"},{"name":"Intech Collegiate Academy","city":"North Logan"},{"name":"Itineris Early College High","city":"West Jordan"},{"name":"Jordan High","city":"Sandy"},{"name":"Juab High","city":"Nephi"},{"name":"Kanab High","city":"Kanab"},{"name":"Karl G. Maeser Preparatory Academy","city":"Lindon"},{"name":"Kearns High","city":"Kearns"},{"name":"Kings Peak High","city":"West Jordan"},{"name":"Lake Powell High School","city":"Lake Powell"},{"name":"Launch High","city":"Cedar City"},{"name":"Layton High","city":"Layton"},{"name":"Leadership Academy of Utah","city":"Clearfield"},{"name":"Lehi High","city":"Lehi"},{"name":"Logan High","city":"Logan"},{"name":"Lone Peak High","city":"Highland"},{"name":"Manila High","city":"Manila"},{"name":"Manti High","city":"Manti"},{"name":"Maple Mountain High","city":"Spanish Fork"},{"name":"Merit College Preparatory Academy","city":"Springville"},{"name":"Milford High","city":"Milford"},{"name":"Millard High","city":"Fillmore"},{"name":"Monticello High","city":"Monticello"},{"name":"Monument Valley High","city":"Monument Valley"},{"name":"Morgan High","city":"Morgan"},{"name":"Mountain Crest High","city":"Hyrum"},{"name":"Mountain Heights Academy","city":"West Jordan"},{"name":"Mountain Ridge High","city":"Herriman"},{"name":"Mountain View High","city":"Orem"},{"name":"Murray High","city":"Murray"},{"name":"Navajo Mountain High","city":"Navajo Mt"},{"name":"No. UT. Acad. for Math Engineering & Science","city":"Layton"},{"name":"No. UT. Acad. of Math Engineering & Science Ogden","city":"Ogden"},{"name":"North Sanpete High","city":"Mt Pleasant"},{"name":"North Sevier High","city":"Salina"},{"name":"North Summit High","city":"Coalville"},{"name":"Northridge High","city":"Layton"},{"name":"Ogden High","city":"Ogden"},{"name":"Ogden Online Secondary","city":"Ogden"},{"name":"Olympus High","city":"Salt Lake City"},{"name":"Orem High","city":"Orem"},{"name":"Panguitch High","city":"Panguitch"},{"name":"Paradigm High School","city":"South Jordan"},{"name":"Park City High","city":"Park City"},{"name":"Parowan High","city":"Parowan"},{"name":"Payson High","city":"Payson"},{"name":"Pine View High","city":"St George"},{"name":"Piute High","city":"Junction"},{"name":"Pleasant Grove High","city":"Pleasant Grove"},{"name":"Provo High","city":"Provo"},{"name":"Real Salt Lake Academy High School","city":"Herriman"},{"name":"Rich High","city":"Randolph"},{"name":"Richfield High","city":"Richfield"},{"name":"Ridgeline High School","city":"Millville"},{"name":"Riverton High","city":"Riverton"},{"name":"Rockwell Charter High School","city":"Eagle Mountain"},{"name":"Roots Charter High School","city":"West Valley City"},{"name":"Roy High","city":"Roy"},{"name":"Salem Hills High","city":"Salem"},{"name":"Salt Lake Center for Science Education","city":"Salt Lake City"},{"name":"Salt Lake School for the Performing Arts","city":"Salt Lake City"},{"name":"San Juan High","city":"Blanding"},{"name":"Silver Summit Academy","city":"Park City"},{"name":"Sky View High","city":"Smithfield"},{"name":"Skyline High","city":"Salt Lake City"},{"name":"Skyridge High School","city":"Lehi"},{"name":"Snow Canyon High","city":"St George"},{"name":"South Sevier High","city":"Monroe"},{"name":"South Summit High","city":"Kamas"},{"name":"Spanish Fork High","city":"Spanish Fork"},{"name":"Springville High","city":"Springville"},{"name":"St. George Academy","city":"Washington"},{"name":"Stansbury High","city":"Stansbury Park"},{"name":"Success DSU","city":"St George"},{"name":"Success SUU","city":"Cedar City"},{"name":"Summit Academy High School","city":"Bluffdale"},{"name":"Syracuse High","city":"Syracuse"},{"name":"Tabiona High","city":"Tabiona"},{"name":"Taylorsville High","city":"Taylorsville"},{"name":"Timpanogos High","city":"Orem"},{"name":"Timpview High","city":"Provo"},{"name":"Tintic High","city":"Eureka"},{"name":"Tooele Community Learning Center","city":"Tooele"},{"name":"Tooele High","city":"Tooele"},{"name":"Uintah High","city":"Vernal"},{"name":"Union High","city":"Roosevelt"},{"name":"Utah Arts Academy","city":"Saint George"},{"name":"Utah Career Path High School","city":"Kaysville"},{"name":"Utah County Academy of Science","city":"Orem"},{"name":"Utah International Charter School","city":"South Salt Lake"},{"name":"Utah Military Academy","city":"Riverdale"},{"name":"Utah Military Academy - Camp Williams","city":"Lehi"},{"name":"Utah Online 7-12","city":"Saint George"},{"name":"Valley High","city":"Orderville"},{"name":"Vanguard Academy","city":"West Valley City"},{"name":"Viewmont High","city":"Bountiful"},{"name":"Wasatch High","city":"Heber City"},{"name":"Water Canyon High","city":"Hildale"},{"name":"Wayne High","city":"Bicknell"},{"name":"Weber High","city":"Ogden"},{"name":"Weber Innovation High School","city":"Ogden"},{"name":"Weber Online 9-12","city":"Pleasant View"},{"name":"Wendover High","city":"Wendover"},{"name":"West Desert High School","city":"Trout Creek"},{"name":"West High","city":"Salt Lake City"},{"name":"West Jordan High","city":"West Jordan"},{"name":"Westlake High","city":"Saratoga Springs"},{"name":"Whitehorse High","city":"Montezuma Creek"},{"name":"Winter Sports School","city":"Park City"},{"name":"Woods Cross High","city":"Woods Cross"}]