[{"name":"Arlington Memorial","city":"Arlington"},{"name":"Bellows Falls Union High School","city":"Bellows Falls"},{"name":"Bellows Free Academy (St. Albans)","city":"Saint Albans"},{"name":"Bellows Free Academy Middle/High School (Fairfax)","city":"Fairfax"},{"name":"Brattleboro Union High School","city":"Brattleboro"},{"name":"Burlington High School","city":"Burlington"},{"name":"Champlain Valley Union High School","city":"Hinesburg"},{"name":"Colchester High School","city":"Colchester"},{"name":"Enosburg Falls Middle/High School","city":"Enosburg Falls"},{"name":"Essex High School","city":"Essex Junction"},{"name":"Fair Haven Union Middle and High School","city":"Fair Haven"},{"name":"Green Mountain Union High School","city":"Chester"},{"name":"Hartford High School","city":"White River Junction"},{"name":"Harwood Union Middle/High School","city":"Moretown"},{"name":"Hazen Union High School","city":"Hardwick"},{"name":"Lake Region Union High School","city":"Orleans"},{"name":"Lamoille Union High School","city":"Hyde Park"},{"name":"Leland & Gray Union Middle & High School","city":"Townshend"},{"name":"Middlebury Union High School","city":"Middlebury"},{"name":"Mill River Union High School","city":"North Clarendon"},{"name":"Milton Senior High School","city":"Milton"},{"name":"Missisquoi Valley Union High School","city":"Swanton"},{"name":"Montpelier High School","city":"Montpelier"},{"name":"Mt. Abraham Union High School","city":"Bristol"},{"name":"Mt. Anthony Senior Union High School","city":"Bennington"},{"name":"Mt. Mansfield Union High School","city":"Jericho"},{"name":"North Country Union High School","city":"Newport"},{"name":"Northfield Middle/High School","city":"Northfield"},{"name":"Otter Valley Union High School","city":"Brandon"},{"name":"Oxbow Union High School","city":"Bradford"},{"name":"Peoples Academy","city":"Morrisville"},{"name":"Poultney High School","city":"Poultney"},{"name":"Proctor Junior/Senior High School","city":"Proctor"},{"name":"Randolph Union High School","city":"Randolph"},{"name":"Richford Junior/Senior High School","city":"Richford"},{"name":"Rivendell Academy","city":"Orford"},{"name":"Rutland Senior High School","city":"Rutland"},{"name":"South Burlington High School","city":"South Burlington"},{"name":"Spaulding Union High School","city":"Barre"},{"name":"Springfield High School","city":"Springfield"},{"name":"Stowe High School","city":"Stowe"},{"name":"Twin Valley Middle High School","city":"Whitingham"},{"name":"U-32 Middle & High School","city":"Montpelier"},{"name":"Vergennes Union High School","city":"Vergennes"},{"name":"White River Valley High School","city":"South Royalton"},{"name":"Williamstown Middle/High School","city":"Williamstown"},{"name":"Winooski High School","city":"Winooski"},{"name":"Woodstock Union Middle/High School","city":"Woodstock"}]