[{"name":"A G West Black Hills High School","city":"Tumwater"},{"name":"A-3 Multiagency Adolescent Prog","city":"Spokane"},{"name":"Adna Middle/High School","city":"Chehalis"},{"name":"Almira Coulee Hartline High School","city":"Coulee City"},{"name":"Alternative Tamarack School","city":"Spokane"},{"name":"Anacortes High School","city":"Anacortes"},{"name":"Arlington High School","city":"Arlington"},{"name":"Asotin Jr Sr High","city":"Asotin"},{"name":"Auburn Mountainview High School","city":"Auburn"},{"name":"Auburn Riverside High School","city":"Auburn"},{"name":"Auburn Senior High School","city":"Auburn"},{"name":"Bainbridge High School","city":"Bainbridge Island"},{"name":"Ballard High School","city":"Seattle"},{"name":"Bates Technical High School","city":"Tacoma"},{"name":"Battle Ground High School","city":"Battle Ground"},{"name":"Bellevue High School","city":"Bellevue"},{"name":"Bellingham High School","city":"Bellingham"},{"name":"Benton County Jail","city":"Kennewick"},{"name":"Benton/Franklin Juvenile Justice Center","city":"Kennewick"},{"name":"Bethel High School","city":"Spanaway"},{"name":"Blaine High School","city":"Blaine"},{"name":"Bonney Lake High School","city":"Bonney Lake"},{"name":"Bothell High School","city":"Bothell"},{"name":"Bremerton High School","city":"Bremerton"},{"name":"Brewster High School","city":"Brewster"},{"name":"Bridgeport High School","city":"Bridgeport"},{"name":"Burlington Edison High School","city":"Burlington"},{"name":"Camas High School","city":"Camas"},{"name":"Capital High School","city":"Olympia"},{"name":"Cascade High School","city":"Leavenworth"},{"name":"Cascade High School","city":"Everett"},{"name":"Cascade Public Schools","city":"Des Moines"},{"name":"Cashmere High School","city":"Cashmere"},{"name":"Castle Rock High School","city":"Castle Rock"},{"name":"Cedar High School","city":"Shelton"},{"name":"Cedarcrest High School","city":"Duvall"},{"name":"Central Kitsap High School","city":"Silverdale"},{"name":"Central Valley High School","city":"Spokane Valley"},{"name":"Centralia High School","city":"Centralia"},{"name":"Charles Francis Adams High School","city":"Clarkston"},{"name":"Chelan High School","city":"Chelan"},{"name":"Cheney High School","city":"Cheney"},{"name":"Chiawana Senior High School","city":"Pasco"},{"name":"Chief Sealth International High School","city":"Seattle"},{"name":"Chimacum Junior/Senior High School","city":"Chimacum"},{"name":"Clallam Co Juvenile Detention","city":"Port Angeles"},{"name":"Cle Elum Roslyn High School","city":"Cle Eum"},{"name":"Cleveland High School STEM","city":"Seattle"},{"name":"Clover Park High School","city":"Lakewood"},{"name":"Colfax High School","city":"Colfax"},{"name":"College Place High School","city":"College Place"},{"name":"Columbia High School","city":"Burbank"},{"name":"Columbia High School","city":"White Salmon"},{"name":"Columbia River High","city":"Vancouver"},{"name":"Colville Senior High School","city":"Colville"},{"name":"Concrete High School","city":"Concrete"},{"name":"Connell High School","city":"Connell"},{"name":"Coupeville High School","city":"Coupeville"},{"name":"Cowlitz County Youth Services Center","city":"Longview"},{"name":"Cowlitz Prairie Academy","city":"Toledo"},{"name":"Creston Jr-Sr High School","city":"Creston"},{"name":"Curtis Senior High","city":"University Place"},{"name":"Cusick Jr Sr High School","city":"Cusick"},{"name":"Darrington High School","city":"Darrington"},{"name":"Davenport Senior High School","city":"Davenport"},{"name":"Davis High School","city":"Yakima"},{"name":"Daybreak Youth Services","city":"Brush Prairie"},{"name":"Dayton High School","city":"Dayton"},{"name":"Decatur High School","city":"Federal Way"},{"name":"Deer Park High School","city":"Deer Park"},{"name":"Digital Learning Center","city":"Moses Lake"},{"name":"Discovery High School","city":"Camas"},{"name":"Dr. Dolores Silas High School","city":"Tacoma"},{"name":"East Valley High School","city":"Spokane Valley"},{"name":"East Valley High School","city":"Yakima"},{"name":"Eastlake High School","city":"Sammamish"},{"name":"Eastmont Senior High","city":"East Wenatchee"},{"name":"Easton Secondary School","city":"Easton"},{"name":"Eatonville High School","city":"Eatonville"},{"name":"Echo Glen School","city":"Snoqualmie"},{"name":"Edmonds Woodway High School","city":"Edmonds"},{"name":"Eisenhower High School","city":"Yakima"},{"name":"Ellensburg High School","city":"Ellensburg"},{"name":"Elma High School","city":"Elma"},{"name":"Emerald Ridge High School","city":"Puyallup"},{"name":"Entiat Middle and High School","city":"Entiat"},{"name":"Enumclaw Sr High School","city":"Enumclaw"},{"name":"Ephrata High School","city":"Ephrata"},{"name":"Everett High School","city":"Everett"},{"name":"Evergreen High School","city":"Vancouver"},{"name":"Evergreen High School","city":"Seattle"},{"name":"Federal Way High School","city":"Federal Way"},{"name":"Federal Way Running Start Home School","city":"Federal Way"},{"name":"Ferndale High School","city":"Ferndale"},{"name":"Ferris High School","city":"Spokane"},{"name":"Fife High School","city":"Tacoma"},{"name":"Forks High School","city":"Forks"},{"name":"Fort Vancouver High School","city":"Vancouver"},{"name":"Foss High School","city":"Tacoma"},{"name":"Foster Senior High School","city":"Tukwila"},{"name":"Franklin High School","city":"Seattle"},{"name":"Franklin Pierce High School","city":"Tacoma"},{"name":"Freeman High School","city":"Rockford"},{"name":"Friday Harbor High School","city":"Friday Harbor"},{"name":"Garfield at Palouse High School","city":"Palouse"},{"name":"Garfield High School","city":"Seattle"},{"name":"Garrett Heyns High School","city":"Shelton"},{"name":"Gateway to College","city":"Federal Way"},{"name":"General William H. Harrison Preparatory School","city":"Lakewood"},{"name":"Gibson Ek High School","city":"Issaquah"},{"name":"Gig Harbor High","city":"Gig Harbor"},{"name":"Glacier Peak High School","city":"Snohomish"},{"name":"Glenwood Secondary","city":"Glenwood"},{"name":"Goldendale High School","city":"Goldendale"},{"name":"Gov John Rogers High School","city":"Puyallup"},{"name":"Graham Kapowsin High School","city":"Graham"},{"name":"Grandview High School","city":"Grandview"},{"name":"Granger High School","city":"Granger"},{"name":"Granite Falls High School","city":"Granite Falls"},{"name":"Grays Harbor Juvenile Detention","city":"Aberdeen"},{"name":"Green Hill Academic School","city":"Chehalis"},{"name":"Hanford High School","city":"Richland"},{"name":"Harbor Junior/Senior High School","city":"Aberdeen"},{"name":"Harrington High School","city":"Harrington"},{"name":"Hayes Freedom High School","city":"Camas"},{"name":"Hazen Senior High School","city":"Renton"},{"name":"Henrietta Lacks Health and Bioscience High School","city":"Vancouver"},{"name":"Henry M. Jackson High School","city":"Mill Creek"},{"name":"Heritage High School","city":"Vancouver"},{"name":"Heritage School","city":"Marysville"},{"name":"Highland High School","city":"Cowiche"},{"name":"Highline High School","city":"Burien"},{"name":"Hockinson High School","city":"Brush Prairie"},{"name":"Hoquiam High School","city":"Hoquiam"},{"name":"Hudson's Bay High School","city":"Vancouver"},{"name":"Ilwaco High School","city":"Ilwaco"},{"name":"Inchelium High School","city":"Inchelium"},{"name":"Industrial Design Engineering and Arts","city":"Tacoma"},{"name":"Inglemoor HS","city":"Kenmore"},{"name":"Ingraham High School","city":"Seattle"},{"name":"Innovation Lab High School","city":"Bothell"},{"name":"Interagency Detention School","city":"Seattle"},{"name":"Intergenerational High School","city":"Bellingham"},{"name":"Interlake Senior High School","city":"Bellevue"},{"name":"Island County Corrections Facility Ed Program","city":"Coupeville"},{"name":"Island Juvenile Detention Education Program","city":"Coupeville"},{"name":"Issaquah High School","city":"Issaquah"},{"name":"J M Weatherwax High School","city":"Aberdeen"},{"name":"Jenkins Junior/Senior High","city":"Chewelah"},{"name":"Juanita High School","city":"Kirkland"},{"name":"Juvenile Detention Center","city":"Yakima"},{"name":"Kalama High School","city":"Kalama"},{"name":"Kamiak High School","city":"Mukilteo"},{"name":"Kamiakin High School","city":"Kennewick"},{"name":"Kelso High School","city":"Kelso"},{"name":"Kennewick High School","city":"Kennewick"},{"name":"Kent-Meridian High School","city":"Kent"},{"name":"Kentlake High School","city":"Kent"},{"name":"Kentridge High School","city":"Kent"},{"name":"Kentwood High School","city":"Covington"},{"name":"Kettle Falls High School","city":"Kettle Falls"},{"name":"Kingston High School","city":"Kingston"},{"name":"Kiona-Benton City High School","city":"Benton City"},{"name":"Kitsap Co Detention Ctr","city":"Port Orchard"},{"name":"Kittitas High School","city":"Kittitas"},{"name":"Klahowya Secondary","city":"Silverdale"},{"name":"Kodiak Virtual Academy","city":"Leavenworth"},{"name":"La Center High School","city":"La Center"},{"name":"La Conner High School","city":"La Conner"},{"name":"Lacrosse High School","city":"LaCrosse"},{"name":"Lake Roosevelt Jr/Sr High School","city":"Coulee Dam"},{"name":"Lake Stevens Sr High School","city":"Lake Stevens"},{"name":"Lake Washington High School","city":"Kirkland"},{"name":"Lake Washington Technical Academy","city":"Kirkland"},{"name":"Lakes High School","city":"Lakewood"},{"name":"Lakeside High School","city":"Nine Mile Falls"},{"name":"Lakewood High School","city":"Arlington"},{"name":"Legacy High School","city":"Marysville"},{"name":"Lewis & Clark High School","city":"Spokane"},{"name":"Lewis and Clark High School","city":"Vancouver"},{"name":"Lewis County Jail","city":"Chehalis"},{"name":"Lewis County Juvenile Detention","city":"Chehalis"},{"name":"Liberty Bell Jr Sr High","city":"Winthrop"},{"name":"Liberty High School","city":"Spangle"},{"name":"Liberty Sr High School","city":"Renton"},{"name":"Lincoln High School","city":"Seattle"},{"name":"Lincoln High School","city":"Tacoma"},{"name":"Lind-Ritzville High School","city":"Ritzville"},{"name":"Lindbergh Senior High School","city":"Renton"},{"name":"Lopez Middle High School","city":"Lopez Island"},{"name":"Lumen High School","city":"Spokane"},{"name":"Lyle High School","city":"Lyle"},{"name":"Lynden High School","city":"Lynden"},{"name":"Lynnwood High School","city":"Bothell"},{"name":"Mabton Jr. Sr. High","city":"Mabton"},{"name":"Manson High School","city":"Manson"},{"name":"Mariner High School","city":"Everett"},{"name":"Maritime High School","city":"Des Moines"},{"name":"Mark Morris High School","city":"Longview"},{"name":"Martin Hall Detention Ctr","city":"Medical Lake"},{"name":"Mary Walker High School","city":"Springdale"},{"name":"Marysville Getchell High School","city":"Marysville"},{"name":"Marysville Pilchuck High School","city":"Marysville"},{"name":"Mason County Detention Center","city":"Shelton"},{"name":"Mead Senior High School","city":"Spokane"},{"name":"Meadowdale High School","city":"Lynnwood"},{"name":"Medical Lake High School","city":"Medical Lake"},{"name":"Mercer Island High School","city":"Mercer Island"},{"name":"Meridian High School","city":"Bellingham"},{"name":"Methow Valley Independent Learning Center","city":"Twisp"},{"name":"Middle College High School","city":"Seattle"},{"name":"Monroe High School","city":"Monroe"},{"name":"Montesano Jr-Sr High","city":"Montesano"},{"name":"Morgan Center School","city":"Bremerton"},{"name":"Morton Junior-Senior High","city":"Morton"},{"name":"Moses Lake High School","city":"Moses Lake"},{"name":"Mossyrock Jr./Sr. High School","city":"Mossyrock"},{"name":"Mount Baker Senior High","city":"Deming"},{"name":"Mount Rainier High School","city":"Des Moines"},{"name":"Mount Si High School","city":"Snoqualmie"},{"name":"Mount Tahoma High School","city":"Tacoma"},{"name":"Mount Vernon High School","city":"Mount Vernon"},{"name":"Mountain View High School","city":"Vancouver"},{"name":"Mountlake Terrace High School","city":"Mtlk Terrace"},{"name":"Mt Spokane High School","city":"Mead"},{"name":"Mukilteo Virtual Academy","city":"Everett"},{"name":"Naches Valley High School","city":"Naches"},{"name":"Napavine Jr Sr High School","city":"Napavine"},{"name":"Naselle-Grays River Valley Jr Sr High Schools","city":"Naselle"},{"name":"Nathan Hale High School","city":"Seattle"},{"name":"Neah Bay Junior/ Senior High School","city":"Neah Bay"},{"name":"Newport High School","city":"Newport"},{"name":"Newport Senior High School","city":"Bellevue"},{"name":"Nooksack Valley High School","city":"Everson"},{"name":"North Beach Senior High School","city":"Ocean Shores"},{"name":"North Central High School","city":"Spokane"},{"name":"North Creek High School","city":"Bothell"},{"name":"North Kitsap High School","city":"Poulsbo"},{"name":"North Mason Senior High School","city":"Belfair"},{"name":"North Thurston High School","city":"Lacey"},{"name":"Northport High School","city":"Northport"},{"name":"Oak Harbor High School","city":"Oak Harbor"},{"name":"Oakesdale High School","city":"Oakesdale"},{"name":"Oakridge Group Home","city":"Lakewood"},{"name":"Oakville High School","city":"Oakville"},{"name":"Ocosta Junior - Senior High","city":"Westport"},{"name":"Odessa High School","city":"Odessa"},{"name":"Okanogan Co Juvenile Detention","city":"Okanogan"},{"name":"Okanogan High School","city":"Okanogan"},{"name":"Olympia High School","city":"Olympia"},{"name":"Olympic High School","city":"Bremerton"},{"name":"Omak High School","city":"Omak"},{"name":"Onalaska High School","city":"Onalaska"},{"name":"Orcas Island High School","city":"Eastsound"},{"name":"Oroville Middle-High School","city":"Oroville"},{"name":"Orting High School","city":"Orting"},{"name":"Orting Secondary Online Academy","city":"Orting"},{"name":"Othello High School","city":"Othello"},{"name":"Pacific Crest Innovation Academy","city":"Cook"},{"name":"Paideia High School","city":"Valley"},{"name":"Palouse High School","city":"Palouse"},{"name":"Parke Creek Treatment Ctr","city":"Ellensburg"},{"name":"Pasco Senior High School","city":"Pasco"},{"name":"Pateros High School","city":"Pateros"},{"name":"Peninsula High School","city":"Gig Harbor"},{"name":"Pomeroy Jr Sr High School","city":"Pomeroy"},{"name":"Port Angeles High School","city":"Port Angeles"},{"name":"Port Townsend High School","city":"Port Townsend"},{"name":"Prairie High School","city":"Brush Prairie"},{"name":"Prescott High School","city":"Prescott"},{"name":"PRIDE Prep School","city":"Spokane"},{"name":"Prosser High School","city":"Prosser"},{"name":"Pullman High School","city":"Pullman"},{"name":"Puyallup High School","city":"Puyallup"},{"name":"Quincy High School","city":"Quincy"},{"name":"R A Long High School","city":"Longview"},{"name":"Rainier Beach High School","city":"Seattle"},{"name":"Rainier Senior High School","city":"Rainier"},{"name":"Rainier Valley Leadership Academy","city":"Seattle"},{"name":"Raymond Jr Sr High School","city":"Raymond"},{"name":"Reardan Middle-Senior High School","city":"Reardan"},{"name":"Redmond High School","city":"Redmond"},{"name":"Remann Hall Juvenile Detention Center","city":"Tacoma"},{"name":"Renton Senior High School","city":"Renton"},{"name":"Renton Technical High School","city":"Renton"},{"name":"Republic Senior High School","city":"Republic"},{"name":"Richland High School","city":"Richland"},{"name":"Ridgefield High School","city":"Ridgefield"},{"name":"Ridgeline High School","city":"Liberty Lake"},{"name":"Ridgeview Group Home","city":"Yakima"},{"name":"Ritzville High School","city":"Ritzville"},{"name":"River Ridge High School","city":"Lacey"},{"name":"River View High School","city":"Kennewick"},{"name":"Riverside High School","city":"Chattaroy"},{"name":"Rochester High School","city":"Rochester"},{"name":"Rogers High School","city":"Spokane"},{"name":"Roosevelt High School","city":"Seattle"},{"name":"Royal High School","city":"Royal City"},{"name":"Sammamish River Valley Online School","city":"Redmond"},{"name":"Sammamish Senior High","city":"Bellevue"},{"name":"Science and Math Institute","city":"Tacoma"},{"name":"Sedro Woolley Senior High School","city":"Sedro-Woolley"},{"name":"Sehome High School","city":"Bellingham"},{"name":"Selah Academy Auxiliary","city":"Yakima"},{"name":"Selah High School","city":"Selah"},{"name":"Selkirk High School","city":"Ione"},{"name":"Sequim Senior High","city":"Sequim"},{"name":"Shadle Park High School","city":"Spokane"},{"name":"Shelton High School","city":"Shelton"},{"name":"Shorecrest High School","city":"Shoreline"},{"name":"Shorewood High School","city":"Shoreline"},{"name":"Skagit County Detention Center","city":"Mount Vernon"},{"name":"Skykomish High School","city":"Skykomish"},{"name":"Skyline High School","city":"Sammamish"},{"name":"Skyview High School","city":"Vancouver"},{"name":"Sno Co Jail","city":"Everett"},{"name":"Snohomish Detention Center","city":"Everett"},{"name":"Snohomish High School","city":"Snohomish"},{"name":"Soap Lake Middle & High School","city":"Soap Lake"},{"name":"South Bend High School","city":"South Bend"},{"name":"South Kitsap High School","city":"Port Orchard"},{"name":"South Whidbey High School","city":"Langley"},{"name":"Southridge High School","city":"Kennewick"},{"name":"Southwest Youth and Family Services","city":"Seattle"},{"name":"Spanaway Lake High School","city":"Spanaway"},{"name":"Spokane County Jail","city":"Spokane"},{"name":"Spokane Juvenile Detention School","city":"Spokane"},{"name":"Sprague High School","city":"Sprague"},{"name":"Squalicum High School","city":"Bellingham"},{"name":"St John/Endicott High","city":"Saint John"},{"name":"Stadium High School","city":"Tacoma"},{"name":"Stanwood High School","city":"Stanwood"},{"name":"Steilacoom High","city":"Steilacoom"},{"name":"Stem Academy at SVT","city":"Spokane Valley"},{"name":"Stevenson High School","city":"Stevenson"},{"name":"Sultan Senior High School","city":"Sultan"},{"name":"Summit Public School: Atlas","city":"Seattle"},{"name":"Summit Public School: Olympus","city":"Tacoma"},{"name":"Summit Public School: Sierra","city":"Seattle"},{"name":"Sumner High School","city":"Sumner"},{"name":"Sunnyside High School","city":"Sunnyside"},{"name":"Tacoma Pierce County Education Center","city":"Tacoma"},{"name":"Tacoma School of the Arts","city":"Tacoma"},{"name":"Taholah High School","city":"Taholah"},{"name":"Tahoma Senior High School","city":"Maple Valley"},{"name":"Technology Access Foundation Academy at Saghalie","city":"Federal Way"},{"name":"Tekoa High School","city":"Tekoa"},{"name":"Tenino High School","city":"Tenino"},{"name":"The Center School","city":"Seattle"},{"name":"The Community School","city":"Spokane"},{"name":"The Healing Lodge","city":"Spokane"},{"name":"Thomas Jefferson High School","city":"Auburn"},{"name":"Thurs Co Juv Det/Tumwater West E","city":"Tumwater"},{"name":"Timberline High School","city":"Lacey"},{"name":"Todd Beamer High School","city":"Federal Way"},{"name":"Toledo High School","city":"Toledo"},{"name":"Tonasket Choice High School","city":"Tonasket"},{"name":"Tonasket High School","city":"Tonasket"},{"name":"Toppenish High School","city":"Toppenish"},{"name":"Touchstone","city":"Olympia"},{"name":"Toutle Lake High School","city":"Toutle"},{"name":"Transition Day Students","city":"Lakewood"},{"name":"Trout Lake School","city":"Trout Lake"},{"name":"Tumwater High School","city":"Tumwater"},{"name":"Twin Rivers Group Home","city":"Richland"},{"name":"Two Rivers School","city":"Snoqualmie"},{"name":"Tyee High School","city":"SeaTac"},{"name":"Union High School","city":"Camas"},{"name":"University High School","city":"Spokane Valley"},{"name":"Vancouver Contracted Programs","city":"Vancouver"},{"name":"Vancouver iTech Preparatory","city":"Vancouver"},{"name":"Vancouver School of Arts and Academics","city":"Vancouver"},{"name":"Vashon Island High School","city":"Vashon"},{"name":"W F West High School","city":"Chehalis"},{"name":"Wahkiakum High School","city":"Cathlamet"},{"name":"Wahluke High School","city":"Mattawa"},{"name":"Waitsburg High School","city":"Waitsburg"},{"name":"Walla Walla County Juvenile Detention","city":"Walla Walla"},{"name":"Walla Walla High School","city":"Walla Walla"},{"name":"Wapato High School","city":"Wapato"},{"name":"Warden High School","city":"Warden"},{"name":"Washington High School","city":"Tacoma"},{"name":"Washington State School for the Blind","city":"Vancouver"},{"name":"Washington Virtual Academy Omak High School","city":"Omak"},{"name":"Washington Youth Academy","city":"Bremerton"},{"name":"Washougal High School","city":"Washougal"},{"name":"Waterville High School","city":"Waterville"},{"name":"Wellpinit High School","city":"Wellpinit"},{"name":"Wenatchee High School","city":"Wenatchee"},{"name":"West Seattle High School","city":"Seattle"},{"name":"West Valley High School","city":"Spokane"},{"name":"West Valley High School","city":"Yakima"},{"name":"West Valley Innovation Center","city":"Yakima"},{"name":"West Valley Virtual Academy 9-12","city":"Yakima"},{"name":"Whatcom Co Detention Center","city":"Bellingham"},{"name":"White Pass Jr. Sr. High School","city":"Randle"},{"name":"White River High School","city":"Buckley"},{"name":"White Swan High School","city":"White Swan"},{"name":"Wilbur Secondary School","city":"Wilbur"},{"name":"Willapa Valley Middle-High","city":"Raymond"},{"name":"Wilson Creek High","city":"Wilson Creek"},{"name":"Winlock Senior High","city":"Winlock"},{"name":"Woodinville Community Center","city":"Bothell"},{"name":"Woodinville HS","city":"Woodinville"},{"name":"Woodland High School","city":"Woodland"},{"name":"Yakima Adult Jail","city":"Yakima"},{"name":"Yelm High School 12","city":"Yelm"},{"name":"Zillah High School","city":"Zillah"}]