[{"name":"Abbotsford Middle/Senior High","city":"Abbotsford"},{"name":"Adams-Friendship High","city":"Adams"},{"name":"Albany High","city":"Albany"},{"name":"Algoma High","city":"Algoma"},{"name":"Algoma Venture Academy","city":"Algoma"},{"name":"Alliance School of Milwaukee","city":"Milwaukee"},{"name":"Alma High","city":"Alma"},{"name":"Almond-Bancroft High","city":"Almond"},{"name":"Altoona High","city":"Altoona"},{"name":"Amery High","city":"Amery"},{"name":"Amherst High","city":"Amherst"},{"name":"Anthony Acres School","city":"Mondovi"},{"name":"Antigo High","city":"Antigo"},{"name":"Appleton eSchool","city":"Appleton"},{"name":"Arcadia High","city":"Arcadia"},{"name":"Argyle High","city":"Argyle"},{"name":"Arrowhead High","city":"Hartland"},{"name":"Ashland High","city":"Ashland"},{"name":"Ashwaubenon High","city":"Green Bay"},{"name":"Athens High","city":"Athens"},{"name":"Auburndale High","city":"Auburndale"},{"name":"Audubon Technology and Communication High","city":"Milwaukee"},{"name":"Augusta High","city":"Augusta"},{"name":"Badger High","city":"Lake Geneva"},{"name":"Baldwin-Woodville High","city":"Baldwin"},{"name":"Bangor Middle/High","city":"Bangor"},{"name":"Baraboo High","city":"Baraboo"},{"name":"Barneveld High","city":"Barneveld"},{"name":"Barron High","city":"Barron"},{"name":"Bay Port High","city":"Green Bay"},{"name":"Bay View High","city":"Milwaukee"},{"name":"Bayfield High","city":"Bayfield"},{"name":"Beaver Dam High","city":"Beaver Dam"},{"name":"Belleville High","city":"Belleville"},{"name":"Belmont High","city":"Belmont"},{"name":"Benton High","city":"Benton"},{"name":"Berlin High","city":"Berlin"},{"name":"Big Foot High","city":"Walworth"},{"name":"Birchwood Blue Hills Charter School","city":"Birchwood"},{"name":"Birchwood High","city":"Birchwood"},{"name":"Black Hawk High","city":"South Wayne"},{"name":"Black River Falls High","city":"Black River Falls"},{"name":"Blair-Taylor Middle/High","city":"Blair"},{"name":"Bloomer High","city":"Bloomer"},{"name":"Bonduel High","city":"Bonduel"},{"name":"Boscobel High","city":"Boscobel"},{"name":"Bowler High","city":"Bowler"},{"name":"Boyceville High","city":"Boyceville"},{"name":"Bradford High","city":"Kenosha"},{"name":"Bradley Technology High","city":"Milwaukee"},{"name":"Brillion High","city":"Brillion"},{"name":"Brodhead High","city":"Brodhead"},{"name":"Brookfield Central High","city":"Brookfield"},{"name":"Brookfield East High","city":"Brookfield"},{"name":"Brookwood High","city":"Ontario"},{"name":"Brown Deer Middle/High","city":"Brown Deer"},{"name":"Bruce High","city":"Bruce"},{"name":"Burlington High","city":"Burlington"},{"name":"Butternut High","city":"Butternut"},{"name":"Cadott High","city":"Cadott"},{"name":"Cambria Friesland Middle/High","city":"Cambria"},{"name":"Cambridge High","city":"Cambridge"},{"name":"Cameron High","city":"Cameron"},{"name":"Campbellsport High","city":"Campbellsport"},{"name":"Career and College Academy","city":"Elkhorn"},{"name":"Carmen Hi Southeast Campus","city":"Milwaukee"},{"name":"Carmen High School of Science and Technology South Campus","city":"Milwaukee"},{"name":"Carmen Mid/Hi Northwest Campus","city":"Milwaukee"},{"name":"Case High","city":"Racine"},{"name":"Cashton Middle/High","city":"Cashton"},{"name":"Cassville High","city":"Cassville"},{"name":"Cedar Grove-Belgium High","city":"Cedar Grove"},{"name":"Cedarburg High","city":"Cedarburg"},{"name":"Central High","city":"La Crosse"},{"name":"Central High","city":"Salem"},{"name":"Central High","city":"Sheboygan"},{"name":"Central High","city":"West Allis"},{"name":"Chequamegon High","city":"Park Falls"},{"name":"Chetek-Weyerhaeuser High","city":"Chetek"},{"name":"Chilton High","city":"Chilton"},{"name":"Chippewa Falls High","city":"Chippewa Falls"},{"name":"Clark Street Community School","city":"Middleton"},{"name":"Clayton High","city":"Clayton"},{"name":"Clear Lake High","city":"Clear Lake"},{"name":"Clinton Senior High","city":"Clinton"},{"name":"Clintonville High","city":"Clintonville"},{"name":"Cochrane-Fountain City High","city":"Fountain City"},{"name":"Colby High","city":"Colby"},{"name":"Coleman High","city":"Coleman"},{"name":"Colfax High","city":"Colfax"},{"name":"Columbus High","city":"Columbus"},{"name":"Cornell High","city":"Cornell"},{"name":"Craig High","city":"Janesville"},{"name":"Crandon High","city":"Crandon"},{"name":"Crivitz High","city":"Crivitz"},{"name":"Cuba City High","city":"Cuba City"},{"name":"Cudahy High","city":"Cudahy"},{"name":"Cumberland High","city":"Cumberland"},{"name":"D C Everest High","city":"Weston"},{"name":"D C Everest Idea School","city":"Weston"},{"name":"Darlington High","city":"Darlington"},{"name":"De Forest High","city":"De Forest"},{"name":"De Pere High","city":"De Pere"},{"name":"De Soto High","city":"De Soto"},{"name":"Deerfield High","city":"Deerfield"},{"name":"Delavan-Darien High","city":"Delavan"},{"name":"Denmark High","city":"Denmark"},{"name":"Dodgeland High","city":"Juneau"},{"name":"Dodgeville High","city":"Dodgeville"},{"name":"Dr Howard Fuller Collegiate Academy","city":"Milwaukee"},{"name":"Drummond High","city":"Drummond"},{"name":"Durand Middle/High","city":"Durand"},{"name":"eAchieve Academy - Wisconsin","city":"Waukesha"},{"name":"East High","city":"Appleton"},{"name":"East High","city":"Green Bay"},{"name":"East High","city":"Madison"},{"name":"East High","city":"Wausau"},{"name":"East High","city":"Wauwatosa"},{"name":"East High","city":"West Bend"},{"name":"East Troy High","city":"East Troy"},{"name":"Edgar High","city":"Edgar"},{"name":"Edgerton High","city":"Edgerton"},{"name":"Eisenhower Middle/High","city":"New Berlin"},{"name":"Elcho High","city":"Elcho"},{"name":"Eleva-Strum High","city":"Strum"},{"name":"Elk Mound High","city":"Elk Mound"},{"name":"Elkhart Lake High","city":"Elkhart Lake"},{"name":"Elkhorn Area High","city":"Elkhorn"},{"name":"Ellsworth High","city":"Ellsworth"},{"name":"Elmwood High","city":"Elmwood"},{"name":"Endeavor Charter School","city":"Watertown"},{"name":"Escuela Verde","city":"Milwaukee"},{"name":"Etude High","city":"Sheboygan"},{"name":"Evansville High","city":"Evansville"},{"name":"Fall Creek High","city":"Fall Creek"},{"name":"Fall River High","city":"Fall River"},{"name":"Fennimore High","city":"Fennimore"},{"name":"Flambeau High","city":"Tony"},{"name":"Florence High","city":"Florence"},{"name":"Fond du Lac High","city":"Fond du Lac"},{"name":"Fond du Lac STEM Academy","city":"Fond du Lac"},{"name":"Fort Atkinson High","city":"Fort Atkinson"},{"name":"Fox Cities Leadership Academy","city":"Appleton"},{"name":"Franklin High","city":"Franklin"},{"name":"Frederic 6-12 School","city":"Frederic"},{"name":"Freedom High","city":"Freedom"},{"name":"Galesville-Ettrick-Trempealeau High","city":"Galesville"},{"name":"George D Warriner High School for Personalized Learning","city":"Sheboygan"},{"name":"Germantown High","city":"Germantown"},{"name":"Gibraltar High","city":"Fish Creek"},{"name":"Gillett High","city":"Gillett"},{"name":"Gilman High","city":"Gilman"},{"name":"Gilmanton High","city":"Gilmanton"},{"name":"Glenwood City High","city":"Glenwood City"},{"name":"Goodman High","city":"Goodman"},{"name":"Grafton High","city":"Grafton"},{"name":"Granton High","city":"Granton"},{"name":"Grantsburg High","city":"Grantsburg"},{"name":"Green Lake High","city":"Green Lake"},{"name":"Green Tree Preparatory Academy","city":"Milwaukee"},{"name":"Greendale High","city":"Greendale"},{"name":"Greenfield High","city":"Greenfield"},{"name":"Greenwood High","city":"Greenwood"},{"name":"Gresham High","city":"Gresham"},{"name":"Hamilton High","city":"Sussex"},{"name":"Hamilton High","city":"Milwaukee"},{"name":"Harborside Academy","city":"Kenosha"},{"name":"Hartford High","city":"Hartford"},{"name":"Hayward High","city":"Hayward"},{"name":"High Marq Environmental Charter School","city":"Montello"},{"name":"High School of Health Sciences","city":"Wales"},{"name":"Highland Community High","city":"Highland"},{"name":"Hilbert High","city":"Hilbert"},{"name":"Hillsboro High","city":"Hillsboro"},{"name":"Holcombe High","city":"Holcombe"},{"name":"Holmen High","city":"Holmen"},{"name":"Homestead High","city":"Mequon"},{"name":"Horace Mann High","city":"North Fond du Lac"},{"name":"Horicon High School","city":"Horicon"},{"name":"Horlick High","city":"Racine"},{"name":"Hortonville High","city":"Hortonville"},{"name":"Howards Grove High","city":"Howards Grove"},{"name":"Hudson High","city":"Hudson"},{"name":"Hudson Virtual Charter School","city":"Hudson"},{"name":"Hurley High","city":"Hurley"},{"name":"Hustisford High","city":"Hustisford"},{"name":"iLEAD Charter Sch","city":"Mauston"},{"name":"Independence High","city":"Independence"},{"name":"Indian Trail High School and Academy","city":"Kenosha"},{"name":"Iola-Scandinavia High","city":"Iola"},{"name":"Iowa-Grant High","city":"Livingston"},{"name":"Ithaca High","city":"Richland Center"},{"name":"James Madison Academic Campus","city":"Milwaukee"},{"name":"Jefferson High","city":"Jefferson"},{"name":"John Dewey Academy of Learning","city":"Green Bay"},{"name":"John Edwards High","city":"Port Edwards"},{"name":"Juda High","city":"Juda"},{"name":"Kaukauna High","city":"Kaukauna"},{"name":"Kettle Moraine High","city":"Wales"},{"name":"Kewaskum High","city":"Kewaskum"},{"name":"Kewaunee High","city":"Kewaunee"},{"name":"Kickapoo High","city":"Viola"},{"name":"Kiel eSchool","city":"Kiel"},{"name":"Kiel High","city":"Kiel"},{"name":"Kimberly High","city":"Kimberly"},{"name":"King International","city":"Milwaukee"},{"name":"KM Global Sch","city":"Wales"},{"name":"Kohler High","city":"Kohler"},{"name":"Koshkonong Trails School","city":"Cambridge"},{"name":"La Crosse Polytechnic School","city":"La Crosse"},{"name":"La Farge High","city":"La Farge"},{"name":"Laconia High","city":"Rosendale"},{"name":"Ladysmith High","city":"Ladysmith"},{"name":"LaFollette High","city":"Madison"},{"name":"Lake Mills High","city":"Lake Mills"},{"name":"Lakeland High","city":"Minocqua"},{"name":"Lakeland STAR Acad (LSA)","city":"Minocqua"},{"name":"Lancaster High","city":"Lancaster"},{"name":"Laona High","city":"Laona"},{"name":"Laurel High","city":"Viroqua"},{"name":"Lena High","city":"Lena"},{"name":"Lincoln High","city":"Manitowoc"},{"name":"Lincoln High","city":"Wisconsin Rapids"},{"name":"Lincoln Jr/Sr High School","city":"Alma Center"},{"name":"Little Chute Career Pathways Academy","city":"Little Chute"},{"name":"Little Chute High","city":"Little Chute"},{"name":"Little Wolf High","city":"Manawa"},{"name":"Lodi High","city":"Lodi"},{"name":"Logan High","city":"La Crosse"},{"name":"Lomira High","city":"Lomira"},{"name":"Loyal High","city":"Loyal"},{"name":"Luck High","city":"Luck"},{"name":"Luxemburg-Casco High","city":"Luxemburg"},{"name":"Marathon High","city":"Marathon"},{"name":"Marinette High","city":"Marinette"},{"name":"Marion High","city":"Marion"},{"name":"Markesan High","city":"Markesan"},{"name":"Marshall High","city":"Marshall"},{"name":"Marshall High","city":"Milwaukee"},{"name":"Marshfield High","city":"Marshfield"},{"name":"Mauston High","city":"Mauston"},{"name":"Mayville Junior-Senior High","city":"Mayville"},{"name":"McFarland High","city":"McFarland"},{"name":"Medford High","city":"Medford"},{"name":"Melrose-Mindoro Junior/Senior High","city":"Melrose"},{"name":"Memorial High","city":"Beloit"},{"name":"Memorial High","city":"Eau Claire"},{"name":"Menasha High","city":"Menasha"},{"name":"Menominee Indian High","city":"Keshena"},{"name":"Menomonee Falls High","city":"Menomonee Falls"},{"name":"Menomonie High","city":"Menomonie"},{"name":"Merrill High","city":"Merrill"},{"name":"Middleton High","city":"Middleton"},{"name":"Milestone Democratic School","city":"Madison"},{"name":"Milton High","city":"Milton"},{"name":"Milwaukee Excellence Charter School","city":"Milwaukee"},{"name":"Milwaukee High School of the Arts","city":"Milwaukee"},{"name":"Milwaukee School of Languages","city":"Milwaukee"},{"name":"Mineral Point High","city":"Mineral Point"},{"name":"Mishicot High","city":"Mishicot"},{"name":"Mondovi High","city":"Mondovi"},{"name":"Monona Grove High","city":"Monona"},{"name":"Monona Grove Liberal Arts","city":"Monona"},{"name":"Monroe High","city":"Monroe"},{"name":"Montello Junior/Senior High","city":"Montello"},{"name":"Monticello High","city":"Monticello"},{"name":"Mosinee High","city":"Mosinee"},{"name":"Mount Horeb High","city":"Mount Horeb"},{"name":"Mukwonago High","city":"Mukwonago"},{"name":"Muskego High","city":"Muskego"},{"name":"N-Gage Academy","city":"Necedah"},{"name":"Nathan Hale High","city":"West Allis"},{"name":"Necedah High","city":"Necedah"},{"name":"Neenah High","city":"Neenah"},{"name":"Neillsville High","city":"Neillsville"},{"name":"Nekoosa High","city":"Nekoosa"},{"name":"New Auburn High","city":"New Auburn"},{"name":"New Berlin West Middle/High","city":"New Berlin"},{"name":"New Glarus High","city":"New Glarus"},{"name":"New Holstein High","city":"New Holstein"},{"name":"New Lisbon Junior High/High","city":"New Lisbon"},{"name":"New London High","city":"New London"},{"name":"New Richmond High","city":"New Richmond"},{"name":"New Visions Charter School","city":"Lake Geneva"},{"name":"Niagara High","city":"Niagara"},{"name":"Nicolet High","city":"Glendale"},{"name":"North Crawford High","city":"Soldiers Grove"},{"name":"North Division High","city":"Milwaukee"},{"name":"North High","city":"Appleton"},{"name":"North High","city":"Eau Claire"},{"name":"North High","city":"Oshkosh"},{"name":"North High","city":"Sheboygan"},{"name":"North High","city":"Waukesha"},{"name":"Northeast Wisconsin School of Innovation","city":"Green Bay"},{"name":"Northern Waters Environmental School","city":"Hayward"},{"name":"Northland Pines High","city":"Eagle River"},{"name":"Northwestern High","city":"Maple"},{"name":"Northwood High/Middle","city":"Minong"},{"name":"Oak Creek High","city":"Oak Creek"},{"name":"Oakfield High","city":"Oakfield"},{"name":"Oconomowoc High","city":"Oconomowoc"},{"name":"Oconto Falls High","city":"Oconto Falls"},{"name":"Oconto High","city":"Oconto"},{"name":"Omro High","city":"Omro"},{"name":"Onalaska High","city":"Onalaska"},{"name":"Oostburg High","city":"Oostburg"},{"name":"Oregon High","city":"Oregon"},{"name":"Osceola High","city":"Osceola"},{"name":"Osseo-Fairchild High","city":"Osseo"},{"name":"Owen-Withee High","city":"Owen"},{"name":"Ozaukee High","city":"Fredonia"},{"name":"Palmyra-Eagle High","city":"Palmyra"},{"name":"Pardeeville High","city":"Pardeeville"},{"name":"Park High","city":"Racine"},{"name":"Parker High","city":"Janesville"},{"name":"Parkview High","city":"Orfordville"},{"name":"Pathways High","city":"Milwaukee"},{"name":"Pecatonica High","city":"Blanchardville"},{"name":"Pembine High","city":"Pembine"},{"name":"Pepin High","city":"Pepin"},{"name":"Peshtigo High","city":"Peshtigo"},{"name":"Pewaukee High","city":"Pewaukee"},{"name":"Phantom Knight School of Opportunity","city":"De Pere"},{"name":"Phelps High","city":"Phelps"},{"name":"Phillips High","city":"Phillips"},{"name":"Pittsville High","city":"Pittsville"},{"name":"Platteville High","city":"Platteville"},{"name":"Plum City High","city":"Plum City"},{"name":"Plymouth High","city":"Plymouth"},{"name":"Point of Discovery School","city":"Stevens Point"},{"name":"Port Washington High","city":"Port Washington"},{"name":"Portage High","city":"Portage"},{"name":"Potosi High","city":"Potosi"},{"name":"Poynette High","city":"Poynette"},{"name":"Prairie du Chien High","city":"Prairie du Chien"},{"name":"Prairie Farm High","city":"Prairie Farm"},{"name":"Preble High","city":"Green Bay"},{"name":"Prentice High","city":"Prentice"},{"name":"Prescott High","city":"Prescott"},{"name":"Promethean Charter School","city":"Butternut"},{"name":"Pulaski High","city":"Milwaukee"},{"name":"Pulaski High","city":"Pulaski"},{"name":"Randolph High","city":"Randolph"},{"name":"Random Lake High","city":"Random Lake"},{"name":"Reagan College Preparatory High","city":"Milwaukee"},{"name":"Reedsburg Area High","city":"Reedsburg"},{"name":"Reedsville Jr/Sr High School","city":"Reedsville"},{"name":"Renaissance Charter Academy","city":"River Falls"},{"name":"Renaissance School","city":"Appleton"},{"name":"Rhinelander High","city":"Rhinelander"},{"name":"Rib Lake High","city":"Rib Lake"},{"name":"Rice Lake High","city":"Rice Lake"},{"name":"Richland Center High","city":"Richland Center"},{"name":"Rio Middle/High","city":"Rio"},{"name":"Ripon High","city":"Ripon"},{"name":"River Falls High","city":"River Falls"},{"name":"River Ridge High","city":"Patch Grove"},{"name":"River Valley High","city":"Spring Green"},{"name":"Riverdale High","city":"Muscoda"},{"name":"Riverside High","city":"Milwaukee"},{"name":"Rock University High","city":"Janesville"},{"name":"Rosholt High","city":"Rosholt"},{"name":"Royall High","city":"Elroy"},{"name":"Saint Croix Central High","city":"Hammond"},{"name":"Saint Croix Falls High","city":"Saint Croix Falls"},{"name":"Saint Francis High","city":"Saint Francis"},{"name":"Sauk Prairie High","city":"Prairie du Sac"},{"name":"School for Arts and Performance","city":"Wales"},{"name":"School of Options & Applied Research High","city":"Eagle River"},{"name":"Seneca High","city":"Seneca"},{"name":"Sevastopol High","city":"Sturgeon Bay"},{"name":"Seymour High","city":"Seymour"},{"name":"Shawano High","city":"Shawano"},{"name":"Sheboygan Falls High","city":"Sheboygan Falls"},{"name":"Shell Lake Junior/Senior High","city":"Shell Lake"},{"name":"Shiocton High","city":"Shiocton"},{"name":"Shorewood High","city":"Shorewood"},{"name":"Shullsburg High","city":"Shullsburg"},{"name":"Siren High","city":"Siren"},{"name":"Slinger High","city":"Slinger"},{"name":"Somerset High","city":"Somerset"},{"name":"South Division High","city":"Milwaukee"},{"name":"South High","city":"Sheboygan"},{"name":"South High","city":"Waukesha"},{"name":"South Milwaukee High","city":"South Milwaukee"},{"name":"South Shore Jr/Sr High","city":"Port Wing"},{"name":"Southern Door High","city":"Brussels"},{"name":"Southwest High","city":"Green Bay"},{"name":"Southwestern Wisconsin High","city":"Hazel Green"},{"name":"Sparta High","city":"Sparta"},{"name":"Sparta High Point School","city":"Sparta"},{"name":"Spencer Junior High/High","city":"Spencer"},{"name":"Spooner High","city":"Spooner"},{"name":"Spring Valley High","city":"Spring Valley"},{"name":"Stanley-Boyd High","city":"Stanley"},{"name":"Stevens Point Area Senior High","city":"Stevens Point"},{"name":"Stockbridge High","city":"Stockbridge"},{"name":"Stoughton High","city":"Stoughton"},{"name":"Stratford High","city":"Stratford"},{"name":"Sturgeon Bay High","city":"Sturgeon Bay"},{"name":"Sun Prairie East High","city":"Sun Prairie"},{"name":"Superior High","city":"Superior"},{"name":"Suring High","city":"Suring"},{"name":"TAGOS Leadership Acad","city":"Janesville"},{"name":"Tenor High","city":"Milwaukee"},{"name":"Tesla Engineering Charter School","city":"Appleton"},{"name":"The REAL Sch","city":"Sturtevant"},{"name":"Thorp High","city":"Thorp"},{"name":"Three Lakes High","city":"Three Lakes"},{"name":"Tigerton High","city":"Tigerton"},{"name":"Tomah High","city":"Tomah"},{"name":"Tomahawk High","city":"Tomahawk"},{"name":"Tremper High","city":"Kenosha"},{"name":"Tri-County High","city":"Plainfield"},{"name":"Turner High","city":"Beloit"},{"name":"Turtle Lake High","city":"Turtle Lake"},{"name":"Two Rivers High","city":"Two Rivers"},{"name":"Union Grove High","city":"Union Grove"},{"name":"Unity High","city":"Balsam Lake"},{"name":"Valders High","city":"Valders"},{"name":"Valley New School","city":"Appleton"},{"name":"Vel Phillips Memorial High","city":"Madison"},{"name":"Veritas High","city":"Milwaukee"},{"name":"Vernon County Area Better Futures High","city":"Viroqua"},{"name":"Verona Area High","city":"Verona"},{"name":"Viking Academy","city":"Denmark"},{"name":"Vincent High","city":"Milwaukee"},{"name":"Viroqua High","city":"Viroqua"},{"name":"Wabeno High","city":"Wabeno"},{"name":"Walden III High","city":"Racine"},{"name":"Washburn High","city":"Washburn"},{"name":"Washington Island High","city":"Washington Island"},{"name":"Waterford High","city":"Waterford"},{"name":"Waterloo High","city":"Waterloo"},{"name":"Watertown High","city":"Watertown"},{"name":"Waukesha Academy of Health Professions","city":"Waukesha"},{"name":"Waukesha Engineering Preparatory Academy","city":"Waukesha"},{"name":"Waunakee High","city":"Waunakee"},{"name":"Waupaca High","city":"Waupaca"},{"name":"Waupun Area Senior High","city":"Waupun"},{"name":"Wausaukee High","city":"Wausaukee"},{"name":"Wautoma High","city":"Wautoma"},{"name":"Wauzeka High","city":"Wauzeka"},{"name":"Webster High","city":"Webster"},{"name":"West De Pere High","city":"De Pere"},{"name":"West High","city":"Appleton"},{"name":"West High","city":"Green Bay"},{"name":"West High","city":"Madison"},{"name":"West High","city":"Oshkosh"},{"name":"West High","city":"Waukesha"},{"name":"West High","city":"Wausau"},{"name":"West High","city":"Wauwatosa"},{"name":"West High","city":"West Bend"},{"name":"West Salem High","city":"West Salem"},{"name":"Westby High","city":"Westby"},{"name":"Westfield Area High","city":"Westfield"},{"name":"Weston Sr High School","city":"Cazenovia"},{"name":"Weyauwega High","city":"Weyauwega"},{"name":"White Lake High","city":"White Lake"},{"name":"Whitefish Bay High","city":"Whitefish Bay"},{"name":"Whitehall Memorial Junior/Senior High","city":"Whitehall"},{"name":"Whitewater High","city":"Whitewater"},{"name":"Whitnall High","city":"Greenfield"},{"name":"WHS Information Technology","city":"Milwaukee"},{"name":"Wild Rose High","city":"Wild Rose"},{"name":"Wildlands Charter School","city":"Augusta"},{"name":"Williams Bay High","city":"Williams Bay"},{"name":"Wilmot High","city":"Wilmot"},{"name":"Winneconne High","city":"Winneconne"},{"name":"Winter High","city":"Winter"},{"name":"Wisconsin Dells High","city":"Wisconsin Dells"},{"name":"Wisconsin Heights High","city":"Mazomanie"},{"name":"Wisconsin Virtual Academy High (WIVA)","city":"McFarland"},{"name":"Wittenberg-Birnamwood High","city":"Wittenberg"},{"name":"WOLI/Akii'gikinoo'amaading Environmental School","city":"Hayward"},{"name":"Wonewoc-Center High","city":"Wonewoc"},{"name":"Wrightstown High","city":"Wrightstown"}]