[{"name":"Abundant Life Christian School","city":"Triadelphia","type":"private"},{"name":"Berkeley Springs High School","city":"Berkeley Springs","type":"public"},{"name":"Beth Haven Christian School","city":"Chauncey","type":"private"},{"name":"Bluefield High School","city":"Bluefield","type":"public"},{"name":"Braxton County High School","city":"Sutton","type":"public"},{"name":"Bridgeport High School","city":"Bridgeport","type":"public"},{"name":"Brooke High School","city":"Wellsburg","type":"public"},{"name":"Buckhannon Upshur High School","city":"Buckhannon","type":"public"},{"name":"Buffalo High School","city":"Buffalo","type":"public"},{"name":"Cabell Midland High School","city":"Ona","type":"public"},{"name":"Calhoun Middle/high School","city":"Mt. Zion","type":"public"},{"name":"Calvary Baptist Academy","city":"Hurricane","type":"private"},{"name":"Cameron High School","city":"Cameron","type":"public"},{"name":"Capital High School","city":"Charleston","type":"public"},{"name":"Chapmanville Regional High School","city":"Chapmanville","type":"public"},{"name":"Charleston Catholic High School","city":"Charleston","type":"private"},{"name":"Chestnut Mountain Ranch","city":"Morgantown","type":"private"},{"name":"Christian Faith Academy","city":"Van","type":"private"},{"name":"Clay Christian Academy","city":"Clay","type":"private"},{"name":"Clay County High School","city":"Clay","type":"public"},{"name":"Clay-battelle High School","city":"Blacksville","type":"public"},{"name":"Covenant School","city":"Huntington","type":"private"},{"name":"Cross Lanes Christian School","city":"Cross Lanes","type":"private"},{"name":"Danese Christian School","city":"Danese","type":"private"},{"name":"Doddridge County High School","city":"West Union","type":"public"},{"name":"East Fairmont High School","city":"Fairmont","type":"public"},{"name":"East Hardy High School","city":"Baker","type":"public"},{"name":"Elk Valley Christian School","city":"Elkview","type":"private"},{"name":"Elkins Christian Academy","city":"Elkins","type":"private"},{"name":"Elkins High School","city":"Elkins","type":"public"},{"name":"Emmanuel Christian School","city":"Clarksburg","type":"private"},{"name":"Fairmont Senior High School","city":"Fairmont","type":"public"},{"name":"Faith Christian Academy","city":"Martinsburg","type":"private"},{"name":"Frankfort High School","city":"Ridgeley","type":"public"},{"name":"George Washington High School","city":"Charleston","type":"public"},{"name":"Gilmer County High School","city":"Glenville","type":"public"},{"name":"Good Shepherd Christian Academy","city":"Elkins","type":"private"},{"name":"Grace Christian School","city":"Huntington","type":"private"},{"name":"Grafton High School","city":"Grafton","type":"public"},{"name":"Greater Beckley Christian School","city":"Prosperity","type":"private"},{"name":"Greenbrier Academy for Girls","city":"Alderson","type":"private"},{"name":"Greenbrier East High School","city":"Lewisburg","type":"public"},{"name":"Greenbrier West High School","city":"Charmco","type":"public"},{"name":"Hampshire Senior High School","city":"Romney","type":"public"},{"name":"Hannan Junior/senior High School","city":"Ashton","type":"public"},{"name":"Hedgesville High School","city":"Hedgesville","type":"public"},{"name":"Herbert Hoover High School","city":"Elkview","type":"public"},{"name":"Heritage Christian Academy","city":"Ravenswood","type":"private"},{"name":"Heritage Christian School","city":"Bridgeport","type":"private"},{"name":"Highland Adventist School","city":"Elkins","type":"private"},{"name":"Hundred High School","city":"Hundred","type":"public"},{"name":"Huntington High School","city":"Huntington","type":"public"},{"name":"Hurricane High School","city":"Hurricane","type":"public"},{"name":"Independence High School","city":"Coal City","type":"public"},{"name":"James Monroe High School","city":"Lindside","type":"public"},{"name":"Jefferson High School","city":"Shenandoah Junction","type":"public"},{"name":"John Marshall High School","city":"Glen Dale","type":"public"},{"name":"Keyser High School","city":"Keyser","type":"public"},{"name":"Lewis County High School","city":"Weston","type":"public"},{"name":"Lewisburg Baptist Academy","city":"Lewisburg","type":"private"},{"name":"Liberty High School","city":"Clarksburg","type":"public"},{"name":"Liberty High School","city":"Glen Daniel","type":"public"},{"name":"Lincoln County High School","city":"Hamlin","type":"public"},{"name":"Lincoln High School","city":"Shinnston","type":"public"},{"name":"Little Kanawha Valley Christian School","city":"Big Bend","type":"private"},{"name":"Logan Senior High School","city":"Logan","type":"public"},{"name":"Madonna High School","city":"Weirton","type":"private"},{"name":"Magnolia High School","city":"New Martinsville","type":"public"},{"name":"Man Senior High School","city":"Man","type":"public"},{"name":"Martinsburg High School","city":"Martinsburg","type":"public"},{"name":"Meadow Bridge High","city":"Meadow Bridge","type":"public"},{"name":"Midland Trail High","city":"Hico","type":"public"},{"name":"Mingo Central Comprehensive High School","city":"Delbarton","type":"public"},{"name":"Montcalm High School","city":"Rock","type":"public"},{"name":"Moorefield High School","city":"Moorefield","type":"public"},{"name":"Morgantown Christian Academy","city":"Morgantown","type":"private"},{"name":"Morgantown High School","city":"Morgantown","type":"public"},{"name":"Mount Hope Christian Academy","city":"Mt Hope","type":"private"},{"name":"Mount View High School","city":"Welch","type":"public"},{"name":"Mountain State Christian School","city":"Culloden","type":"private"},{"name":"Mountain View Christian School","city":"Oak Hill","type":"private"},{"name":"Mt Tabor Christian School","city":"Beckley","type":"private"},{"name":"Musselman High School","city":"Inwood","type":"public"},{"name":"New Beginnings Christian School","city":"Williamson","type":"private"},{"name":"New Life Christian Academy","city":"Summersville","type":"private"},{"name":"Nicholas County High School","city":"Summersville","type":"public"},{"name":"Nitro High School","city":"Nitro","type":"public"},{"name":"North Marion High School","city":"Farmington","type":"public"},{"name":"Oak Glen High School","city":"New Cumberland","type":"public"},{"name":"Oak Hill High","city":"Oak Hill","type":"public"},{"name":"Paden City High School","city":"Paden City","type":"public"},{"name":"Parkersburg Catholic High School","city":"Parkersburg","type":"private"},{"name":"Parkersburg Christian School","city":"Parkersburg","type":"private"},{"name":"Parkersburg High School","city":"Parkersburg","type":"public"},{"name":"Parkersburg South High School","city":"Parkersburg","type":"public"},{"name":"Paw Paw High School","city":"Paw Paw","type":"public"},{"name":"Pendleton County Middle/high School","city":"Franklin","type":"public"},{"name":"Petersburg High School","city":"Petersburg","type":"public"},{"name":"Philip Barbour High School Complex","city":"Philippi","type":"public"},{"name":"Pikeview High School","city":"Princeton","type":"public"},{"name":"Pipestem Christian Academy","city":"Pipestem","type":"private"},{"name":"Poca High School","city":"Poca","type":"public"},{"name":"Pocahontas County High School","city":"Dunmore","type":"public"},{"name":"Point Pleasant Junior/senior High School","city":"Point Pleasant","type":"public"},{"name":"Preston High School","city":"Kingwood","type":"public"},{"name":"Princeton Senior High School","city":"Princeton","type":"public"},{"name":"Ravenswood High School","city":"Ravenswood","type":"public"},{"name":"Richwood High School","city":"Craigsville","type":"public"},{"name":"Ripley Christian Academy","city":"Ripley","type":"private"},{"name":"Ripley High School","city":"Ripley","type":"public"},{"name":"Ritchie County High School","city":"Ellenboro","type":"public"},{"name":"River View High School","city":"Bradshaw","type":"public"},{"name":"Riverside High School","city":"Belle","type":"public"},{"name":"Roane County High","city":"Spencer","type":"public"},{"name":"Robert C Byrd High School","city":"Clarksburg","type":"public"},{"name":"Saint Albans High School","city":"St. Albans","type":"public"},{"name":"Scott High School","city":"Madison","type":"public"},{"name":"Seneca Trail Christian Academy","city":"Ronceverte","type":"private"},{"name":"Shady Spring High","city":"Shady Spring","type":"public"},{"name":"Sherman High School","city":"Seth","type":"public"},{"name":"Sissonville High School","city":"Charleston","type":"public"},{"name":"Slanesville Christian School","city":"Slanesville","type":"private"},{"name":"South Charleston High School","city":"South Charleston","type":"public"},{"name":"South Harrison High School","city":"Lost Creek","type":"public"},{"name":"Spring Mills High School","city":"Martinsburg","type":"public"},{"name":"Spring Valley High School","city":"Huntington","type":"public"},{"name":"St Joseph Catholic High School","city":"Huntington","type":"private"},{"name":"St. Marys High School","city":"St Marys","type":"public"},{"name":"Summers County High School","city":"Hinton","type":"public"},{"name":"Teays Valley Christian School","city":"Scott Depot","type":"private"},{"name":"The Linsly School","city":"Wheeling","type":"private"},{"name":"Tolsia High School","city":"Fort Gay","type":"public"},{"name":"Trinity Christian School","city":"Morgantown","type":"private"},{"name":"Tucker County High School","city":"Hambleton","type":"public"},{"name":"Tug Valley High School","city":"Williamson","type":"public"},{"name":"Tygart Valley Christian Academy","city":"Beverly","type":"private"},{"name":"Tygarts Valley Middle/high School","city":"Mill Creek","type":"public"},{"name":"Tyler Consolidated High School","city":"Sistersville","type":"public"},{"name":"University High School","city":"Morgantown","type":"public"},{"name":"Valley High School","city":"Pine Grove","type":"public"},{"name":"Van Junior Senior High School","city":"Van","type":"public"},{"name":"Victory Baptist Academy","city":"Beaver","type":"private"},{"name":"Wahama Junior/senior High School","city":"Mason","type":"public"},{"name":"Washington High School","city":"Charles Town","type":"public"},{"name":"Wayne High School","city":"Wayne","type":"public"},{"name":"Webster County High School","city":"Upperglade","type":"public"},{"name":"Weir High School","city":"Weirton","type":"public"},{"name":"Westside High School","city":"Clear Fork","type":"public"},{"name":"Wheeling Park High School","city":"Wheeling","type":"public"},{"name":"Williamstown High School","city":"Williamstown","type":"public"},{"name":"Winfield High School","city":"Winfield","type":"public"},{"name":"Wirt County High School","city":"Elizabeth","type":"public"},{"name":"Wood County Christian School","city":"Williamstown","type":"private"},{"name":"Woodrow Wilson High School","city":"Beckley","type":"public"},{"name":"Word of God Christian Academy","city":"Meadow Bridge","type":"private"},{"name":"Wyoming County East High School","city":"New Richmond","type":"public"}]