[{"name":"Arapahoe Charter High School","city":"Arapahoe"},{"name":"Big Horn High School","city":"Big Horn"},{"name":"Big Piney High School","city":"Big Piney"},{"name":"Buffalo High School","city":"Buffalo"},{"name":"Burlington High School","city":"Burlington"},{"name":"Burns Jr & Sr High School","city":"Burns"},{"name":"Campbell County High School","city":"Gillette"},{"name":"Central High School","city":"Cheyenne"},{"name":"Cody High School","city":"Cody"},{"name":"Cokeville High School","city":"Cokeville"},{"name":"Douglas High School","city":"Douglas"},{"name":"Dubois High School","city":"Dubois"},{"name":"East High School","city":"Cheyenne"},{"name":"Evanston High School","city":"Evanston"},{"name":"Farson-Eden High School","city":"Farson"},{"name":"Ft. Washakie High School","city":"Ft. Washakie"},{"name":"Glendo High School","city":"Glendo"},{"name":"Glenrock Jr/Sr High School","city":"Glenrock"},{"name":"Green River High School","city":"Green River"},{"name":"Greybull High School","city":"Greybull"},{"name":"Guernsey-Sunrise High School","city":"Guernsey"},{"name":"HEM Junior/Senior High School","city":"Hanna"},{"name":"Hot Springs County High School","city":"Thermopolis"},{"name":"Jackson Hole High School","city":"Jackson"},{"name":"Kelly Walsh High School","city":"Casper"},{"name":"Kemmerer Junior Senior High School","city":"Kemmerer"},{"name":"Lander Valley High School","city":"Lander"},{"name":"Laramie High School","city":"Laramie"},{"name":"Lingle-Ft. Laramie High School","city":"Lingle"},{"name":"Lovell High School","city":"Lovell"},{"name":"Lyman High School","city":"Lyman"},{"name":"Moorcroft Secondary School","city":"Moorcroft"},{"name":"Mountain View High School","city":"Mountain View"},{"name":"Natrona County High School","city":"Casper"},{"name":"Newcastle High School","city":"Newcastle"},{"name":"Niobrara County High School","city":"Lusk"},{"name":"Pine Bluffs Jr & Sr High School","city":"Pine Bluffs"},{"name":"Pinedale High School","city":"Pinedale"},{"name":"PODER Academy Secondary School","city":"Cheyenne"},{"name":"Powell High School","city":"Powell"},{"name":"Rawlins High School","city":"Rawlins"},{"name":"Riverside Middle/High School","city":"Basin"},{"name":"Riverton High School","city":"Riverton"},{"name":"Rock River High School","city":"Rock River"},{"name":"Rock Springs High School","city":"Rock Springs"},{"name":"Rocky Mountain High School","city":"Cowley"},{"name":"Saratoga Middle/High School","city":"Saratoga"},{"name":"Sheridan High School","city":"Sheridan"},{"name":"Shoshoni High School","city":"Shoshoni"},{"name":"South High School","city":"Cheyenne"},{"name":"Southeast High School","city":"Yoder"},{"name":"Star Valley High School","city":"Afton"},{"name":"Sundance Secondary School","city":"Sundance"},{"name":"Thunder Basin High School","city":"Gillette"},{"name":"Tongue River High School","city":"Dayton"},{"name":"Torrington High School","city":"Torrington"},{"name":"Upton High School","city":"Upton"},{"name":"Wheatland High School","city":"Wheatland"},{"name":"Wind River High School","city":"Pavillion"},{"name":"Worland High School","city":"Worland"},{"name":"Wright Jr. & Sr. High School","city":"Wright"},{"name":"Wyoming Indian High School","city":"Ethete"}]